Date,XLC,XLY,XLP,XLE,XLF,XLV,XLI,XLB,XLRE,XLK,XLU,SPY
2018-06-20,0.012410036482429332,0.00474168932511021,0.0009793010237784117,0.004415231666956787,-0.0025597041102489726,0.002121180980060089,0.0006833638690608712,-0.003248817477805699,0.0107938334697677,0.0020996568676541205,0.0007967311692915757,0.0017060925451206632
2018-06-21,-0.006129120752763506,-0.007123226841543873,0.001956778395286296,-0.018516141142411402,-0.0029324301024418187,-0.005761834966185764,-0.01255526905566895,-0.010634538130375293,0.005967124733736728,-0.00768379794232632,0.003384702741453305,-0.006268873817174225
2018-06-22,0.004376199918505241,-0.0017038759913046153,0.008201273785587215,0.019951105804764335,-0.004779509453745168,0.00449451244290433,0.003455551849299354,0.014563021904573814,0.00874175068622618,-0.003237890870390947,0.00694436487565353,0.0018230275101882576
2018-06-25,-0.020598057941509484,-0.021739152934719508,0.005035815239001984,-0.020093159691868978,-0.01071290255896562,-0.009184239599319355,-0.012670882330891087,-0.015550207345290779,-0.002475755230735288,-0.020762665362905608,0.01655165151522886,-0.013612603542315527
2018-06-26,0.001658341040032818,0.0071623377835461355,-0.004239801085984762,0.012629335395565322,-0.0033610025400854227,-0.0030898598732019833,0.0037661638366686123,0.003818965057045487,0.005274560845109244,0.004038448812516027,0.0011633769615504441,0.002214118259963538
2018-06-27,-0.00872183464064391,-0.012946707167911464,-0.0021283318282858676,0.013409985708318306,-0.01236409895337709,-0.00846344534200838,-0.00805964248089519,-0.0031125583134711254,-0.0027780082643256154,-0.013647421981701213,0.004840255186925102,-0.00828415620938916
2018-06-28,0.009979558341558503,0.007851593435755921,0.0,-0.0013232823668279936,0.008725392283505107,0.001322347386915279,0.0014006841371179135,0.003816003496862619,0.009904259342365274,0.012234470883518478,-0.0003854758944139558,0.005717199015894181
2018-06-29,-0.0012099887327233771,0.0017412793477904476,-0.0005824509812464296,0.006227474714312731,0.0,0.002041129451567647,0.002098453287006752,0.003455990847651247,0.0024515518268648506,-0.0004319240495097576,0.0015417435266629198,0.0014394178453458473
2018-07-02,0.006259223631417399,0.0013724710970146603,-0.005821755153679997,-0.014748468888140076,0.004889073397625454,0.003115405515732972,0.002233699442782955,-0.005338290250965549,-0.005808645665427714,0.008924724921483884,0.0071212825749300546,0.002138203399639771
2018-07-03,-0.012239387789777068,-0.005025120716135478,0.002342504751015051,0.006281938140135335,-0.00898183122889984,0.0023887979751218147,-0.003203904277971681,-0.0017311309328431612,0.005842583160779347,-0.011842154809985295,0.002866190751316333,-0.0035313451975036436
2018-07-05,0.015234915355064604,0.004958832200986807,0.013826745885928693,-0.0010624336068734141,0.0022658298771673913,0.010366778696098367,0.00489103967573179,0.008671286719025062,0.013145850103989831,0.014149871059932151,0.005335248861714659,0.008157907343318893
2018-07-06,0.0158059998608564,0.00785829989075948,0.003073149571785727,0.006115975646198146,0.004898032306287936,0.014388777166450817,0.003476630234840128,0.00498632304981772,0.004224551570589652,0.011673938808656414,0.007771223635650859,0.008458399836587027
2018-07-09,0.005712311701294048,0.011967242347979967,-0.003829735746693874,0.014933452231603361,0.022872248740470003,0.007324817510082626,0.01856979470270348,0.008896166092037694,-0.00931485141610422,0.007599792840213393,-0.03084445333776853,0.00900456285332174
2018-07-10,-0.00041118646926696645,0.002149956834971656,0.011918395682263494,0.007421858119944114,-0.003665720706598541,0.00380851538973781,0.0031296018542557036,0.008478964972080005,0.0048527686806221215,0.0023740607508757616,0.009509028329734104,0.003598159394492262
2018-07-11,-0.0013521396391481533,-0.0023241967116048867,-0.0032293065499022777,-0.021196841365693775,-0.0047829454502809066,-0.007933201755303432,-0.01641133625869129,-0.016814825469021244,-0.003018285974387025,-0.003901381149644445,0.009034965782317883,-0.007314620571514552
2018-07-12,0.015695487679808107,0.006630885640138251,-0.0013339800131937363,0.0017163968285485165,0.0018483217478144631,0.011126095991115914,0.011720763074112295,0.0023941840939414316,0.0024221660256216193,0.01580638316347338,0.0007620065208291393,0.00906629307408946
2018-07-13,-0.0015453025829140765,0.002225258159908705,0.0064883731403915235,0.005273180354481877,-0.004427820980981267,0.0018345128444474668,0.005179068924754837,-0.0005118687070534422,-0.0033223835993121398,-0.0011016333157464198,0.00019005379547221146,0.0007872818388170444
2018-07-16,-0.002901876823647842,0.0024867466948694794,-0.004740439335352065,-0.011539888361889239,0.01779087783315303,-0.006064313852335967,-0.004067609665014071,-0.008023051704476591,-0.0054545438011022185,-0.00234363754036504,-0.000951299306444775,-0.0008939178634832512
2018-07-17,0.00019391477353658537,0.0009749945825532347,0.008573144322675086,-0.003979639162173365,0.0010925641776369233,0.005525669067822481,0.003948220387338441,0.013078400041474536,-0.0067031006974596075,0.007461656433876529,-0.000762099755445611,0.004045231920481118
2018-07-18,-0.002909757975189331,-0.0006197407985827352,-0.008122567837029027,0.0006658513365405128,0.01600576337322046,0.0008012941671853291,0.010984802231122748,-0.00934245936918865,-0.0036812101329131153,-0.0016455392151887294,-0.00514777014246659,0.002103596699330579
2018-07-19,-0.007003798498993463,-0.0023029470083117953,0.0005713733486216732,0.0002662640307511399,-0.015037310147094751,-0.0056053687149345555,-0.00040327276485863095,0.0036007440400007695,0.009544204688877178,-0.0035723410931729482,0.00919915383991321,-0.003771339025252618
2018-07-20,-0.0033307036178065186,-0.0044384162260443505,0.00609086867474673,-0.0034596478942834352,0.0018173343014808996,-0.001955460301408918,-0.0010726306647210748,-0.0041003935409649195,-0.008843828634870654,0.00027626025461735537,-0.007026338966628409,-0.0011432431890120442
2018-07-23,0.004128033752088367,-0.0010698984154202673,-0.006242863187112424,-0.004406388671744366,0.013787990447770904,0.002074828728332534,-0.006179694036409056,-0.005489726960320684,-0.0027694604788425226,0.005099940173364681,-0.00707596415568601,0.0018594805532201608
2018-07-24,0.007047917505473844,-0.002945812650105961,0.0019035218801031206,0.012607177537654168,0.002863398447669807,0.00908649967387598,0.004190108530196968,0.012937607547560237,-0.002776920203514277,0.005485278215954015,0.0034668161224482574,0.0050321176226586495
2018-07-25,0.007192803555979843,0.007341015816876517,0.007600250493128069,0.00834410065382829,0.002141377495676,0.012766673187244448,0.015211154502456026,0.00783374695244432,0.009901039896258679,0.012548054505993722,0.002879032359572209,0.008522673376018197
2018-07-26,-0.03771472436352352,-0.005243402795072294,0.005280108102824643,0.010902789571468174,-0.0003560414076789753,-0.002814084460730948,0.007690064633434801,0.005745102005104252,0.0033699184877069577,-0.015355990863154978,0.010717843565753338,-0.002359242789803484
2018-07-27,-0.01897464837394014,-0.002590817006941304,0.0013130493919839559,-0.004288150269550983,0.0021372465444802202,-0.007223339778036797,0.0001313243573994871,-0.0036961131008198533,-0.00916007579319944,-0.017099739953569615,-0.003219066078844479,-0.006776532747270636
2018-07-30,-0.015743610917985595,-0.007972139897321817,-0.0011239444194157677,0.008221692625742572,0.0007108961544770587,0.0005682134024178609,-0.00986718486149396,-0.0018550637161239836,-0.0009248072374181682,-0.015587918144719826,-0.006079052787854811,-0.0052234191477560366
2018-07-31,0.006647821490235906,0.004695428058400175,0.00468878513517712,-0.001812462623686395,-0.0071045422294374605,0.01045360196664702,0.022056589706731744,0.009123429149650475,0.019432681020978837,0.00268573932170435,0.008983346854187113,0.004929371146273898
2018-08-01,-0.004127343484606527,-0.004943000032395117,-0.008400478423110647,-0.013874566728612203,0.0,0.0002247472380432214,-0.013520112225079317,-0.010212859281613529,0.006656377813002212,0.009024439756320168,-0.006440848385727449,-0.0016709825189756833
2018-08-02,0.006630947538659671,0.006864281667603445,0.01016572385933201,-0.005522623259907822,0.00035769741974989167,0.0037101020703369514,-0.001317962730361999,-0.006596890098188979,-0.004808711409965083,0.012576897949748034,0.004957053240993048,0.005447867451547683
2018-08-03,0.0067928279596578545,0.003408446977761548,0.011740805764729023,-0.005156643599835031,0.00572262068606344,0.005936225475264845,0.0009236649044950251,0.009535259529648954,0.012986806012361019,0.0035883842739263816,0.011193358799611808,0.004284964316477735
2018-08-06,0.010018408490372277,0.006704937080564299,0.0009206012759839233,0.0037214563586092098,0.005333813273909138,0.00178152947792376,0.0014504130764030343,-0.00033715564038927504,-0.0020871591766815634,0.005362991525584615,0.000750426355656808,0.0036675560271262064
2018-08-07,0.0012143082467586108,0.004617653064401317,-0.0060726602612248826,0.00741531693884534,0.00459876701943851,0.00011122049521516963,0.007108791546748483,0.0033741306464536436,-0.002091449802626988,0.003829536803960698,-0.0014996355275538331,0.003302131866456559
2018-08-08,-0.0008083624018829783,0.001060848534791603,-0.007591429502356695,-0.007229087541278267,0.002464833371292663,0.0015562333029843778,-0.004444050450831516,-0.00420353675429852,-0.006287349646753593,0.0027254122764435174,-0.00525738837835632,-0.00042044508520699964
2018-08-09,0.005463301888556149,0.0037084174652568525,-0.002984766204343181,-0.009267809686509199,-0.005971116279468669,-0.0011097709440147652,-0.0055150227314710865,0.005403591018562581,0.001807999154885609,0.0004076951026086295,0.004529846142818261,-0.0013660100287571364
2018-08-10,-0.008452541212001008,-0.00835763680085333,-0.0037424811209973985,0.0061471783423543425,-0.01166093106889976,-0.0043323710916278735,-0.008845856389198326,-0.014444420852046003,-0.009624106431825541,-0.008014214931597374,-0.004321461567130536,-0.0066999207179373466
2018-08-13,-0.0014206961863391099,-0.005056611724806204,0.0,-0.012750854473302042,-0.009653386299887878,0.0003346343312378153,-0.004795650995601863,-0.010054337611950404,-0.0003040034436003758,-0.0013692544397191364,0.0013213212880403002,-0.003743734296751011
2018-08-14,0.007113754852288157,0.009719124514895094,0.006949541076589849,0.002421877102008363,0.009386556649453981,0.004684386565057874,0.006960081214559599,0.008435234353825205,0.003949144349525424,0.00617020614553887,0.002072844710505839,0.006380872070436805
2018-08-15,-0.013925310899354226,-0.012186563152416174,0.004103860487092659,-0.034894797147776546,-0.00786859351967173,-0.0016652017215791348,-0.004785105342881013,-0.01587559720219822,0.008774556970415848,-0.008994065283894015,0.009215451422461829,-0.007467467327705757
2018-08-16,-0.00040943994609232703,0.0049168557637702115,0.01430410392096837,0.007231203767225303,0.013338360657941584,0.00978523831074729,0.012688327351231488,0.00607121863813509,0.007798488953690841,0.004400133687542107,0.010808867473905526,0.008091416028691789
2018-08-17,-0.004708714483110166,0.0008896662975341751,0.007692247726288404,0.0024851843772930593,0.002134205662029487,0.0030834409243465366,0.006067106174415526,0.0074137397971802965,0.00952385701695424,0.0015062890748958058,0.005162400050454652,0.0035204350256619055
2018-08-20,0.0016455031865076908,0.00711056508109098,-0.0005452213535946937,0.00674864322554436,0.003195318166649752,0.0032934764238634617,0.006685987149566808,0.007016832602960044,0.001179048357866197,-0.0015040235806079716,-0.003484873523318166,0.0021394935528320502
2018-08-21,0.006161516411437695,0.007942816370452466,-0.007092174183467748,0.0050612336887438936,0.003892059463498798,0.0,0.007423010936604912,0.003908732743770127,-0.00912811564925975,0.001642723000519819,-0.00717850834248368,0.002345715738611087
2018-08-22,-0.001224723243783865,0.0010506726726242643,-0.006227111303594657,0.011977747928251015,-0.003524959241778536,0.000984665519038641,-0.00969499231032811,-0.005078447075166581,-0.006241008335762355,0.00300741266534299,-0.007415497685202999,-0.0005938740867763581
2018-08-23,-0.004087782066109047,-0.0009620397748201226,-0.002395950600308172,-0.004707449733854174,-0.004598217387907555,-0.0003276758649849443,-0.0028717070915657006,-0.006806283481333164,-0.002392244664078391,0.0021803353227767275,-0.0007470623894442197,-0.0013276910978450296
2018-08-24,0.014570085556612211,0.0058654836028437796,-0.0012929838045456776,0.00729722808468658,0.003553611775052312,0.0048110588164853585,0.0043199092611379,0.013020222300374806,0.0068944583904380075,0.010062796888229641,0.004298843094834082,0.0060180718241640285
2018-08-27,0.009708943604663567,0.006441363173072645,0.0005547283571956108,0.007378803882243767,0.013455986275429987,0.003591493462539619,0.01264334540556189,0.013698461885586655,-0.0014884388017650796,0.009154508565582198,-0.006141721755138829,0.007895571627205333
2018-08-28,-0.0044072126317731275,0.001988708729329547,-0.0033277489055194565,-0.0042617010525224375,-0.0010481263248940387,0.0005416808267846296,-0.002059409735358786,-0.0038370021272468025,0.01222395862187553,0.0017342439750349659,-0.0020596474789709163,0.00048304311692115576
2018-08-29,0.005634032627841901,0.011220842909264839,0.0011131579586847185,0.006152473752334631,-0.00034984553535455376,0.006503097028861982,0.0007740831780200796,0.007536358498125173,-0.0014725822076328,0.009055430389437902,0.007318326157657484,0.005381053640762357
2018-08-30,-0.006202535103422169,-0.00571878730577291,-0.003150075492100668,-0.0027915879899496066,-0.007697431331406768,-0.0007537612715706743,-0.006959787122703065,-0.011801562945134125,-0.0053096599589744775,-0.0030356619473833613,0.00037242022640238126,-0.004048157859354307
2018-08-31,-0.009865199004303715,0.00394890193242281,-0.00037175270190992205,-0.007731536308983045,-0.0010580481633417627,-0.0002153746996653716,0.0006490313119991153,-0.003027817051137527,0.0038553026300947035,0.0007942331943542325,-0.004283106426874239,3.419531652393282e-05
2018-09-04,-0.01240347462012592,0.0018811154989575307,-0.0013017502442265183,-0.002149130705020541,0.004941847573400215,-0.007975860015695058,-0.0007781741319226043,-0.006917614529191596,-0.008862553184258548,-0.0038353303914451242,0.004488609108704189,-0.0017221739783964685
2018-09-05,-0.012971052665772254,-0.010753752304924813,0.011543646499325044,-0.0013461905935187035,0.0007024063009954951,0.004020040425635196,0.007139138698336156,0.00662587789416591,0.006259088812809566,-0.012481890406801255,0.01396392739410146,-0.0026919040926433047
2018-09-06,-0.007509029756056607,-0.0027607251541659217,0.002761076885271274,-0.018468837980113895,-0.004562786878514746,0.0,0.003093151342986822,0.002025434414029137,0.0032587132856771728,-0.007260992647798559,0.005692308549452907,-0.0030097113950624532
2018-09-07,0.0021014927091440594,-8.650482077487975e-05,-0.0020193360410596384,-0.00013718850859167908,-0.0010580481633417627,0.0015149318039320292,-0.0030836132604890043,-0.006569186147177608,-0.01269606189423389,-0.003386155472935304,-0.012233281290949027,-0.0019431543908829951
2018-09-10,0.002097258718572581,0.0037203139079386993,0.0034944085809376357,-0.0004119189811494506,-0.00105877705256463,-0.0025934621240266686,0.00515532713392397,0.0011869692424770761,0.0053829992083187506,0.0031257895347900355,0.004990949477186479,0.0017382814911013345
2018-09-11,0.01004599771850212,0.008016674217007358,-0.0036653107140711683,0.009481680323728758,0.0010598992495680637,-0.0008663561947263032,-0.0002567293088415745,0.002032066658710363,0.00029724355695215365,0.0085355224955308,-0.0025749377823131026,0.0032975301305504523
2018-09-12,-0.0029009433942106533,0.0018814172292187514,0.0115892688642516,0.0051729949429661914,-0.009177269193575865,0.004987361361681986,0.003077853562992061,0.0005071000830543237,0.0008922836833000769,-0.004164707982242777,-0.0009221042965115167,0.0002420122540838232
2018-09-13,0.00706589019107251,0.0017068417316796758,-0.0014550034298106418,0.0004065564957611567,-0.0014252264206596754,0.01240681067121785,0.006009651151347439,0.0038851909968375953,0.0062390802165546155,0.011736259689729023,0.007567637778049585,0.005914244909241084
2018-09-14,-0.0018573471267807617,-0.003748877847070786,-0.0027316544803319687,0.005279208513114364,0.007135115084813126,-0.003303408159007981,0.004957057813802734,-0.00033651223362651805,-0.008562489538332496,-0.0007994032759309766,-0.005312360961560847,0.0001723243533067187
2018-09-17,-0.009716751305743121,-0.012401991599536366,0.003652441567930431,0.0016159366686170351,-0.004250660905077308,-0.0036352247300398544,0.00037933799621781006,0.003534681067890011,0.005658153680592637,-0.012543622741404081,0.0033146827974379622,-0.0052942097262114185
2018-09-18,0.007098084159676388,0.012730779408870907,-0.004184794220798538,0.00658797460820737,0.00498036597122109,0.005794911077085407,0.009102422864404547,0.0010063947120062533,-0.005922168326730093,0.006351093083329484,-0.001835476519186252,0.005426147792450431
2018-09-19,0.002694880325920135,0.00042760122259033473,-0.0018270918209557507,0.003071766453052849,0.01699131234737905,-0.001387118129570486,-0.0008774605342057873,0.010891472807074365,-0.009532365927591324,-0.002551189399453091,-0.021699403860355626,0.0010655336993250497
2018-09-20,0.010957173127616349,0.006837991873281046,0.012630390660135271,0.00026637037011445486,0.008701431340373267,0.00972228633949479,0.0015050706782064882,0.010773978081242364,0.007518668621402602,0.011847154330797416,0.0020678509749045837,0.008104018336125618
2018-09-21,-0.00447012592926932,-0.004419056727122839,0.0016018304484226586,0.006607910021442898,-0.0038816097164250385,0.00134910825304968,0.006466443489912876,-0.0021583081299140217,2.2395518750606414e-07,-0.003951859189760043,0.0042586259207018085,-0.0009140150739107566
2018-09-24,0.0,-0.006500352923821895,-0.015266926027528216,0.014647392997360509,-0.011134573047312801,0.002015436584268393,-0.017124962847370973,-0.014035770966147942,-0.01960801878834295,0.004959065987109268,-0.008857930952527848,-0.003321903078647881
2018-09-25,0.00041195873329202826,0.004218718114062714,-0.005906590322899641,0.006430174549009182,-0.0038704733929156854,-0.0030701120843648066,-0.0030521289054203926,-0.00519164793069371,-0.0009233313637222462,-0.0012003984570989612,-0.013691088903999948,-0.000927686659799809
2018-09-26,0.003911996385199901,0.0023144020548890865,0.0011138752850299305,-0.009649086456643419,-0.012009920994716095,0.0022297343434232175,-0.0006377469152879511,-0.009932487687391411,-0.011087015273664957,-0.0037386844588175316,-0.009831942006082728,-0.0029921717780869717
2018-09-27,0.008613451687830675,0.003420883798726404,-0.00129788656652563,0.0,-0.0035750638977093407,0.005086080619727706,0.0014042043301669693,-0.008672269585914272,0.0031141514898633815,0.005897546682962274,0.01031949895552775,0.002794241065140257
2018-09-28,-0.0036598827582843274,-0.0008522703430062784,0.001485587878998329,-0.002764971551588724,-0.010405422625042293,0.003057074514801972,-0.0006377013646831076,-0.006346410625510002,0.012418779763594623,0.0037306034388633336,0.01464627175358002,0.00010293098335911743
2018-10-01,-0.004081837907522701,-0.0030712383664842635,-0.0007415614727989128,0.01386325995837967,0.003988194629795272,0.004939522396845142,0.00880129139751018,0.010011771849782525,-0.007666348190414896,0.00477874053846139,-0.0034191475023824802,0.003474625402829501
2018-10-02,-0.0008194437712453206,-0.013520295785389602,0.005752063551818898,0.0010417669407543073,0.0,-0.0011504924492212742,0.0022754808113110148,0.004272923545072249,-0.0030903218247841924,0.00013229490851895953,0.013531701536245944,-0.0005830388048374546
2018-10-03,0.004512028983893357,-0.0033833561369710496,-0.010700898775682255,0.008065536059532974,0.009389812620352433,-0.0018843611978136554,0.004163520443338342,-0.007147479824081926,-0.011469482194475633,0.003038267031717723,-0.01203458674800939,0.0005487786937818928
2018-10-04,-0.014291802101777051,-0.015666908820404668,-0.0024241837177251258,-0.004129632969006702,0.006797939420323695,-0.009755739548012787,-0.0032662429955756522,-0.00462815385952009,-0.004703569651778983,-0.018042398908984403,0.005328938355468882,-0.007815836643744634
2018-10-05,-0.009527868487058888,-0.00751613211699198,-0.0009350155418897943,-0.00012959704293358243,-0.0049752283074721015,-0.0011651765070732623,-0.005167933794116841,-0.007404978281419616,0.00031522471436606914,-0.012607588225752031,0.015335411859352055,-0.005596860323890285
2018-10-08,-0.0033460665717308657,0.002583711091637797,0.013847490253336314,-0.0007775438977309923,0.006785642519645085,-0.0004245140312328921,0.0025341945359740325,-0.000520493140157452,0.012913437404470596,-0.011274077624289447,0.008391084347395772,0.0
2018-10-09,-0.0006290460639004625,-0.0029325158241231275,-0.0022151122208823315,0.008949269855243802,-0.0039020519501675732,0.0016980377162576499,-0.015418107399115089,-0.03315379721826417,0.0034201093286894135,0.0035720891402344357,0.004067669284872677,-0.0014595161166105486
2018-10-10,-0.039471144341641895,-0.03368987601985218,-0.012023482140600117,-0.03136661476944613,-0.030982972744144743,-0.023620652739683057,-0.03221664091277232,-0.0262119004761322,-0.015803987396564856,-0.048460262790910535,-0.005524764658656367,-0.031663021547225556
2018-10-11,-0.00852457565945286,-0.017616620934747473,-0.024714617272192374,-0.03384191253345881,-0.029768318024692375,-0.02701232001120646,-0.026392507072451887,-0.01161494137661534,-0.02928224054909767,-0.012660095374663616,-0.018333161627419936,-0.022026400486868547
2018-10-12,0.022266436171302972,0.01849597814375703,0.005567313209938751,0.0027472337046701156,0.0011361004281973397,0.01538600232352616,0.006674919621139308,0.002797932635889344,-0.0006486568925313518,0.03205622060463398,-0.0011320978799401749,0.013888369716414939
2018-10-15,-0.0038818471371765417,-0.0023046059973912403,0.0061092981793320345,-0.008356121328960908,-0.004540248044704098,-0.006917383468274418,0.0018946085825533032,-0.0033482674543888757,0.0061667623429424445,-0.016377547679586102,0.004721397862798682,-0.005616987306522603
2018-10-16,0.02641254085379874,0.02004973903081053,0.011195192283700806,0.008288454132743928,0.01672384100692459,0.027421609192213037,0.016882619316817227,0.016050780379853524,0.018709648835351977,0.030142264175931244,0.010338391878441655,0.02186558625475965
2018-10-17,0.004007539766070822,-0.008242640921221955,0.004691479919263886,-0.006302277498493769,0.010093433823759712,0.005273077626341438,-0.007304867853327512,-0.00642922135814461,-0.002849750758475933,-0.00459801663721171,-0.001860251819351566,0.00017811235897857713
2018-10-18,-0.018277167657357984,-0.01917977111372915,-0.0013070979312118647,-0.0049637398673167965,-0.016654317987738088,-0.011347676499435466,-0.01726003001017673,-0.011277273538286336,0.0003174915027799319,-0.019596624887434855,0.0014909750445204484,-0.014440498584194716
2018-10-19,-0.00021391364790201983,-0.009777452324528757,0.022816324046342373,-0.008867802441803185,0.003763603451103714,-0.009095747395847287,-0.0036759026417272356,-0.0071057762933995905,0.010158781785228665,-0.0004287834553464709,0.015633556032790263,-0.0005428766066798429
2018-10-22,-0.000642054348509391,0.004043408910916257,-0.007497094209439448,-0.011044151916677403,-0.021372269272015187,-0.008195589676657122,-0.003416109603798567,-0.007909592081938088,-0.014142059413292718,0.008284864309948237,-0.0064134459003880595,-0.004488462077581801
2018-10-23,-0.0021420260542684977,0.00018735820852966434,0.0044218911557245555,-0.026152075892167725,-0.008045976524877485,-0.005399338712288038,-0.01645408032787543,-0.009870786147139321,0.006375461403873128,-0.0038253853332214094,-0.005533093765422659,-0.00509087737656988
2018-10-24,-0.04764981206443053,-0.02987150541166328,0.0042182647971538145,-0.03948337864518592,-0.0251061235990494,-0.03301174674382845,-0.03387707447897592,-0.03163327122495729,0.011720083818580473,-0.044794836116282655,0.024294937322364873,-0.030298623896269916
2018-10-25,0.03313093250403787,0.030212410431065928,0.0023744937699881064,0.012240967069255149,0.015451586529007244,0.012945296189367017,0.0070703510728324925,0.012868584158936214,0.011897255588036781,0.03439037626484631,-0.015571221417325476,0.017940523083120885
2018-10-26,-0.027050783721339733,-0.0311067283863109,-0.019132447864860458,-0.007464464747745758,-0.014436226913306371,-0.011309628157210816,-0.009886982475347805,-0.005864020790159352,-0.025989991074370278,-0.020005847321459713,-0.018392352523836863,-0.017587298872913992
2018-10-29,-0.015470667280210182,-0.00879972254249406,0.011517735574957166,-0.018652320392584576,0.008709329813790134,0.0025164183138801643,-0.016642286778291937,-0.002359251145455765,0.01651841760404893,-0.016889475850098368,0.014052817983971844,-0.0055402315825983095
2018-10-30,0.027328405253599586,0.015024525884662632,0.019834567901660494,0.02314524686595698,0.017268524810575947,0.010725794040416847,0.020603301422893683,0.022861639088703534,0.01656219288528593,0.011204202850685796,0.003880493456019485,0.014818112121174787
2018-10-31,0.020616430148914233,0.012879229287285021,-0.009364222661608301,0.0061422956994037214,0.013888742053405734,0.0013547512492571023,0.007642659973650323,0.01368030923533925,-0.013525980488853562,0.023785112322570745,-0.01178002852496507,0.010681179049522038
2018-11-01,0.005864460946719774,0.020402547608825428,0.007089555169384143,0.008487328117457782,0.004566414706440369,0.012626845307294632,0.017601574377558826,0.028131203526162052,0.0037395119995065063,0.011687888008356406,-0.004470135543160447,0.010641644984052734
2018-11-02,-0.010148941690819924,0.004091755185410495,-0.005234765952880194,-0.0025099801194166105,-0.0007577351220190431,-0.00623460108049867,-0.0016876308092289571,-0.0024032249110503834,-0.008382267218851491,-0.019540491985894803,-0.005612804595579557,-0.00592308804993491
2018-11-05,-0.004145064143050381,0.0013894929437483494,0.012520511039319171,0.016725803753864232,0.015920985668599785,0.008850320289310654,0.0052116119881617795,0.0029650043001574478,0.016593383690037378,-0.0010183233837446348,0.014111260609476428,0.005517114393880362
2018-11-06,0.005914653663487979,0.0044393881752360365,0.006093212346598653,0.0046586100820731335,0.005224156591112861,0.005108293005765319,0.010510623769656169,0.016445058662688083,0.0055435838519646286,0.006261450662578882,0.006678718277123075,0.006327883055625483
2018-11-07,0.018292420732395565,0.027071810222462522,0.0057000416747738925,0.016374527120079696,0.01299153216210791,0.029388859207062135,0.016225312830561167,0.01799673016779124,0.011026043904986516,0.02937795033843771,0.011426855147680604,0.021408762259395475
2018-11-08,-0.00940959433941102,0.0002689451677739818,0.0005313319939130867,-0.021670898716960485,0.002931851478987779,0.0005368812445993854,-0.001637774090402,-0.004285729310181674,0.002120704744492219,-0.0008433889698178376,-0.0016399742214011637,-0.0018147437489514084
2018-11-09,-0.02050940066372675,-0.013892622212677952,0.005841631264037472,-0.0017490149127440402,-0.00913423329420282,-0.002896537530069465,-0.010114890356509476,-0.013988531479857125,0.0012091492266546044,-0.017307469249293272,0.0014600412738521307,-0.00976846435427059
2018-11-12,-0.014987960507090392,-0.0200874811688021,-0.005279573845434649,-0.020729581912353412,-0.019911539579474447,-0.013555879452841646,-0.019745874040718037,-0.014732742921012898,0.002113511702881876,-0.03522317900313321,-0.0005466399015836565,-0.018684859589150893
2018-11-13,-0.00313260120869141,-0.0004635727063673212,-0.0023002987937328356,-0.022957801979424652,0.005643364880837165,-0.006979793653691169,0.004507447433734102,-0.0029538398888969697,0.002108979630395913,0.0011878534069107438,0.004193935116456604,-0.0018711247192400027
2018-11-14,0.004938141419823516,-0.007516772043659858,-0.0067386715266560815,-0.001678450851785973,-0.013467872056372898,-0.008017473042392864,-0.00336543134513978,-0.0011107857160854717,-0.00030052119109669206,-0.01200734860448116,-0.010350551841538658,-0.006836761057490204
2018-11-15,0.007371043718326309,-0.0014960360797870997,-0.001606802566859522,0.014672083298976846,0.014789627566676344,0.008857198973890368,0.01322632233318588,0.013716661598367486,-0.00781962117290591,0.02505614888712837,-0.008256779000938352,0.010436599690331505
2018-11-16,-0.004878194274574921,-0.003932632830949356,0.002503605252028418,0.011899446391078872,0.0011209816145472118,0.01009661636653969,-0.00027755568370557704,0.010056819767137348,0.014246845351031157,-0.0016100088131595358,0.015356228149624007,0.0026006283233654948
2018-11-19,-0.03030283865235206,-0.024443290458433298,-0.0016055368655255586,-0.00029773755417472625,-0.00037343461850281034,-0.012711731634889034,-0.015835489586181417,-0.014301379316583707,0.002689780873977643,-0.03811759541577331,0.0043732056705847455,-0.016914358376485805
2018-11-20,-0.013097721921202177,-0.022646287998981607,-0.016615912673261235,-0.032757527965571076,-0.022031383362228207,-0.009353868363532358,-0.020747997032318555,-0.018181901614970797,-0.013114682029556013,-0.02149069664230341,-0.004172982501156719,-0.01850642981333539
2018-11-21,0.011874246408164257,0.010451697668699023,-0.007994374859697895,0.015702059519373535,0.0007636422579879731,-0.005665371689537624,0.007062386540004573,0.008043446328060755,-0.0006042136201589443,0.00732091799072121,-0.014756464043815698,0.0034076645039320397
2018-11-23,-0.013115146058499172,-0.004488670155203489,0.00347970957838295,-0.0313731175921973,-0.008012209627383249,0.0014518385298574188,-0.0020037626886449944,-0.010762578143796997,-0.0036263516833454634,-0.00912311160820456,0.0005547147887052795,-0.006678764677124027
2018-11-26,0.022848869233796254,0.02244650506055934,0.0012778775558621724,0.015020950020407042,0.020384487268003904,0.009705780350416582,0.0073140680111785095,0.01144227311154955,0.0021232772297656854,0.022627911911851317,0.005913916374949313,0.016144421272158427
2018-11-27,0.003191436392051772,0.0029721466656524864,0.00893175782626665,-0.002774562570697414,0.0007540223619442177,0.01038568726264577,-0.0017084722736816493,-0.012240193777691921,0.005447870207441419,0.0019839188220758253,0.0075325019036207586,0.0033643497959172652
2018-11-28,0.020904495877557494,0.029535277924024994,0.00831070032362291,0.017158817543348137,0.019208921324378014,0.024056587774427873,0.02395911305303433,0.015396013824745758,0.008127564842923984,0.035028818782774085,-0.0007296645798259283,0.023025501630766554
2018-11-29,0.0033382594045736624,-0.004642239281119065,0.0016128132446071586,0.006534874856738648,-0.008499460627171884,0.0033100956148537364,0.0005569763890338475,0.007211585266647669,0.0011941245230984165,-0.009711464847078743,-0.00036492167194845937,-0.002185087829958632
2018-11-30,-0.0015529327597817444,0.007275374783859201,0.006440024967719227,-0.0018119683447387347,0.005218231596638256,0.020328066597007366,0.00974365333959959,0.002570108481742883,0.009543890300505176,0.009509553477441646,0.014786715154125218,0.0060950867345213045
2018-12-03,0.001555348110815924,0.018705676507112745,0.0008888960860524708,0.02223554466698774,0.006302822602583857,-0.00479809188735858,0.01157999929085074,0.017579344643835704,0.004726650006821043,0.022078216085350766,0.010073643274227218,0.013241690683650775
2018-12-04,-0.029503167369614003,-0.03599644106481348,-0.016871190842685513,-0.028706584036129024,-0.04347805907282942,-0.022324715328213895,-0.04251854865966498,-0.029692365428241607,-0.013231123132701805,-0.03787437252285253,0.0007122093676132923,-0.03240227314022914
2018-12-06,0.011200335937677774,0.004808753553160017,0.0010836094526982532,-0.018433932351693993,-0.013867258112970404,-0.003752148237970876,-0.005550723864667928,-0.01353843877619243,0.027413546647553355,0.0022449922622951313,0.0010678558471430843,-0.001517456848213583
2018-12-07,-0.018987533038725912,-0.02993628586927688,-0.01263054443658651,-0.005587437002712137,-0.01914085173812019,-0.02550325590535718,-0.026334723348770517,-0.02406475808953934,-0.015081343712929685,-0.03524497735224774,0.0037332930479834214,-0.023235976859266594
2018-12-10,0.00760343973706723,0.0007739240768573907,0.0,-0.015607903549237356,-0.013938523870937747,0.0038650384603653443,0.0024987764972193016,0.0026972000948575214,-0.0038278497291523994,0.013777033330775179,0.0019481014837425814,0.001897133385563965
2018-12-11,0.0009150136076172544,0.0003866627907853637,0.008223668542466145,0.00031696956666582565,-0.009693128867418022,0.0030800684578926596,-0.005865043703543016,-0.0032662512996470827,0.0017733309661611685,0.0012219464383063094,0.00406585099287593,0.00022732888174137322
2018-12-12,0.010738080312626685,0.010532429063900395,-0.0012689052583086946,0.003962565877551283,0.005709384334090295,0.008553414314318442,0.005604855033263689,0.00867387184452384,-0.018884577607124475,0.007777933156901007,-0.006337558030451218,0.0050352393354438085
2018-12-13,-0.004521022741801661,-0.004972224538925318,0.0061706219586354916,0.003157540738852438,-0.007298926001219619,0.000978540509056991,-0.0027868714795923344,-0.011656727845694492,0.006917340015905049,0.0016643991264322366,0.008681517422202356,-0.00033924014473130093
2018-12-14,-0.009763769260113464,-0.016625074346157898,-0.01695518539585439,-0.022820030428396976,-0.009804087957030805,-0.03367359638533407,-0.013825422785839536,-0.0077342375431397326,-0.0017922392131917153,-0.02447480180823658,-0.001932273803197937,-0.018464702203307204
2018-12-17,-0.01949086312731252,-0.025408001965459226,-0.023119187760851756,-0.0181995705247191,-0.009900886293426336,-0.019896758636461787,-0.016405887336291114,-0.01714702733042761,-0.037402702878618244,-0.02121728510122467,-0.03220681690584726,-0.019618215353193524
2018-12-18,0.00444305612302176,0.007821292387445,-0.011832990677914323,-0.023621866960815363,-0.0037499602904756957,-0.00871667851847946,0.005003904984733465,0.00555099211611032,0.009947283474655011,0.007911490467807258,-0.006728472816428299,-0.0010966722316584354
2018-12-19,-0.021420134087028142,-0.01979929592670837,-0.009694274591044105,-0.011760849911215066,-0.012546918079485048,-0.013073807514576319,-0.01885922585347599,-0.01360412802057498,-0.009233718229007204,-0.019780414151516768,-0.0016477807396667599,-0.014975588849887367
2018-12-20,-0.017606118004887206,-0.02243174922986868,-0.017850686778085323,-0.02771152423468104,-0.00889490847688612,-0.014068345094833012,-0.018299291374185067,-0.013391768237623447,-0.01211559909040949,-0.017937107916940476,-0.0005503150458019412,-0.016277889282329983
2018-12-21,-0.03270500379484442,-0.022661329450688994,-0.010373199502650254,-0.00970720319251206,-0.01999525905666566,-0.01242237054436146,-0.018881455217165,-0.00899259245332007,-0.015303093786031119,-0.030382409311962566,-0.004274387387348866,-0.02048963159630035
2018-12-24,-0.021100352743713247,-0.018984784574021307,-0.02889616074296808,-0.04045606005830893,-0.02106209491708877,-0.023947689764129754,-0.03068295772801566,-0.025926070178392657,-0.03683382080553865,-0.026689112713864205,-0.04181389086141185,-0.02642294498815545
2018-12-26,0.05619723893769546,0.05925212759104048,0.02790908345164622,0.06222122209948977,0.04527102833546737,0.043618596654672714,0.046569674908579994,0.04478280566799264,0.03186850507237082,0.060395438374679644,0.013576195294238591,0.050524969917078
2018-12-27,0.0046159320584531205,0.005336747437911571,0.009582685946620373,0.0052459388379888505,0.012006735223752951,0.01104242643574671,0.01250957722588919,0.018398371217675402,0.0022755013840194405,0.0072014284813892715,0.008419634998529268,0.007677422300629733
2018-12-28,-0.003143898843108728,0.00010263374888030974,0.0,-0.007653645084088168,-0.00042370448375750325,0.0011742734692223866,-0.0026586046013666875,-0.00536023194756674,0.003568225017704263,-0.0022749081830140128,0.0024667727175120557,-0.0012899103842324289
2018-12-31,0.0014557978105238512,0.010718536055624117,0.004152689249792063,0.005258345531800046,0.009749985662607319,0.014780241705330877,0.010036057883241911,0.008383191781881294,0.0019390034896054065,0.009446070679363094,0.0017033743489902609,0.00875855411188775
2019-01-02,0.01332360967552959,0.007574751982407202,-0.005907866534103912,0.019703680636191878,0.008396283562314588,-0.015142774183742214,0.005123472522130079,0.0051465347935129024,-0.022903218985170004,0.0006454818900436532,-0.017195810232094155,0.0010401919779023938
2019-01-03,-0.016734305866152654,-0.02165180039917025,-0.00574468402855044,-0.009917757334708677,-0.022481252745856106,-0.020305105447994576,-0.030429392329042293,-0.028357604125618607,0.004621942826189329,-0.05046764454134278,-0.00019197042102003792,-0.023862602527083276
2019-01-04,0.04303426591273407,0.03309421571399951,0.02131896831959268,0.03402372774771578,0.03321972126428263,0.029831004368082725,0.03791615008203664,0.03931889935688604,0.010187469862202203,0.04431996415588357,0.014807682880923156,0.03349580994183077
2019-01-07,0.01142188368417707,0.022612377549691143,-0.001365929597885951,0.014865708665582789,0.0012368039616834636,0.0038388496427179675,0.008135093312262143,0.0035102466768235363,0.008457918444166213,0.00894297143510614,-0.006821973221030064,0.007884481858852377
2019-01-08,0.016824010422090474,0.01105590477644447,0.009181954849214469,0.007735512403184597,0.0008234270278824063,0.007764636632053401,0.0137027946864825,0.010493473118814878,0.01741954746355634,0.008380417711260302,0.012402109138560435,0.009395597837675407
2019-01-09,0.0013601083700149896,0.005084052126273386,-0.00929163657223031,0.015841987329293872,0.00493604560925287,0.0044847235830152155,0.0067587507528319435,0.0003847312256404223,-0.004122041974224833,0.012945489576852154,-0.006030732862662869,0.004673468360141486
2019-01-10,0.0020371594590975484,-0.002862942265024704,0.0058616016085808464,0.0028938662331625675,0.000409758730499421,0.001946026800715206,0.01357595529551836,0.008842858579368285,0.015918712467180463,0.004417858710135558,0.013082762688451322,0.003527493122710723
2019-01-11,-0.004969825661538918,0.0009570280032777934,0.002913812123931603,-0.005931489885049102,0.002454579937037238,0.0033136531906547972,-0.0010299799479724925,-0.004001503900520231,0.0018804451715552783,-0.0018852141130054623,-0.0037430393537161155,0.0003861002589045093
2019-01-14,-0.0036320059975245567,-0.006119623222400783,-0.0048420338398866836,-0.0024188302011560747,0.006938824392505483,-0.011046631653498062,-0.00014722818488610567,-0.007652840763903379,-0.003128141884791602,-0.009285229785746418,-0.022543698236277,-0.006100861705305105
2019-01-15,0.016632442956330706,0.009043461029915711,0.009925734061878577,0.0035562252512713055,0.008917823343539633,0.017964285971120875,-0.003095042227932332,-0.006554942888781334,0.011295988262935541,0.015091360093307804,0.012300514460275247,0.01146088361827613
2019-01-16,-0.004258087697106672,-0.002288216817251998,-0.00539576974736844,-0.0012887538556383138,0.021293875243524107,-0.0018098803414576814,0.0010349049921405395,0.0038815434159060747,0.004654057617271334,0.0009388432309920258,0.0036070277413871032,0.0024197459234023277
2019-01-17,0.004051301161762444,0.006784947160408894,0.004262687593194148,0.009193673448782524,0.005507155621770732,0.008839139920742145,0.01712903217798134,0.01759119307465129,0.004941456786633713,0.0064103042459680015,0.004162534081600722,0.007586800971470353
2019-01-18,0.008069908693061345,0.013858900630244086,0.011962168836355369,0.02029724986246939,0.0172144375672465,0.011907851968253613,0.019018863843587308,0.016527237878369405,0.0036876248457726746,0.015224503598668893,0.001130234162519006,0.0133098071805966
2019-01-22,-0.020680420972010394,-0.014980022428138673,-0.009151687345681503,-0.021773261960448376,-0.01153830364399755,-0.006882752014678917,-0.0206582534779316,-0.013829131974058217,-0.001837113007988278,-0.01683253016124575,0.0018815969590351145,-0.013510356108907828
2019-01-23,-0.004541525974700034,0.0019960163571730583,0.011930125049931517,-0.010248010489449788,0.0011670768284701705,0.0011176992150023768,0.0014549653695541398,-0.0068220126655278435,0.0006134480477180126,0.0034241811187998294,0.01014271563964142,0.0020924371045696333
2019-01-24,0.00456224553128326,0.0041737948482338805,-0.01235968955700606,0.005338954517266847,0.0023323716194803,-0.008374159961873295,0.005084260190734824,-0.005342324581510405,0.003985267676845705,0.008376149834965707,0.005206402249862574,0.0005315034969926025
2019-01-25,0.01271569548360274,0.011052125709601235,-0.004042975145894245,0.01271307388975118,0.008142303907358928,0.0012382918233575513,0.012718375908703505,0.018990875110920014,0.011603100573250202,0.014151432082783355,-0.013688465005689765,0.008461612540961339
2019-01-28,-0.008744775098237234,-0.00579245192823874,0.004252528514664622,-0.010011125444713498,-0.0030769992301378224,-0.011358608413911231,-0.009561777939591676,-0.0015060602924830135,0.009960705440084983,-0.013347339395738289,-0.004688203696208815,-0.007600276063292277
2019-01-29,-0.01176160270536808,-0.006484521943453281,0.0023097632082893504,0.0030500565952480407,-0.0034720224571059832,0.004891499425080825,0.013832994082310979,0.010369771580525766,0.007770438429312243,-0.010761101048240795,0.002826208136916586,-0.0013271892333349689
2019-01-30,0.01441976690669744,0.019674853705504924,0.006722156151962366,0.014081915406716883,0.005807035715603703,0.013697414264134844,0.01563378995937348,0.010636080267047321,0.008303741964667655,0.031079992068092643,0.007703854746881733,0.015830554509413508
2019-01-31,0.04083939320291119,0.009090616848176802,0.018504089357674003,0.006470211747043653,-0.00153955724626198,0.012506753404694315,0.004338162918244404,-0.014955565877704413,0.009706116562749223,-0.001054872296324838,0.021070382157379886,0.00878268654794545
2019-02-01,-0.0034684155613560197,-0.014616623470492973,-0.003183931695866171,0.01740328826527393,0.004240479959509491,0.0008823799232930973,0.0015323464018239807,0.0029988022240492462,-0.0061172514156345725,0.005884028868424318,-0.0038352483812525984,0.000481825449268225
2019-02-04,0.009353815295038759,0.006530589339023285,0.006388465314194791,0.0023117219094848096,0.004222742834480764,-0.0028651109729918023,0.012938267553506355,-0.0016818139831388246,0.005861484190538224,0.016049346229642047,0.0016500186558348062,0.007035305944132153
2019-02-05,0.010991116299332804,0.009361280868424915,0.00018680295346773512,0.0015374026489509696,-0.002675938507312625,-0.0014364320813772258,0.008653169157929685,0.007300884919033912,0.00670166883185197,0.008414018084023311,0.0020132891342152792,0.00419173134987183
2019-02-06,-0.022383250960088863,-0.004132281026031137,0.00018668119577425202,-0.007368711027911146,-0.0011498838204864192,0.004537230864688713,0.0002720061102174931,-0.005946909414565549,-0.007814493339687978,0.0033674565908758947,-0.0005479676356505703,-0.0013182745125078776
2019-02-07,-0.009594323588027365,-0.008206459855216508,-0.0007465854096401214,-0.022115847209202233,-0.009976823309273408,-0.011016929069602499,-0.0068066364118195555,-0.013834547159808475,0.00845956730118469,-0.01371471493098475,0.01315773051824598,-0.009532598364450084
2019-02-08,0.0068253574768113445,-0.003997669634435486,0.004669558181604971,-0.0045864402294574225,-0.00503906475448479,0.0018939527524393096,0.0015077083494829946,-0.000947774578564653,0.0,0.005769496294236509,0.004329008835508574,0.001221527473823647
2019-02-11,-0.010278020964727519,0.0017734044566810603,0.002602587568814041,0.0047664340022919305,0.003116556136596227,-0.0012229269141805776,0.0053375284400936085,0.0015179788724528631,0.0028927340752102904,-0.0004414830903816114,-0.0003590662101853326,0.0005543330238571009
2019-02-12,0.011489193119275987,0.015374613066284848,0.0077878402245445955,0.012650306489459195,0.014757456705100536,0.013692290520227246,0.015518440919250365,0.022356881973139675,-0.006922564942875908,0.01324313928310561,0.0023356759795023496,0.01285951491281434
2019-02-13,0.0006556191261295474,0.006790906226451288,0.0018399349887925354,0.012492275377187001,0.0026789267651032844,0.0021961209546763616,0.005898136461624404,0.0012971960847845132,0.006680044421382592,0.0013068865932865936,-0.0028678998831563884,0.0032469785233821824
2019-02-14,0.003710861261907672,-0.0036459944347200235,-0.011203084668566121,0.003547154848791312,-0.012213958148288628,0.002301463270632631,-0.004663957035619504,-0.005182062188356262,0.0037511997946666487,0.0017405172634132882,-0.0016177254013146625,-0.002218040605296401
2019-02-15,0.004349552221290187,0.0068611528558204515,0.009472651742641114,0.016136799690977366,0.02125198396685768,0.01508679014984371,0.013388510954529975,0.01358131826061082,0.006036157040481882,0.007963008134643124,0.0030607510504283564,0.01089727745545721
2019-02-19,0.0010827898740368713,0.004088876571489486,0.0051518008441833185,0.003024661492173397,0.0015134277763895199,-0.002369759448117348,-0.0003965071377549645,0.0062407483592781254,0.0011426261616525046,0.0002874702465951451,0.005923602312670528,0.0017305988534952466
2019-02-20,-0.0034610024791641436,0.0019905914508331346,-0.001830589777012226,0.004221901053574673,0.006422410517201271,-0.001187226087773996,0.0047583776983664006,0.017147095814152635,-0.00627845801037763,0.00114861326388227,0.004460995383839483,0.0020154006568009475
2019-02-21,-0.009333603661029755,-0.0019866368684668956,0.0029342298310208736,-0.015465345895797511,-0.005255365052774574,-0.00875470394832134,-0.0040777150913905436,-0.003945396482255337,0.001723080597518134,0.0004304113342119553,0.007283865261436873,-0.0035562795778437684
2019-02-22,0.009421540586742605,0.005429215226238515,-0.004754056638716642,0.002897543062252872,-0.0015093472702917277,0.009159354958059085,0.006603895947871141,0.0043210738752141875,0.005734049579949829,0.012759282029974894,0.006172695517534965,0.006200125575276605
2019-02-25,0.0010851971911789438,-0.0033300928109540884,-0.005511692136594415,0.0016727804339604635,0.004157228324099815,0.001404646805553078,0.0039363197474964196,0.006453962213048614,-0.008266647942904437,0.004813543340081106,-0.00648560783152341,0.0013609986416900366
2019-02-26,0.0,0.0013545404190418164,0.0005542497163628646,-0.003188098111549409,-0.0030109893216384576,-0.0035607844282314893,-0.002744451092878575,-0.005699856713953344,-0.0020122632685213304,0.002113279845954219,-0.0012350258943903958,-0.0007152419331315496
2019-02-27,-0.004987046960336472,-0.0007215720866730058,-0.0014771805167519414,0.003807659415362874,0.003775207082979959,-0.004656231033813629,0.003931789175376288,-0.001612532534561284,-0.003168161676494363,-0.0009841557801602008,0.0012365530694509186,-0.00042941568262466756
2019-02-28,0.0006540476570215947,-0.005414665851589007,0.004807594674420823,-0.010013919541018268,-0.002632416861971798,-0.002937534712845191,-0.0033942578436146897,-0.01220178131991656,0.0028891786791744867,-0.0028142664513628457,0.005822228565406373,-0.0018624559823258169
2019-03-01,0.007839602327494921,0.008075704089697044,-0.0018403595560734232,0.018390924894064575,0.0064098030567307784,0.014184598521501446,0.0009171551723554661,-0.0012715919387303876,-0.0011522434922836,0.0067736007233587525,0.0021049800595489554,0.006243641061821625
2019-03-04,0.0012964516049580599,-0.0031502300435957142,-0.0016592916557706117,0.0018058806735712363,-0.006368979154676824,-0.013555841866116913,-0.004449672361899748,0.004547308643635617,0.0040380335405969525,-0.003784708601568876,0.0017501847417227268,-0.0036376613397145485
2019-03-05,0.006258054725903683,0.002528251600995901,-0.0007385549760249299,-0.0033046134042526987,-0.003770852356397625,-0.0005452579725768736,-0.006441738685759257,-0.00470771935786618,0.002872649345513567,-0.00295450107378481,-0.0012231569365394046,-0.0013596713492668444
2019-03-06,-0.00042876032078231763,-0.004683420281448414,-0.0014784596911394665,-0.012660455019369743,-0.006434729985402843,-0.014622381269995155,-0.009394047865931787,0.0021833437820508728,-0.0025779927950166925,-0.005221621866839832,0.0,-0.006057100442305341
2019-03-07,-0.008796259845550214,-0.012125782304658883,-0.006477956799438744,-0.005952942970197439,-0.010285625074044291,-0.007862537758546617,-0.006010214128200575,-0.0081686155985361,-0.0008613646820810894,-0.009505085309185257,0.003323858910670552,-0.008365544064809605
2019-03-08,-0.0006496587427825551,-0.006961513430294608,0.0005588094013484479,-0.018734882529659935,-0.00038472024092561785,-0.0021210119205749,-0.002016020422951903,0.0016471133814697225,0.0008621072708363542,-0.0001432649689105947,0.003487781652624866,-0.0019997447134408874
2019-03-11,0.017977050717158383,0.013744097160417246,0.013033105651384602,0.01564938675225047,0.010396518375241692,0.011409681303921504,0.008483183207759426,0.014251697782005524,0.015508217104361899,0.021486513398713214,0.007124140538982138,0.01450100479677352
2019-03-12,0.004468199855564459,0.002820516996615785,0.0003676838797859183,0.006471413845231311,0.0022867045967860378,0.007299185350213122,-0.008278299489624996,0.0037832430300410724,0.0053733599385403785,0.005889917724900773,0.006901233997296474,0.003771283881321974
2019-03-13,0.0029654044828910653,0.0035389050025744773,0.005695252764780445,0.010104291649242425,0.006843877979290758,0.010759734218775518,0.008750971346793035,0.0048456434199308784,0.00478196053019686,0.006552566981309127,0.0010280611664665873,0.006619120365352504
2019-03-14,-0.004434911990195967,-0.0029836425446218007,-0.0009132857185849552,0.001060712682202869,0.0037763835529089906,-0.0016294819114317516,-0.0033364361564420797,-0.007501459580429359,0.0025197387639590563,0.0020771188425900977,-0.00017123616125735985,-0.0006399230370535136
2019-03-15,-0.0007863123204703282,0.006415109331322721,0.00566239109878186,-0.00039665128401555894,0.006995704218194954,0.004597835437863074,-0.0035286255054107762,0.0012469291448129471,-0.004100395517986466,0.012106014913971563,0.003621853377474782,0.0049407848375015995
2019-03-18,-0.00850712555659705,0.009674559239515546,0.0014624127186924074,0.013890800926015912,0.010138968343601507,-0.001521996379786672,0.009731391534769207,0.002346782509789591,-0.005076245533002677,0.004247014766557422,-0.0037804968695221985,0.0036258249141052357
2019-03-19,0.001716164013900956,0.005014713351326083,-0.0007300541081532996,-0.0027097321221717374,-0.0078068025137598696,0.007947858256451834,-0.0036142736962110344,-0.0012605834882400968,-0.0028344332384707682,0.0020461267216138612,-0.011385188614745467,0.0002480583598793995
2019-03-20,0.008993395319192299,0.0014256365050038244,-0.004201575518952949,0.00875571146758003,-0.020606656212591168,-0.00691295705747097,-0.006851034506901499,-0.0009018033918981594,0.004548039444363328,-0.0027227827191488307,0.0026171751934642717,-0.0030101789353743635
2019-03-21,0.013158249055297944,0.013702370987204615,0.011740843388572397,0.007034197545576992,-0.003060773268221406,0.003915524525109015,0.009603394999101456,0.010648112891616046,0.017826810989694852,0.025119412970698862,0.01061626638298363,0.011294763729970514
2019-03-22,-0.016129105549388734,-0.019836755482688484,-0.0012692959205038434,-0.027046935885700618,-0.027628263208918313,-0.018201492692420662,-0.022641873909101773,-0.029821402940909625,-0.0047260432447358,-0.02357127973012252,0.007232478889512617,-0.019246238543710326
2019-03-25,-0.0017035497518615994,0.005910213508623974,0.0019971548442012654,0.00045798695148269175,-0.004340913051617656,-0.0005518423830589425,0.0023305180593704566,-0.00184063224937836,0.0008381077690966521,-0.004364883980403245,0.0008551455857404022,-0.0007520180610826044
2019-03-26,0.004905157612657529,0.004273174557549053,0.008516022795713507,0.01435102011746725,0.011890500763519496,0.00684578418481685,0.006701439796069408,0.006085140692476898,0.006139936049799344,0.005479579026266723,0.0071744105784674606,0.007454026403612479
2019-03-27,-0.0072157159244877755,-0.0020386849770687165,-0.0034134500291820302,-0.007074030783757235,-0.004308521646427033,-0.008334491809784739,0.001086394380607869,-0.0012829141129532262,-0.003328643054439473,-0.00572228027428745,-0.006953995598115825,-0.005228868564132516
2019-03-28,-0.002351206480762258,0.006039990655057004,0.004867587502517701,0.0037897925417151868,0.008654244705067704,0.002543407351685678,0.007328141267616273,0.009726641330222385,0.00834960287384523,0.004110866583825201,-0.011784790028083969,0.003790297261665687
2019-03-29,0.0021431038380994583,0.005209329687605679,0.006637834051574698,-0.001510289324162306,0.002730063103787206,0.012022893596400408,0.010777479298329284,0.008724170665084463,-0.00027603113942731294,0.009825354771183958,0.005357865850544208,0.006305428172251659
2019-04-01,0.015180119353192856,0.01097909144795195,-0.003386156450128186,0.013157923090668877,0.024504181300396555,0.0015259778850937877,0.02065802460545929,0.014954723229181344,-0.00303711374347182,0.013648562510989892,-0.006876253776563979,0.011859057194642864
2019-04-02,0.005265582113589629,-0.0001736637813993802,-0.008226409460085349,-0.006866752777442753,-0.0007592174783942474,-0.002285291154801361,-0.0003913321276960424,0.0033727667751717316,0.008585133403024026,0.003466187218995609,0.0013846075276040537,0.0004896853560669712
2019-04-03,0.003770990250685946,0.007038851598483387,-0.00486813313457457,-0.009619482505853094,0.0030396754270209936,-0.0013089391390900262,-0.00300456031136076,0.013092886050719788,-0.0010986314185748025,0.008104059906469452,-0.0015559113449077344,0.0015736848537524217
2019-04-04,0.005635832989751011,0.008110842012501562,0.003805043951637277,0.008346991904168322,0.006060348226064605,-0.002075132500046206,0.00615796841179872,0.010129177422329994,-0.0030235565054698155,-0.004217197458577959,-0.00346257394223215,0.0026533921168307995
2019-04-05,0.0029055982166446004,0.005906096605730493,0.0034295533059449657,0.01760978075460784,0.0015061043833091148,0.006894891095940769,0.0028647857516901354,-0.00034539006145062334,0.007719745743987927,0.004764601170226923,0.00938183995733577,0.0048403644790786515
2019-04-08,-0.0018626423855375718,0.003573988846715004,0.004137248104340685,0.004437484643288858,0.0011277769011017735,-0.00021735079253204503,-0.004284625017392463,0.000345509396962429,-0.004924994886362777,0.003819914695713189,-0.007056846057683086,0.0007623334536213111
2019-04-09,0.002695683367699875,-0.00898785876950059,-0.0012535635023730451,-0.012222235087060329,-0.008261184078161787,-0.0026088704790554473,-0.013563163857319704,-0.0072613567205496166,-0.0030241880882496686,-0.004724175688967214,0.0024266509899253386,-0.005124689527246429
2019-04-10,0.004342259493339329,0.004791389228298026,0.002869904259595435,0.003726766709501783,0.0030288200401189513,0.0003264790627168779,-0.000264507931384772,-0.0005223358335757489,0.007997745285093005,0.0069879122006690775,-0.0031125685889458188,0.003411085110444967
2019-04-11,0.0006176287891703769,0.0012771503691626496,0.0019672576800449093,0.0007430091305475894,0.006039925389108358,-0.012313170336034629,0.008595494829848338,-0.0005225319000956574,-0.001367739916087074,-0.0013096459899119006,0.005030240736735081,-0.00027815608786008195
2019-04-12,0.008641802709859148,0.006208035909105014,0.0032132265336686228,0.0026712022360186882,0.01838667618424017,-0.009157304163483926,0.01324248456631949,0.013249345935752332,0.005479452237346916,0.006948413628754757,0.0046600719086578035,0.006766576958661785
2019-04-15,-0.0008156950107253147,0.0020283528816325003,0.005871649057237027,-0.00592055545336212,-0.006263607897082912,0.00400887024121066,-0.0055635740691770685,-0.00464554217054125,-0.005994517473085992,-0.0003908001970200914,-0.00017165495304094502,-0.0006549146457175414
2019-04-16,0.0010207645145987598,0.004386166198208086,0.0001772523430672024,0.0065511789096905915,0.014089789229204008,-0.020516996455164582,0.006115386893451591,0.004494482497414243,-0.02357486141022891,0.005079528903246144,-0.012371203871192504,0.0006553438399963252
2019-04-17,0.001835335547924366,0.0019313405856704602,0.004952199463180262,-0.0013311379808982338,0.0025590514851823176,-0.028758880410311383,0.0012936927572273493,-0.006195197368091265,-0.010387784446167059,0.005572458773005273,-0.003827442420799354,-0.002446887534241049
2019-04-18,0.000611213276269007,-0.0003351399074279504,0.0008797832154208152,-0.0047400774170955895,-0.002917256166297677,0.0016318781488000589,0.011495435186625658,0.0012123540266364419,0.00794368172174953,0.0028347704736160217,0.0005240922348974664,0.0019687418521567857
2019-04-22,0.004475911837852786,-0.0037730733494938384,0.00035181554481078514,0.021134114542427085,-0.0029261910603836094,0.0005818281735181507,-0.0030646691493876332,-0.006745448814492794,-0.010976488263023887,0.0023128013991136065,-0.0008729739562769456,0.0008619304525181448
2019-04-23,0.013368233588295197,0.011950883557017455,-0.0031639246691266276,-0.001603431853338666,0.006236274660923025,0.015819941392658743,0.008709720985439429,0.004527275364174521,0.011382763611478053,0.010897664342345958,0.002795440355459755,0.008991927765034102
2019-04-24,-0.0045972984807063355,0.0009147264660993581,0.0021158690916378564,-0.017518010089024094,-0.001093731255015551,-0.001145362705941455,-0.0029204070696297046,-0.00624037780444775,0.0070346209996829945,0.00038038006239138333,0.006446014142922563,-0.002219018969800035
2019-04-25,0.011245223190380793,-0.005234481644458722,-0.0063347750033043715,-0.0031204604694365923,0.0018246952780416326,0.010317508906428685,-0.020122372461545468,-0.01273305267436986,-0.0011177666249523321,-0.0002534215518018579,0.004153987859748076,-0.0006163380131088969
2019-04-26,0.007942749458413889,0.007934846977320387,0.009031278895576644,-0.012967447860336878,0.009107495962789036,0.009985053747383343,0.007538227313317103,0.0083040001958965,0.006713288197566891,-0.003804452522255808,0.001551867149572228,0.0046568439895045
2019-04-29,0.00906252592953427,-0.0034803556334848107,0.0012287743406445006,-0.0009061576564504126,0.010108289693665284,-0.0017975071977954782,0.0023222858608829,-0.0019277501666721264,-0.010280720236975016,0.0002546608895221958,-0.005852329321235583,0.0015676973092859647
2019-04-30,-0.022452196125761104,-0.0014969838822929127,0.011568737256707706,-0.0007557498003145646,0.0014296687622958881,0.004614631534116231,0.003989631349369915,0.008602864625206985,0.011510476306613393,0.0016546673614585838,0.016447577500022126,0.0005103828703674207
2019-05-01,-0.005192913329504889,-0.012159351269710572,-0.012302888095501952,-0.019966725051751122,-0.008208294059338983,-0.0017923756363931176,-0.00653772813947151,-0.01810294543378166,0.0,-0.002541341486511195,-0.010219796241587642,-0.007516798463718
2019-05-02,-0.004015267598360794,0.0007586350968618039,-0.00035109431567426075,-0.01744102371757361,0.001079169527743673,0.004265044961619724,-0.0005162089271293357,-0.005141059698514527,0.0019428764750957228,-0.0052218012116940216,-0.0022370798574249395,-0.0021582525312590084
2019-05-03,0.009675475424238078,0.011794499656035518,0.007546874029105366,0.009267979340274346,0.00898668361944277,0.007599299646443125,0.012135349126174644,0.009800346018556727,0.006925023655270701,0.009474300991102469,0.005518947560487986,0.009787323882875842
2019-05-06,-0.0015971943768232633,-0.006078291833289784,-0.0015676735807902409,0.000933695542811197,-0.00676882095209852,0.005101951327934451,-0.009565812193086609,-0.014293066910757157,-0.004126331458297883,-0.007736995184402629,-0.005488655956088828,-0.004114802314602262
2019-05-07,-0.016196706493439295,-0.01516310393032927,-0.00994443081676255,-0.008707484087291273,-0.01649957156743931,-0.01920119694584277,-0.020219208303085212,-0.01754383330999687,-0.017127040532611937,-0.021474995080217107,-0.0031045984121055303,-0.016700040921352133
2019-05-08,-0.0016262531229542798,0.0003404059900922185,-0.00017607585076895305,0.0,-0.0021881811918259553,0.002137995920987734,0.0,-0.0009110929182070127,0.0,-0.0011754266977394012,-0.01366758890156361,-0.0013894528040193643
2019-05-09,-0.0030533998748908386,-0.004081680995955073,-0.002114913681537156,0.0,-0.0021926603738791073,-0.0021334346464159104,-0.00144604181825847,-0.007842238476597818,0.0033724082092441154,-0.006801012754305447,-0.001228048887818134,-0.00302551756455105
2019-05-10,0.002858724257732259,0.0014515866435946823,0.012186445380185873,0.004705754582912336,0.00659323648792709,0.0003376652948425818,0.003948805000164812,0.013602793875115982,0.011484819546258906,0.0031602912351340606,0.01791357823674966,0.005023550819509781
2019-05-13,-0.030950936300869758,-0.02975529703177604,-0.009422375094274238,-0.017174140440240127,-0.02911196264638416,-0.018783131881386472,-0.028451156199816974,-0.022488209559726413,0.0,-0.03767388895169632,0.010697160904587166,-0.02513054903391654
2019-05-14,0.005673384581061036,0.01010539142215583,0.004756041129345023,0.012231862932852167,0.007870848116152906,0.0050435092689353755,0.010391262108293109,0.008534324582434971,0.003600060804738625,0.016095991771347906,-0.0066578004654878065,0.009044261611036886
2019-05-15,0.02235684158726947,0.0067854799416680045,0.007889051510894474,0.005179033428186264,-0.0037185248700170037,0.0029655642698094287,0.0013355687078255851,-0.0025753494954776635,0.006622719218650097,0.010874014173993585,-0.0017182883340988164,0.0058569766825908864
2019-05-16,0.00878821699501997,0.009245642221383799,0.007827623544376161,0.005464443055896107,0.010078085958091565,0.00784607210474042,0.009203532861364216,0.014016973283632383,0.0057565289462484515,0.00916325009982133,0.0067137960195367,0.009261358687667975
2019-05-17,-0.007293422477927747,-0.007619811677732402,-0.003279366320411037,-0.010093004580578047,-0.006651714608134296,-0.002143441516484823,-0.011101979274583229,-0.006002131008192357,-0.001363117219198462,-0.008027167260244994,0.005129872160147375,-0.006465370436590123
2019-05-20,-0.016530390543131768,-0.007074392078030067,-0.002424219984439646,0.0004704264581814055,0.001116029150561193,-0.00045268813012244724,-0.002539333373432928,-0.014272718894999259,-0.01610234439790237,-0.01737878185832198,0.0013610600381954718,-0.006611591557457719
2019-05-21,0.010998161721144761,0.006951258385984316,-0.002083055668897549,0.011602560968032138,0.010405039097862945,0.009389541482099473,0.011791372749554885,0.01540755377604408,0.00832154017272102,0.01228550407359319,0.0018690557877951708,0.009015331284313755
2019-05-22,-0.0010265479290935131,-0.010268597710417326,0.004522587578944748,-0.015499276077210355,-0.00588450809059593,0.005715467769737748,-0.008210909857087834,-0.006947106754726429,0.004676972871911378,-0.0052012532727471195,0.00746106138923186,-0.0030714959133456565
2019-05-23,-0.013971327871567074,-0.012380227966231505,-0.00034637438502915785,-0.03353277215531758,-0.014058757037118785,-0.0034546458805013724,-0.015222218661148035,-0.01527975188493147,0.004928906682816425,-0.017562630107437527,0.008584325913009172,-0.012218065787929389
2019-05-24,-0.0002085349917878565,0.0013242673117372927,-0.0036376300296003805,0.003746483481183116,0.007880203201177771,0.0014536698302634044,0.0004068134511590049,0.005608529169476073,0.0013623481639180035,0.00027300975610344835,-0.0015017625333313411,0.002268095755990851
2019-05-28,0.004376906531074365,-0.006612148878371138,-0.016342037564454626,-0.010386067595206994,-0.011541431455417972,-0.014292035603159503,-0.009216619309599938,-0.01003924514999166,-0.010340567069119344,-0.002865043397258238,-0.016379859473079517,-0.009300897408234032
2019-05-29,-0.009753418542112313,-0.008874519098392764,-0.007246443792248924,-0.0063957646221542985,-0.001883277919165094,-0.009628323532109406,-0.004514387065566283,0.00018791241573890005,-0.011547617304227042,-0.005883188106244108,-0.01325394309329575,-0.006710657569760414
2019-05-30,0.0023054065893046705,0.006536485904191203,0.0042727510853055595,-0.01270829978359489,-0.003395933619948943,0.005489872586604383,0.0038478628193614473,0.0016900652539391103,0.006119307072056879,0.006193456101844186,-0.0015499343499668639,0.0027316545059086206
2019-05-31,-0.015471318060180095,-0.013077130148498206,-0.014181880506869748,-0.017552627093853856,-0.015145672195261639,-0.007166362448826957,-0.013689372647282094,-0.011246657611602595,0.008294472778829665,-0.016687532988904574,0.004656609431062719,-0.013475301660582417
2019-06-03,-0.03142923003749398,-0.008382871878293452,0.012587880632978665,0.012761808282308218,0.00653589500093088,0.0024059969630241262,0.006800842580160893,0.031469045520174044,0.0038387388258516175,-0.017526743975054493,0.009957429621842984,-0.0025431553844311727
2019-06-04,0.021486232568040275,0.027088317744173196,0.009056937812610633,0.0173052471466979,0.027119603755720645,0.016573493157179486,0.02384837119283345,0.028119880875516756,-0.005462789958277092,0.03341394912684392,0.000849959713337789,0.02170678830155648
2019-06-05,0.0004295149608521953,0.004956490584073547,0.01143946250873995,-0.011065497404858626,0.006322085474797179,0.00753312337657408,0.009694707211093556,0.0073294270935047034,0.02279578451022468,0.013015138701795381,0.02139910848669513,0.008661898416302494
2019-06-06,0.004290758916622339,0.0051076488481553994,0.010440087397217246,0.0185370498204529,0.0036956482242243016,0.005133073302878932,0.001733632598145629,0.011890062859247097,0.0018795525515513667,0.011631223271993507,0.006152491777030589,0.00650303735145874
2019-06-07,0.016236201790482685,0.014457236640205817,0.009643924304574947,0.0045909542799444925,-0.0014728323691981515,0.010436590476482932,0.00798742843853617,0.008943856417736873,0.00321655753055472,0.018582951801399794,-0.007436780267048748,0.010006756479163048
2019-06-10,-0.0008411604158994335,0.008464400272459205,0.0003410965088406215,0.0029378402610724663,0.008481015768862399,0.002966723418485806,0.0013200099125272313,0.0017383275718991786,-0.0034734260845157294,0.010237511111718334,-0.006826394331580943,0.00458910257575873
2019-06-11,0.004207964958426791,0.0038540441407555193,0.0032395881091735745,0.0019528230917467138,0.00036527062502744734,-0.0016431782211717705,-0.008572597603123233,-0.0006942163217579234,0.0018768554608734611,0.0,-0.006035278958278267,-0.00024235842248410133
2019-06-12,-0.004818744807534969,-0.0002558757075064033,0.0015294954285429707,-0.014130459004647156,-0.009868289435002842,0.004828124879986628,0.002128609961588923,0.003299205166399144,0.003746288464472114,-0.005586726171067591,0.012986973249922151,-0.001765107398332355
2019-06-13,0.011157838354300287,0.008960444295010195,0.0022059583494205004,0.011696967473484587,0.0033223757043110425,-0.0012016090028664772,0.005044852681038936,0.005884527407844731,0.0013331887889209693,0.0030051459259037294,0.001997920604614345,0.0041257880123199975
2019-06-14,0.0018738886329467963,0.0021991008901605102,0.0005078804934708359,-0.006513564935728411,0.0022072611463432867,-0.0022956583457200974,-0.003962703329286721,-0.004301436373995271,0.004259656375847909,-0.008727403931818145,0.010468743740438269,-0.001104619085866121
2019-06-17,0.011429508546443312,0.0004221505508064105,-0.002877024586999455,0.008359354051880041,-0.009177468300594516,0.004493070046720504,-0.0034479532637050614,-0.009158387692366876,0.010869582738188166,0.0007883582452901106,-0.0027959563440158597,0.00038043359566808377
2019-06-18,0.0055475750499482945,0.0075924113404417515,-0.005431233737542396,0.013816586027811883,0.013338416454480972,0.008509631339186141,0.019427905667890766,0.007847892373257226,-0.0028849157177900375,0.018119557944549447,-0.004122478648553862,0.010471091116990738
2019-06-19,0.0012260024591974616,0.0018418425463309074,0.004095966017248154,-0.0011223436667919806,-0.0018281906632769962,0.008978899539341834,-0.0007831407333773743,-0.005537437315254912,0.006575247758393132,0.003611207486424961,0.007617174885449884,0.002256578832739997
2019-06-20,0.006326575702684911,0.00693614311479096,0.008837486725560728,0.022150810710676483,0.004395277553845611,0.004395668741276948,0.016721440271835863,0.01270249402486101,0.006010487897521344,0.014649518780342374,0.0064092757148916935,0.009554756882355964
2019-06-21,0.004228139402014275,-0.004630257764062673,-0.003242240947996855,0.007226164017349435,-0.002235755545280993,0.004802968342914937,-0.0053298582199560185,-0.0031805180019275348,-0.011178984020457028,-0.004728144075220153,0.0038678642889153902,-0.0014539222033952415
2019-06-24,0.002429393755042142,-0.005355003005979131,0.0025544204748502164,-0.00896765467161853,-0.004041140758496153,-0.005228009823679103,-0.0019458480012898294,0.003814845661985311,-0.005030704758633875,0.0019157236808675648,0.0003279397100355297,-0.0012241535802296477
2019-06-25,-0.018578399404129642,-0.00958932385833633,-0.0005094107571104178,-0.00793792650394598,-0.003319774526700736,-0.0040754284178652345,-0.0075393986165787075,0.0005181982556645703,-0.013571070248232897,-0.01835359303081141,-0.0060646240099242466,-0.009807994307293177
2019-06-26,-0.003909373775957681,0.003227366790801156,-0.01427615719924058,0.015362539788166263,-0.0018504712389668665,-0.01259952621237237,0.002488515168808325,-0.0017265086383383421,-0.01942295219916934,0.010776507214272923,-0.02176793037636371,-0.00099751243810009
2019-06-27,0.007023497355518549,0.006264914253607756,0.0018967544994958896,-0.007407387871538718,0.008898632059209488,0.0069797773678594854,0.000914387055134025,0.0032861991473867036,0.008253165034226129,0.0025689051715065414,0.0013486881947386564,0.003546037395718571
2019-06-28,0.009641005452763585,0.0028604736291444333,-0.0006887824264838471,0.011590685470646012,0.014332875177541116,0.003357918554608652,0.010573358425553847,0.008446622202028964,0.003274322148688391,-0.00012802269313849646,0.0038722959609398533,0.005145929660081094
2019-07-01,0.008126429037722982,0.008808704922481425,0.006027322236667132,0.000942203502002803,0.011956744087458393,0.004965359147479198,0.0009041037114223549,0.0076923728871400865,-0.0019035579629724797,0.01588910008357325,-0.0025154445275777926,0.00907820713484142
2019-07-02,0.009270604023598139,0.0021622235361518083,0.0087299923098072,-0.015995083734452797,-0.0025062834165284764,0.0053704150079558755,-0.0012907719662260675,-0.0010176862906275952,0.018528419526747886,0.0026489126619333447,0.013617814158481734,0.002604554878678833
2019-07-03,0.0051916020193052415,0.008712882464629423,0.012387613493302085,0.003984143429163423,0.007896615175631228,0.008547076905765616,0.005556423137800914,0.005094136698727825,0.014446245129146496,0.007673928584099432,0.006966378283005614,0.007995187312054286
2019-07-05,0.0013907040458496223,0.00115183009033748,-0.004358074745069995,0.0014284438370646413,0.002848879327504328,-0.006885596551623241,-0.003983778411415284,-0.004561575148903874,-0.0055380589552920245,-0.0018727107098008844,-0.0004943732954477698,-0.0011382005300742959
2019-07-08,-0.008926863885616698,0.001232345562608872,0.0013467204272263888,0.0014264062957822787,-0.0049714724748600725,-0.007466783268612054,-0.008256653735111197,-0.011541164449659913,0.0037127278728001922,-0.007629573512212939,0.0014834632020575,-0.005494887549647776
2019-07-09,0.006204952306974043,0.0010670158145107411,-0.005884286686518525,0.0007915215240386075,0.0017845078032647788,0.0009672794156745379,-0.0022118664006490762,-0.00978705034670424,0.005283868057890828,0.0035291096645981845,0.001316507517233001,0.0012470269095221642
2019-07-10,0.01133874945516844,0.0036071639120436316,0.006426598030943476,0.012810472803011175,-0.003562658015500375,0.00343560481306171,-0.0023469648917820995,-0.0020805482434066436,0.005519074709039229,0.007912394289616431,0.002300547719805923,0.004777633288212346
2019-07-11,0.0005901657724893816,0.0020420726510264053,0.0025205875901292973,0.0020298453739278077,0.005720322581547865,0.00021451950898421224,0.006795785892199646,0.0043437538239619045,-0.012806736887990944,0.0037384208171267197,0.0003279397100355297,0.0023445195200804125
2019-07-12,0.00727326755704949,0.011494210279840988,0.002849232063130369,0.004207442993547916,0.0067543818431037295,-0.011125835836828246,0.017523389335384776,0.009861857476790803,-0.003971693078393734,0.007324542433662096,-0.006556255865929561,0.004476724207341576
2019-07-15,0.00019523937861909424,0.003223853546153954,0.0023402837344521643,-0.009000432614789222,-0.0056497036356326635,0.0021638388881111137,-0.004082091278052147,0.0006848732244111311,0.0013289629778623357,0.003327973313091759,0.003959870705435131,0.0003324338769119528
2019-07-16,-0.0023414591238984928,-0.0012854235693027238,0.000333480006326381,-0.010648444119477296,-0.0024857362374300918,-0.004965730680955849,0.006404383680973069,0.0023970307767182675,-0.001592574961132076,-0.009335716172089614,-0.005752030890867732,-0.003225009240883203
2019-07-17,-0.009387897547948554,-0.009571989755872368,-0.0011671737512393143,-0.011395989701529441,-0.008543828118554586,0.00021693820658930107,-0.02138199184691658,-0.008881378017572161,-0.0050517865541589435,-0.0026041161635167454,0.0038017336744766705,-0.006804962261238612
2019-07-18,-0.008094592423360858,-0.0012993851225215902,0.006675551048207495,0.00016024634736289123,0.007540135788483671,0.005639823306503811,0.0018203387079891442,0.004308203619952655,-0.0002672131467836847,0.00745938377523081,0.008727022371349369,0.003660839686371986
2019-07-19,-0.012938116679399814,-0.006587034143435089,-0.006299509992423347,0.00464196288237817,-0.004276481829194045,-0.01035359621466625,0.005452312102541823,0.00223042388217376,-0.016306035671267094,-0.004318872791101436,-0.01452803204855524,-0.005554929694714161
2019-07-22,0.00383182270458704,0.0005729866592385502,-0.005839128220509249,0.0046209312403797664,0.0021476188593942958,-0.0020706273247788065,0.0007750400303272453,-0.0025678502059335306,-0.0010867295270261534,0.011525605325526822,-0.0021534601402757314,0.0024568803340838663
2019-07-23,0.0038165396728839784,0.006790416606260674,0.007215927393044996,0.0026964564377265354,0.010357149484502948,0.006224677186842831,0.012643641076164114,0.020597194527327334,0.00979317532597146,0.005513207242559437,-0.006308193386688643,0.007149482421858311
2019-07-24,0.0088053483357462,0.005038031441506163,-0.006664427461895106,0.004270667158776442,0.010250901720323169,0.0005429545299395766,0.00433199492182923,-0.0006728351337711436,-0.0008081832634365682,0.008285442315515867,0.0008352863171920966,0.00469962907211241
2019-07-25,-0.002579172395168361,-0.00557885310011208,0.0013419820903672885,-0.011340345781543526,-0.006997711446979249,-0.004881325583520391,-0.002029869220251057,-0.007236481495689118,-0.004314035614327749,-0.004108483069547697,-0.0025036885332409,-0.004776879196041861
2019-07-26,0.028639896465629144,0.004553421672877311,0.011222489171548888,-0.005097975638886032,0.010922910941862485,0.003596928977324776,-0.002161041474659342,0.0011867312512268136,0.003249627037085201,0.0021839656465714175,0.00368134616328053,0.006699698155867573
2019-07-29,-0.005607104611529912,-0.00485635973802101,0.0018220639096448998,-0.0040029478657992446,-0.0076680916230673635,0.004127217862074817,-0.0017834395735488728,-0.0033862914518150156,0.003778604022682819,-0.0006053187392218717,0.005168382446245623,-0.001821104261576445
2019-07-30,-0.004666528148630222,-0.0067507835783992,0.002976391868179329,0.011253956170112156,-0.0028099299770153463,-0.004326651684807614,0.004338855285043852,0.006625708626108562,0.00994913545454823,-0.006421109308487716,-0.007629872807958127,-0.002454432498116943
2019-07-31,-0.00800952103285979,-0.011464086001549911,-0.02027702166724865,-0.00317984638501978,-0.0049315018980922165,-0.00988565773374428,-0.011181425355727304,-0.015358622604832006,-0.003993706380769346,-0.015120127402281192,-0.004679854137500716,-0.010940449529761143
2019-08-01,-0.004726342235521153,-0.013585158183081592,-0.0035337431430451094,-0.022647611685932434,-0.022654658100787595,0.0013161986754741672,-0.019403741678572062,-0.005656288706578194,0.002405754616125133,-0.005076081015023548,0.010243589465222636,-0.008707873883049055
2019-08-02,-0.009695032029284012,-0.00822963831364365,0.00016916200663219527,-0.014360332811620857,-0.00036243763442789234,-0.0023007207278050723,-0.0064217909611749,-0.011722435798478203,0.007733550456993088,-0.016301686379958658,-0.0001664288717720952,-0.007529883264111081
2019-08-05,-0.0323676505753443,-0.026841674596735032,-0.026000556643518635,-0.029801267166399192,-0.03333319417655667,-0.02350358733045499,-0.027696740164117495,-0.018838129858973818,-0.019053014117874856,-0.041745647291886345,-0.0142976276630985,-0.030073257339999215
2019-08-06,0.014453654263342441,0.015226435166239671,0.009013551577699896,-0.0011944525998195399,0.016116987066271182,0.0129340767978956,0.01505704700434185,0.0012445381312677917,0.012409227682526947,0.01663347702554341,0.01248103895464836,0.014023345526873676
2019-08-07,0.001221247614062504,0.004028281943977419,0.011682010877391624,-0.007517655662208522,-0.013279178298467587,0.00033325852214560747,-0.0005345938204741607,0.01384904859561864,0.009325432760554087,0.006232707677296778,0.0024989995796340647,0.0005907344649753732
2019-08-08,0.020126172815484233,0.019291615498619352,0.012905422785930876,0.028748583397331107,0.019065253279462624,0.013320169167867713,0.016980920415437417,0.019089595933159176,0.015839817617272045,0.02451955657812177,0.010302332393592906,0.01962005452206106
2019-08-09,-0.011159966490643547,-0.009379598350504614,-0.005532170738663855,-0.011044212816208154,-0.003301348100983148,0.0012046981058217998,-0.008414505455637378,-0.007905044161341634,-0.00025991498867350415,-0.011336344490293193,0.001151336839951167,-0.0068115465221997296
2019-08-12,-0.010680993903945835,-0.014540578598259968,-0.0067433026139124275,-0.011844445875905496,-0.019138844800861365,-0.009737266098027164,-0.013789802105577675,-0.015589868671653462,-0.0007797595202070351,-0.013122947942263652,-0.001971517186660998,-0.012173495991233962
2019-08-13,0.014666910216829532,0.016470866611961288,0.011371605653162309,0.009246737226558999,0.01238272249890926,0.01303741697602212,0.011965791958301164,0.010733769984819563,0.0005201198045690081,0.02504546049459222,0.0006586265064580932,0.01555191121802424
2019-08-14,-0.03553480217062899,-0.03131060493595339,-0.015774435363470674,-0.039192393781272816,-0.037064538030669,-0.02781118686339734,-0.030556685067186007,-0.03168532953964909,-0.015600627156981406,-0.030730709919306487,-0.0082251531167441,-0.029567931166790684
2019-08-15,0.0016651054001519672,-0.001655651268683167,0.015004221594184575,-0.006180482842257473,0.005004040469800852,0.0034776996503862456,-0.0010958566349563714,0.00035972267275208303,0.013998727515872833,-0.0018187559949081056,0.012937514778582404,0.0026422012144624585
2019-08-16,0.012884260668426073,0.011345189409040835,0.011422819869047807,0.013148464908266488,0.017617608716232525,0.012297386330437865,0.019344137023107555,0.01761321196322818,0.007033467865334542,0.01900535364897671,0.0050762125997314556,0.014754508896081653
2019-08-19,0.015593082263088753,0.012597921102768028,0.009965133323746711,0.02209737515142618,0.010161734019226154,0.009608109548926658,0.009420918823320301,0.007947633142170396,0.009052983684245008,0.015201842499503293,0.006353690085575181,0.012048136378135732
2019-08-20,-0.006666818999563895,0.00025559157586774184,-0.010853354218890332,-0.008407527294180484,-0.013412682579445057,-0.008532335028204385,-0.005866521305699535,-0.011739842163823178,-0.007433707162954772,-0.005033382012779697,-0.001618993325821716,-0.007662754623505963
2019-08-21,0.0038643041536972067,0.01925374850807593,0.0026597799967682523,0.006402273082030563,0.00453173085961911,0.007392045154643867,0.006169691529160248,0.005141819350165999,0.004132177585736141,0.011761848196724989,0.006648675134053317,0.00813555467159377
2019-08-22,-0.0022283554319979526,0.00025083505956291496,0.005305981786367875,-0.0044702187868953525,0.006767093840537974,-0.004928464281897749,0.001466153548951743,-0.006703250443352737,0.0048867717691030155,-0.002375064958219042,0.0009660109409017625,-0.0003078915232517243
2019-08-23,-0.027411276515481253,-0.026573098421932895,-0.016658404005350347,-0.03350589905627743,-0.025392155366489533,-0.023112087773051404,-0.02675348844818093,-0.024151898312028908,-0.012541719578474275,-0.03307875768001811,-0.010620971947475688,-0.02568784196138285
2019-08-26,0.015031285768758007,0.009872053047120355,0.012411889811860588,0.0042887063598615605,0.00957857549633534,0.010477471516755488,0.007384919016502067,0.0032757006237675856,0.009331249896022076,0.013865349647650849,0.011548572606132401,0.011058979125702306
2019-08-27,0.0018510865107685959,-0.004930037735682458,-0.0028163417220137266,-0.006227771169746266,-0.006072337212066237,-0.005909134997154952,-0.005158556674774939,0.0007257601559664817,-0.0033384848916161447,-0.0015335777500924408,0.001768903263983379,-0.003923719779770352
2019-08-28,0.0024637227513018,0.012472075321601883,0.009635954286546289,0.01432403257162651,0.009163821614768697,0.007289784746992822,0.012281207076660694,0.007793937207588142,0.0028344442108139134,0.0008960820735659514,-0.002728987661664184,0.007041573134850321
2019-08-29,0.015563835306324547,0.015018428791035099,0.0004937106314522044,0.01465133399334917,0.015134402399868074,0.007571885244213261,0.01712067718721544,0.012769616748143697,0.007194291436410705,0.017393282602882643,0.006921142714264583,0.012773263171294236
2019-08-30,-0.0012096722398377002,-0.005984854598586442,-0.001315635001828963,0.0,0.0033544199332178337,0.0012154436079143682,0.004108915735157481,0.0067484872434593335,0.0002548948458735989,-0.0002508099623510507,0.0003194826017118846,-0.0004445345014455482
2019-09-03,-0.009893057011665651,-0.004097715217447395,0.005764270599753818,-0.004871270331303523,-0.010401182227468997,-0.005850068766515504,-0.013595650833764461,-0.007937974190844965,0.014282166166073473,-0.012196681487731231,0.017737352170126508,-0.0058471651442756345
2019-09-04,0.019371987438050242,0.00990851689538852,0.009005892112811997,0.013986058098873322,0.009759724470480124,0.000666538587826615,0.012712536125088159,0.012268857422425006,0.008297465220236555,0.017056872057470418,0.0009422609891160949,0.011350523366837173
2019-09-05,0.017003285664984658,0.019123290751865696,-0.006166607531001511,0.012413858765747632,0.02044607006555199,0.009874754737415392,0.017970124038639845,0.0015810408279863797,-0.00872753205957888,0.0209010902297202,-0.010823608984560584,0.01285565359889218
2019-09-06,-0.002163566355378621,0.002447859798204277,0.0032655673787376216,0.005279226368916312,-0.0003642334620069798,0.002746191808390419,0.002076811676410051,0.003858178412530222,0.0012573252413217162,-0.0008581821678925738,-0.003964421748260172,0.0007723056746138379
2019-09-09,0.0031538657130776304,0.003825078453449704,-0.002278658560882052,0.019989727324060125,0.015306152361313163,-0.009203099471385312,0.0029794091418962054,-0.005241287325660315,-0.007537630710416132,-0.007484867986155441,-0.004935814132216776,0.0005030571837438824
2019-09-10,0.0013755935175716605,-0.00397266604635782,-0.006198873938796257,0.011792236929345723,0.003589278313703259,0.0028749629020929923,0.009169721752493976,0.009834962257867064,-0.014683410624998006,-0.00506845129263489,0.001280066928434298,-0.00023496690684376986
2019-09-11,0.005298182839150289,0.0018721811809383482,0.0036110762189360823,0.000984838990456316,0.005722524062468093,0.00992365246124427,0.009341884667095401,0.009565273460585999,-0.0023124176062897517,0.010437461276398441,0.009907457589174662,0.007111318407255096
2019-09-12,0.0029282056391350952,0.004793519930317736,0.004089031487999106,-0.006231577091444174,0.005334253441864112,-0.0003274096457418496,0.0006338232865614746,0.00775192802377167,0.005923477867709526,0.005410472730737137,0.002215005487491206,0.003463628022020604
2019-09-13,-0.0017517301931783136,-0.002021366916887035,-0.005701136628482262,0.00792100670099627,0.007782090993619262,-0.0005459241158900507,0.005449028145795731,0.01094022366016123,-0.012033125735850692,-0.007338259206524422,-0.006315080926204919,-0.0006639040271646524
2019-09-16,-0.0037044980529332694,-0.012801984999249227,-0.009666039516127656,0.033562558507041595,-0.0035099087753366343,-0.0021854534293997974,-0.0008823287714257999,-0.016401679066371577,0.010365778854964036,-0.002464535236103904,0.0007945617332476562,-0.003088452530590091
2019-09-17,0.0009787114282777676,0.006073768377336641,0.005459110128424927,-0.01393991966359831,0.0010567504067340305,0.0015331303734715807,-0.0005046946398263863,0.008079587207586725,0.014105922022971118,0.0040762996652314865,0.00873158578807276,0.0025319494637074946
2019-09-18,-0.0011735768076124309,-0.0004895053678051209,0.0016454817379412123,-0.0048189886550262795,0.003518706385259973,-0.00010952314057421919,-0.0015139867668336748,0.0005114957854721602,-0.003034694400494864,-0.00012301973370110186,0.00424910290297853,0.0005975517898810789
2019-09-19,0.0009787434599579647,-0.002693531800238569,-0.00016439857245609257,-0.0025827696336117034,-0.0045583019233382815,0.004702765018805843,-0.005055748944368221,0.0017048123031269125,0.0032974652652424385,0.0022144282413083527,0.004701331826294508,-6.58935012842754e-05
2019-09-20,-0.006487356844229741,-0.011462633373704234,-0.003172833117293661,0.0008166900643433728,-0.005877216936002738,0.005574286891214086,-0.006321359653412184,-0.0023259796887584727,-0.004250634419633026,-0.011661492016374675,0.003961180007443721,-0.004725111131043902
2019-09-23,-0.0035510045119496736,0.003488691305623126,0.0039789867591935035,0.0003263248883484948,0.0017807525285484793,-0.00532589831222674,-0.0019275775949274543,-0.002399649604911236,0.003578392961881116,0.0031150515663986855,0.00015673592505871525,-0.00023427532618358615
2019-09-24,-0.015046650180626786,-0.010677942106355087,0.0041278139987981355,-0.015823834267847614,-0.00959826285805676,-0.009179385744238933,-0.005666211700732671,-0.008590867063522079,-0.0012734057290558765,-0.009688514927429503,0.01174069758039864,-0.007847298376724487
2019-09-25,0.011457464752702817,0.009119713809782715,0.0006578583777563374,0.0016574031835094871,0.008255617314995911,-0.004852750351809543,0.006475159078102921,0.005198989029560286,-0.0010200601644163587,0.011915215448033534,-0.0006187713363940972,0.005914711215197155
2019-09-26,-0.009737588662817265,-0.004311437770215365,0.005587632259027364,-0.013072814591130522,-0.004628014739298747,-0.0055413929201723056,0.0014156236833329228,-0.002241044834370154,0.009701353897577203,0.00111538859762228,0.00526379515992792,-0.0020828578369547213
2019-09-27,-0.011238279986010347,-0.003497272133125784,-0.0011442703761503914,-0.0001677794764255447,0.003934190346705613,-0.004457797751075021,-0.00398375604926593,-0.002765181794068372,-0.006573905714141848,-0.013371151013028548,-0.0035421659328412902,-0.0053874249314139755
2019-09-30,0.005074088488471906,0.008607044701465227,0.004908726670847852,-0.007211122334978448,-0.0024933864538639883,0.00895570924065936,0.001419276577456996,0.008490876770779865,0.0012726159893301503,0.010540737021308866,0.0006182471157911706,0.004637680301083025
2019-10-01,-0.01009677965757294,-0.008368232528852104,-0.0026049267529301146,-0.023141662590539958,-0.02107171530268459,-0.009763933145052861,-0.023959971420656534,-0.02353955785006734,-0.008642558252320742,-0.00931292125689931,-0.0023169034641463693,-0.011894673415144164
2019-10-02,-0.015096123393099181,-0.017962815466627702,-0.020078546447226397,-0.02455512914668878,-0.0204305484140489,-0.01456568981511619,-0.01887292238238525,-0.017948003910173593,-0.00615399119513349,-0.018801845501898007,-0.013314694909442926,-0.017664629952265032
2019-10-03,0.009735244977142399,0.004849498557967014,0.006996466092431097,0.010813868590340725,0.004096832704286513,0.008982332890863143,0.006591479910353248,0.003583237703667752,0.011867964917158469,0.012263481774908547,0.0023535479805867343,0.008192950304215074
2019-10-04,0.01353818209744051,0.009397985581311774,0.015715387793150848,0.006313687377732746,0.018545855747930107,0.015663904892561087,0.010423913768620174,0.005356328467125415,0.004589680116389383,0.01653224289484667,0.013932523030132593,0.013532174392552276
2019-10-07,0.0,-0.004361501493883813,-0.008143133164523197,-0.008888174841441332,-0.0050980228442969455,-0.003328676235347161,-0.00502608260759374,-0.0035520416156776813,-0.0017769069020383554,-0.004220824418759039,-0.003860031132185804,-0.004314748372068022
2019-10-08,-0.016191109474962606,-0.010531043185074473,-0.00952391020913057,-0.0170562811901801,-0.019765750165389506,-0.019035992041960603,-0.015419171374007945,-0.01746529695112997,-0.004830608451288576,-0.01832707524213173,-0.009299288172237241,-0.015525053664407484
2019-10-09,0.0059657853586088105,0.008514446019229238,0.007625956016992008,0.009123032361207262,0.009335253782550179,0.007262946312660334,0.008505616405021676,0.011245944505552385,0.0030653460170986246,0.014859047126564162,0.004849864845678287,0.009496561328504072
2019-10-10,0.005726049840368175,0.006669340058204076,0.0019744739775793274,0.012586539058644597,0.010358884801058066,0.004956981567501018,0.00910308153869277,0.009147965656542079,0.002547421970015673,0.006882987792154349,-0.001089831007411668,0.00676343914868438
2019-10-11,0.011793034233090305,0.011321650603444589,-0.000985366534682175,0.013480541467901563,0.012449545245887927,0.008295913055265114,0.01883754213617772,0.01937430054190492,-0.0033028806334262084,0.013795473755214394,-0.0037407029072746845,0.010367107683888044
2019-10-14,-0.002210130200050564,-0.0004976154778876252,-0.0049308666216302255,-0.0005180171410233969,0.001446646944143204,-0.00044465324716447263,-0.0019529278717829168,-0.007149124336178314,0.0015295238613115547,-0.0006133613738422694,-0.006414159487761362,-0.0011135345318913359
2019-10-15,0.017119680555814254,0.00879459910028868,-0.00429488544860257,0.004147449259148006,0.014445649912860237,0.018242705853465768,0.00808828831403341,0.00702486942707381,0.0007636549999727738,0.011040739981693859,-0.0031490081064776687,0.009899973705113307
2019-10-16,0.0017823034226776002,0.004112402382510538,0.00099542585872614,-0.013941264721881508,-0.002491996090177251,-0.0013110179143740464,-0.0005171810239064101,0.0020928660585517456,-0.0012714620173429614,-0.006916168498131148,0.0022111873191013043,-0.0016061289556751346
2019-10-17,0.005929904725338497,0.0026208560902167832,0.004640423727646281,0.0006982849867460672,0.00071388789073068,0.007437947894246788,0.004920104369181555,0.0026106188975074662,0.006620349185928465,-0.0019546014860419847,0.002521633284759295,0.002949419468694092
2019-10-18,-0.011593531631152398,-0.001960603009681594,0.00197961003919378,-0.005232940608194014,0.002496748025615947,-0.0036914235971613474,-0.008632897403884399,-0.0017358303545244036,0.009613065357712003,-0.009548171746834422,0.003301434416842497,-0.004377000059131886
2019-10-21,0.005964012156577603,0.003519713914389433,0.0032926310737650955,0.017885537791886286,0.01387354445934652,-0.0010900046702478905,0.00597888306567973,-0.0031299428440598742,0.0067651046598835585,0.010752535714478206,0.003916974486459113,0.00677869303275469
2019-10-22,-0.009683786892763613,-0.006362282463141855,0.00032833987477975946,0.012919552489247144,-0.0028068511636509808,0.002182107689225443,0.007880917598686699,-0.004186004823538592,-0.0029860650496527086,-0.01345080528003384,0.004214405031817137,-0.0032666544196565672
2019-10-23,0.007782964433474371,-0.0045969635746241355,0.004593152113557819,0.008333265768060372,0.004222432058457626,0.00620520005820957,-0.00012787828164240178,0.006305784031255701,0.0017470333520088754,0.0008677581099736376,0.004041127430870928,0.0029095336228464053
2019-10-24,-0.011287061206400106,-0.0004946658290129191,0.003428964520268085,-0.004216277254687095,-0.0014017614630339459,-0.005085014934085086,0.001409888704454465,0.0031329071671739595,-0.0037378734282305093,0.014613038902206332,0.0034052946708296172,0.0016337579585676831
2019-10-25,0.007810939590744415,-0.001154969512996984,-0.005858540928902922,0.008130079873652774,0.004912293111033694,0.0010874477591773513,0.006273448531516124,0.010931952180852855,-0.012255866918727598,0.012083560209052324,-0.010181866537044448,0.004095318475921372
2019-10-28,0.009340329371426925,0.003138570811819452,-0.0019643054016530437,-0.005712607646283785,0.00523772384636656,0.01031943867853391,0.002798900833016482,0.003089574891580016,-0.010635504584215805,0.012662795893111367,-0.013715837407688336,0.005636458416184986
2019-10-29,-0.009057143501102538,-0.005681757995243619,0.0,0.004055906005954402,0.0024311046767153677,0.01419180098477213,0.0032986378900436986,0.006160117638375651,0.0025591338440804634,-0.009050985309069892,0.0009482922273014172,-0.00029640002644526486
2019-10-30,0.0027818817415750097,0.006211381963474594,0.0045926248240497625,-0.020363743614882135,-0.0006928097158842572,0.005618759892126901,0.003540840173596793,0.0008504244846223585,0.007403676088681532,0.006128941464128346,0.008841229320651456,0.0030670741747937935
2019-10-31,0.002971921120714205,-0.005349736172240438,-0.0014693803061887056,-0.004294769842034252,-0.004854455217206288,-0.0011599845528106334,-0.010710743490434882,-0.011214818492136014,-0.0032945104531674207,-0.0005968378882148517,0.005477075269608056,-0.0026636612947634752
2019-11-01,0.0065193519116513166,0.006619637398464162,-0.00016343006940067184,0.022774076674790145,0.01463395553990643,0.0012668743998218712,0.021780366828482833,0.014091467483381637,-0.0025425826682168307,0.0119513210836244,-0.00249023597515019,0.009264026644974166
2019-11-04,0.0054954979230070755,0.0004932129351078451,-0.009648281176133144,0.0325572889663619,0.008585473654296072,-0.003056866220304988,0.011593305300638956,0.007795411724589751,-0.01121549001859512,0.005196678797084964,-0.012794439414253511,0.004017801015819389
2019-11-05,0.0003902822580452714,0.001478975861896048,0.003302115480169565,0.0013071313326660228,0.0037453164212786216,-0.007083888911589731,0.0020949395554907824,0.001681393171961032,-0.017273145147571722,-0.0011747503845276341,-0.010273600425848128,-0.0011059768613965737
2019-11-06,-0.0035121238381351505,0.0010665238616791584,0.0041147544001975955,-0.020394813269272838,0.005088039361924146,0.0034075753582953894,0.0006147231840323286,-0.00067145764866261,0.003672706061470965,-0.00047060487171080023,0.0038327731941996124,0.00022781786536962834
2019-11-07,0.006265835093430816,-0.0059826274455330175,-0.003442116004346296,0.014989973110588473,0.0074248315285716515,0.0022284452372656194,0.0034409818760765543,0.006719454752090126,-0.010716061305731328,0.007885392172187089,-0.013522255219501678,0.0035168425215741372
2019-11-08,0.0027242629840469323,0.00041223068429085963,-0.0006580416299575287,-0.004102372580191971,-0.00033484359557822696,0.007305896464019801,0.00134727895817921,0.004004835874284796,-0.0018492305289836697,0.005604487740896502,-0.004192896428083626,0.002466077380178344
2019-11-11,-0.0046573075163761635,-0.0020603707773934055,-0.0014807795134785806,-0.005602137335229962,-0.0026810232524965283,-0.004099453775483375,0.0004895058929177409,-0.001496113153170886,0.001852656517976392,0.0004642579101377109,-0.006153595103793319,-0.0019098326378058639
2019-11-12,0.0011696358839141663,-0.0006606585137789445,0.0032962035030101866,-0.005136796486466921,0.0013441515706418272,0.006016388070552603,-0.0001222647034981872,0.005160023136575598,-0.006604910396668884,0.003366066033741122,0.0024441309496667785,0.002108250973301251
2019-11-13,-0.00038921158790627963,-0.003140403117016022,0.007557125911165086,-0.004330528738786921,-0.00637582282642124,0.001154328267978899,-0.004157196827164755,-0.005795874159992942,0.01010630878863017,0.0021980453740635397,0.014791982658766134,0.0003237058164153872
2019-11-14,0.004480533152889876,0.004310723535961625,-0.000326103028603697,-0.002676451543276448,0.002026295010992607,0.00010480161108894492,0.0031923345611650777,0.006162690133166171,0.010005382542651597,-0.0011543777959627244,0.0035239607120163274,0.0014553884420975827
2019-11-15,0.008339892536003868,0.0018159781636521988,0.00032620940647909435,0.007715491668444097,0.0026961660553685984,0.02127204868463073,0.007343027474815633,-0.0008278318588579303,0.004953008310999207,0.00808876987815177,0.003192234991345577,0.007236260121476823
2019-11-18,0.003462212092205652,0.0034604557999964314,0.005217350646674168,-0.012150615362362616,0.002016905332464791,-0.003385974346430509,-0.0037666183973166234,-0.0024849022443101942,0.00544745223702181,0.002980555270797991,0.002068465992537627,0.0007378722367423762
2019-11-19,0.0005750314084747021,-0.011002295560525677,-0.0012974937291753141,-0.014827050773985384,0.0020128456134136385,0.00679495624037596,-0.0008531446144314225,-0.0021592947560605813,0.002064176726178646,0.001942507717541897,-0.002540526297290402,-0.00028844002469263774
2019-11-20,-0.006130273402030539,-0.0023247922356735007,0.0022738976924769894,0.010090690096071553,-0.004686915493302468,-0.0013292267421247672,-0.007933973226933566,-0.012483287021427536,0.0005147960353670822,-0.006045494035874288,0.0060490056768764955,-0.0037187680327028794
2019-11-21,0.002698375430994826,-0.005658522345161177,-0.005023472097531623,0.016423818142446533,-0.0010091671900692711,0.002560032795374978,-0.000368827467085997,-0.0016854344322223547,-0.013381572531067754,-0.0050493780107115915,-0.0034809523660793706,-0.0016088779838022704
2019-11-22,0.0003846685765398483,0.006862356900788402,-0.0016285076443106616,-0.0033316316215908914,0.007407622652359391,0.003574596498045368,0.005169146956479187,0.0016882799173263408,-0.005738232974584423,-0.0012681918203025777,0.00031737922519026185,0.0022239184056491723
2019-11-25,0.00307452138841402,0.008810545729036834,0.0011418446008271133,0.0010028738541631999,0.006350033228893492,0.011703318150882991,0.007224165031103347,0.0065733782448935685,0.0007872195286779959,0.014550943931376459,-0.0033331030645689097,0.007750159047532401
2019-11-26,0.0032566906731517076,0.006838653115303517,0.008147336425671892,-0.009183468458903943,-0.000996359373249045,-0.0008043308878146194,0.002917428225145402,0.005023575767765909,0.013892605310042105,0.0009105986528621379,0.0033442497938052096,0.002265477551308681
2019-11-27,0.007065151313254692,0.008592445406480076,0.0024242783863934747,0.0025278438767573075,0.0039895561958493975,0.005134314318210764,-0.000969818714702031,0.003998612454638062,0.0031022969787553034,0.005572733060169588,0.0017462628200144437,0.004457619355106912
2019-11-29,-0.003412976928476752,-0.006490802759615222,-0.0003224014052843893,-0.010085879977087542,-0.0016556737246291586,-0.0035057540765784934,-0.0046101837522105615,-0.003650947562673368,-0.003865692796493958,-0.0029405043764935135,-0.000950772093666119,-0.003708702215505899
2019-12-02,-0.009513027872984914,-0.008248440054409056,0.002258126855749998,0.0,-0.006301879415388623,-0.0044225443216940885,-0.0164554835968288,-0.009993239095623996,-0.018370306812185433,-0.014292367183509458,-0.0065027404970769975,-0.008494673942840869
2019-12-03,-0.0019206128933660915,-0.010046073511758014,-0.0016094081967537033,-0.01494330550965206,-0.014018723975427028,-0.002221224821865153,-0.010905936286377704,-0.00639316526828726,0.008170708640644175,-0.008860536609618719,0.0027139042518733447,-0.006706661350739829
2019-12-04,0.005196198110345218,0.005573123992637541,0.006608975002036832,0.014997948117476012,0.00947884163860202,0.009309160815980766,0.0038841803026432586,0.002201118691945503,0.005229060509893468,0.004063683636732263,0.00764220714413022,0.006170243730605263
2019-12-05,0.004212078540605235,-0.0009925604479084082,-0.00032054698886907484,-0.004755646075588649,0.004694700828514087,0.0,0.00024944494790268834,0.005068779835930348,0.001560302318392326,0.0037000026250428864,0.0017377409471650562,0.0017981331433012393
2019-12-06,0.005910373981678818,0.008031843868683275,0.0038443596432420346,0.01911268538999744,0.013351062554850301,0.006616309704253087,0.012103855940256647,0.010253606543662253,0.00025972824819486817,0.011060113024764728,-0.0029965748029890937,0.009134006000630857
2019-12-09,-0.0037907248697696128,0.0012321872483340712,0.0007978258916578884,-0.0011722756716875393,-0.002305742084324214,-0.006971195409043784,-0.003821822194411739,-0.001996608830435842,0.0012977440186234812,-0.005241725463972946,-0.0034804010792521822,-0.0031440149917713045
2019-12-10,-0.003424742739318254,-0.0017229126137421336,-0.0031887594917466844,0.0020118002797824275,0.0003302651875927154,0.0022063499702646983,-0.0012375688842946042,-0.006002173688988366,-0.006999828857167323,0.0008018630243977753,-0.00015892553801333253,-0.0011156237706754224
2019-12-11,0.004582197350169848,0.0025477050574442828,0.0014395320929110333,-0.001672931925039589,-0.002310307803327971,0.0009004742303242441,0.006319548275756093,0.007548113180398275,-0.007572102251542034,0.006752906909544887,0.002699327847068167,0.002839282997074033
2019-12-12,0.001140149954454328,0.008771182256257726,-0.0007983716631225768,0.018434391132567285,0.01951695025793576,0.009298214019818563,0.008866284585686834,0.013983529747105816,-0.012101951635578034,0.010686658741574595,-0.004275727130746754,0.008618928685580007
2019-12-13,-0.002278012309370747,0.000893863269688211,0.0035165325714459073,-0.0075694009558620046,-0.0035688993090078336,-0.0006932546416738017,-0.002685347972973706,-0.007716236644540908,0.001065473717389409,0.006636596152264529,0.007792904362582398,0.0005994117489795947
2019-12-16,0.009893589291761318,0.0043841372319557426,0.003504137170045274,0.013430484889394245,0.0035816819713203607,0.010804844545723835,-0.0004895975076244508,0.004301938794253779,0.007714741149360549,0.008939651977739826,0.012466406731380442,0.0068694907034447805
2019-12-17,-0.0009420829650064189,0.004446030010359259,-0.0015873661282697071,0.0006547824041833739,0.0038936956042527893,-0.0010787669635621278,-0.0009795707062306702,0.0014826183958607242,-0.010824000805368161,-0.002325747654097876,0.0032731333569449017,0.00021955808696150214
2019-12-18,0.006788394853857849,0.0009656414346965736,-0.001589817271194116,0.0037603110735784373,-0.004201780541555955,0.0013744588562496496,-0.0041670755248359725,-0.0013163948104312206,0.014144856507986914,-0.00011138815651523526,0.004038878725432404,6.211550894752449e-05
2019-12-19,0.00917781764159642,0.0031354534357552755,0.005413767840487083,-0.000325571446683548,-0.00032441028374285974,0.003921803199442797,0.0027077180675421086,0.003459282223927662,0.009473751004162034,0.007216908919543741,0.00030971290653458716,0.004099158408185755
2019-12-20,0.0031063785515996756,0.0015279731459563184,0.00755294164441378,0.009592413411967593,0.0011748151486756786,0.007079485317007306,0.0046011010462314594,0.004852743291270167,0.007721341874167731,0.00580600043617574,0.006874384618918761,0.004384270390705103
2019-12-23,-0.0025960464448251397,-0.002328345689086908,-0.004279090866351365,0.010267209563113555,-0.002281499080834859,0.003992362278416817,0.008226871958802118,0.0027923492454831056,-0.0060146503670962526,0.002858795983749829,-0.009289135674361737,0.0015279059702635323
2019-12-24,-0.00018620601836893957,0.0022533088538061463,0.00127352235508571,-0.00048396567734620977,0.002286716221792995,-0.0012608291727101983,-0.004019168214083435,0.0011464302175678842,0.001315469037571626,0.00032859817651842427,0.0014061761998902522,3.11639636183525e-05
2019-12-26,0.0076241529695224575,0.012205015248256235,0.0009536209482718938,-0.00032277240040046173,0.005541084098556137,-0.0006797714582336134,0.002323570611010295,0.004417581700966844,0.006042908889380527,0.007453074525626491,0.001716917606003232,0.0053232436110133285
2019-12-27,-0.0018453896389334368,-7.951354852020476e-05,0.0044466625971764095,-0.004197396008790988,-0.0025930890580612154,0.00029164726221408976,-0.0008541817545828501,-0.0037464250468162152,0.0036566021453388053,-0.00010906631003881895,0.0029597887201973094,-0.00024808753332672406
2019-12-30,-0.010353317888703528,-0.006426203608103864,-0.005217294169077125,-0.0031559289839017124,-0.0029250455248369667,-0.006003429607452149,-0.004639816226927107,-0.003106690195787798,-0.000780544230161051,-0.005766601199299504,-0.00015523095729763625,-0.005512995629340489
2019-12-31,0.0018682188126035726,0.0014374603652096418,0.0009536132787193452,0.00569508441425004,0.0032593044422946083,0.001967191840528182,-0.000613187055524933,0.007380820605169536,0.007030694330462328,0.0031739485601440798,0.0038838396582563384,0.0024293468604303925
2020-01-02,0.011747254950336572,0.011880136728238622,-0.007939134476924181,0.008994074079361036,0.009746706992338927,0.0026505407334498354,0.018902456918099775,-0.011722463990123777,-0.011636484706270434,0.018763042395889995,-0.012534945183926172,0.009351715758935564
2020-01-03,-0.006450419080211045,-0.008509869321072228,-0.0016003307799707933,-0.002971382848265147,-0.01061777746019188,-0.008714455331391036,-0.0019272424993558301,-0.016145212711283774,0.007325851892079571,-0.011243248295534913,0.0020376366046386263,-0.007572062382457889
2020-01-06,0.013355498621719697,0.002781396144099668,0.0020836848615237713,0.007781288707004785,-0.0006501530589071436,0.006223113370657396,0.0003618836671979153,-0.004353708023839387,0.00025970839495537135,0.0023824406796688624,0.0009379405713267897,0.0038148660669132806
2020-01-07,0.001281167822641871,-0.0015851160270038411,-0.00767865572082671,-0.0026283917554551506,-0.006508701576992126,-0.0019633032333454814,-0.0020510535169828703,-0.0011772327480126243,-0.010906398170285492,-0.0004322047523035444,-0.0014062482921941566,-0.002811715896694822
2020-01-08,0.007129927137917269,0.0030163931404132427,0.003707820908643189,-0.016471642872497028,0.006551342309010222,0.006491837543779466,0.0033853411785327303,0.0035360800941257597,0.004988197282695284,0.01070038741176349,-0.0004691906301098614,0.005329521246660196
2020-01-09,0.0052642829572751015,0.005302252313309719,0.007067224948654971,0.007369081020418777,0.006182503174271714,0.004299203626549897,0.004217297342417492,0.003691172372846996,-0.00026113907427194327,0.011335689467072863,0.0054791126397018,0.006780595670840883
2020-01-10,-0.003972678121467843,-0.005431718634118177,-0.0006382618474285451,-0.00565280836559634,-0.007438367804647239,0.00029230020377690735,-0.007079459248887421,-0.004011904996928384,0.009668201073601557,-0.0023263471394258106,0.002646613239716933,-0.002877744591122333
2020-01-13,0.009427264481619568,0.0031660257979753137,0.006543471013975344,0.0003344133869327415,0.006842547431422208,-0.0035020412559776393,0.008217613152591285,0.012923767581475287,0.012163664475662861,0.012506782971042796,0.006055892142858399,0.006877509245494906
2020-01-14,-0.0025145994457864695,-0.0003155842836227718,0.0003174742008227316,0.00016715079600260196,-0.0019416177501428988,0.006052466350862762,0.00011989056340766524,-0.004142573120577531,-0.0048581630282480415,-0.004710461148431322,0.0029324512682684656,-0.0015244864186666485
2020-01-15,0.004861318735446707,-0.0022888992744934944,0.00713239562318968,-0.007352906276550164,-0.005512475746237144,0.008635650479967172,0.0015580867476363558,0.006821947960134134,0.006937187175935833,0.0011565530383230715,0.014004267004720017,0.0022599056060239597
2020-01-16,0.007704966486243636,0.008939231521190694,0.002675468996492736,0.0016833563644536031,0.008803328822080125,0.005194825109186008,0.009931718236687592,0.005949558233623309,0.008931086032331281,0.013446823643981975,0.006222790948847923,0.008318099279782887
2020-01-17,0.007823497626229248,0.0035281798841899636,0.0017266124451023046,-0.006386623983095419,0.002909044168518893,0.0,0.00011861276515579,0.00443565293173509,0.0012646268010692019,0.006738083355307234,0.006937914681008905,0.003112663632107937
2020-01-21,-0.0008820525928251444,-0.003047022317255399,0.003447201819526402,-0.017929675357819752,-0.00837891248767686,0.0010526642068529046,-0.01101796915392994,-0.010795093343392681,0.010103457744747635,-0.00041191174475796455,0.009137242563840298,-0.001958364704452542
2020-01-22,-0.0005299571885322152,-0.00047018594526992974,0.0007807088601650136,-0.00964503394853189,0.0029248357087889865,0.0012429337223871517,-0.005270710482827123,-0.0039681246345053545,-0.00800226303393825,0.003605464160689298,0.003117179492486466,0.00012086316511128459
2020-01-23,-0.004063579458990385,0.0014896225596128243,-0.0009362752639382466,-0.0038259823632178502,-0.0025925276876476167,-0.0050606872013454485,0.010838183440939675,-0.0011618454285743374,0.009579227977664528,0.004721168560090305,0.0088784919357483,0.0011469498268308342
2020-01-24,-0.012063011317951844,-0.01393572722927472,-0.006871722193677154,-0.011522378140068512,-0.012670453409319937,-0.016698774687618045,-0.004645914806510998,-0.007146444972308763,-0.0014980618853959182,-0.0046989838652015115,0.0026397243737332765,-0.008893085258580569
2020-01-27,-0.015622185232949226,-0.014926457736167298,-0.0031451483954643145,-0.027728885789527924,-0.015465606092429085,-0.007612536348094334,-0.01891084815092281,-0.02159358009018031,-0.004251430138076606,-0.02381196983139977,-0.0024863766723879355,-0.016029557057581467
2020-01-28,0.011492029203822085,0.009752514904189047,0.0012619857567013337,0.00454143277845831,0.011697761776412463,0.004917554621012066,0.0064656240798453,0.011291461252121548,0.0025114697677464104,0.01913560878438858,0.004105802444811291,0.010479157958183327
2020-01-29,-0.001623045189052874,-0.0005586442947188575,-0.005041651981798845,-0.010488368723468255,-0.0016518678690549127,-0.0027404012108016573,0.005333012205716692,0.003214434088602669,-0.0052605294931293844,0.0025789962998996607,0.002629089550123309,-0.0008260130720025849
2020-01-30,-0.01011573267561916,-0.0016772560778394174,0.011876536859600328,0.008041081051153975,0.012574611932497204,-0.007261891548142385,0.0010853901354170858,-0.006239430170410287,0.0022664523494484445,0.008643647378231423,0.009322546833169465,0.003245793768014371
2020-01-31,-0.016240638759984383,0.0025600113746744313,-0.011267575286152853,-0.031182090697739917,-0.020914970074703665,-0.0199684575345499,-0.023124288535868343,-0.02206014104721521,-0.014321579809692953,-0.027443112189927565,-0.004473786901237564,-0.01815840581451522
2020-02-03,0.011871504062153315,0.00710176435091503,0.0,-0.01309860603470725,0.007009343444827731,0.009078019449123564,-0.00036985534187872204,0.020995916401768566,0.0010198049962164557,0.01321699583859326,0.003188964789150317,0.007428682329055913
2020-02-04,0.010449252661401731,0.01822364141478916,0.006014481465761223,0.003602522616151349,0.009612231710720787,0.0175930099181989,0.018870435009116893,0.017675213062191553,0.012986987894658686,0.026193214431161627,-0.009970817055067194,0.015241143712777738
2020-02-05,0.001632835773565322,0.005058051473942671,0.008023881316815862,0.03759656498826058,0.02002608839349085,0.0192535834159262,0.016705034427698218,0.01853727394514504,-0.0007541744236820858,0.005851556757980214,0.00408689790494754,0.011548359671822439
2020-02-06,0.012497435941989599,-0.002245366963974038,0.0017168401968650215,-0.010196389047287924,-0.0012872602447491222,0.0008670625089066686,0.0032145569671817587,-0.0004920545855970904,0.00427656245144159,0.009127363829977808,0.00029082992896234394,0.0033645856613995218
2020-02-07,-0.0007154011067410648,-0.00434559327482098,0.0012465929517289087,-0.006990417314008179,-0.0035451699157815764,-0.007799496476420753,-0.007239179780868521,-0.014271693431270438,0.0005009405851441606,-0.009144054311751248,-0.0031972502671773206,-0.005329637893178085
2020-02-10,0.005907412431246817,0.01130083329300624,0.004201563698061017,-0.0050017991153411545,0.002910717105733429,0.00533763363318096,0.005618520505080049,-0.0004992799458320984,0.011517289469569203,0.013541932300273896,0.003790589381848841,0.007465252004787981
2020-02-11,-0.0010676357135503967,0.007860852739577817,-0.0037192142394016914,0.011170973855722188,0.003547387818726655,0.005985110763222057,0.0038038233064017213,0.0054946782774347724,0.012128811191043809,-0.0033652543426493375,0.003630919098833507,0.001733116296154913
2020-02-12,0.013005430281144426,0.010246039617024971,-0.00046650521443913906,0.013441195640685466,0.0006425613941065667,0.0012474224925278499,0.00935596653842552,0.005464364191059001,0.006358786804247396,0.010824751583594194,0.0007238131000519843,0.006442729006431058
2020-02-13,0.00017586638501354557,-0.0017407178752255614,0.005913398014376403,-0.0030884058669028436,-0.00032107438704753744,-0.0046962216677084445,-0.005631921763082248,-0.0036232306352084187,0.006075106043829992,-0.0026528422054901135,0.011135152574647922,-0.0010668481790304662
2020-02-14,0.001231062663755722,-0.0015164906048568128,0.002320666975425656,-0.005285462372161098,0.0012850556851702333,0.0007703811157675489,-0.0012979566627412398,0.00016527487946693675,0.011594155088834102,0.004334173484966675,0.0067218476857406895,0.0016019813394205773
2020-02-18,0.006673531999650262,-7.60529754899597e-05,-0.003550010202504561,-0.008244752915777198,-0.008662251253269915,-0.0035601475258565385,-0.0056708814669393925,-0.0024789287824598105,-0.0009548794817086925,-0.0037270107385232176,0.008382016646238055,-0.0025769410534527415
2020-02-19,0.00453597266303829,0.004480608078150761,-0.0010842871180503089,0.013301325585096668,0.007443320731169267,0.004634985004026815,-0.0003567526275874977,0.002650747364592032,-0.014101476043199557,0.01191189738256937,-0.010848133165673457,0.004781223813532964
2020-02-20,-0.010246581419563472,0.0003779877953837829,0.0007751910219424563,-0.0010937800074093396,-0.0019274107030089471,-0.006439548159987041,-0.0014260135355305126,0.0016523461421247276,0.011151526159866476,-0.010409665080136521,0.0035607193040896323,-0.00410834846331265
2020-02-21,-0.015265757737908392,-0.015265790171959726,0.0017045483652089466,-0.011863591974213827,-0.009655386891486373,0.0005801405575664997,-0.004999733516486304,-0.0046187508952871825,0.005274435620494788,-0.02241419369803166,-0.0018451262767810173,-0.010298138578886062
2020-02-24,-0.03349956721244984,-0.034382404839305436,-0.023047275055152916,-0.04617646598639147,-0.03249931687391716,-0.03151878859042412,-0.028472266368026022,-0.0281738898175522,-0.013355877188766185,-0.041331621230538906,-0.011659151196711903,-0.033165361574997054
2020-02-25,-0.026733221617343705,-0.02670458467393233,-0.018049447513673544,-0.044151909013688706,-0.03392677920268661,-0.03034834461189473,-0.04075819454484497,-0.04314471101141526,-0.025138779165174596,-0.031994134414322084,-0.021004231922616468,-0.030302102041731782
2020-02-26,-0.0018943300923894846,-0.007921047393070646,-0.005643322560014097,-0.030186176455000435,-0.007301880811970585,-0.00010291639217208104,-0.007574054463222013,-0.003385911676276554,-0.00867857399440286,0.004551134092352971,-0.010139726626703816,-0.0036784520410745314
2020-02-27,-0.039475937753046475,-0.04041475834758024,-0.04070039514034074,-0.05347821248949847,-0.042731982557156156,-0.033978650900475804,-0.03712358669487992,-0.04685283541330576,-0.05652798691466954,-0.053937408964052636,-0.044982061024018805,-0.044911333598736336
2020-02-28,0.002963769960368179,-0.006433375889563386,-0.01977686205897089,-0.0008829730270381031,-0.027076472625332193,-0.012897015283349855,-0.01826949888424434,-0.010881669904269753,-0.02465534725010743,0.007639510451370457,-0.033421399737504354,-0.004201669797165963
2020-03-02,0.03467294143574673,0.03436068812298343,0.053457289276770625,0.040424258848045236,0.05114702566472462,0.04686310114426773,0.03516695788179569,0.04286795614040062,0.04974166755659404,0.05782555361140207,0.05886128928202772,0.04330632580892613
2020-03-03,-0.032939896034350435,-0.02420508323776427,-0.013586449240775345,-0.030573380885413615,-0.03756707429936745,-0.024858260011001665,-0.024454624518746915,-0.008730477368862788,-0.0007767043460263912,-0.03797617739088366,-0.01230239400483446,-0.028632364991516
2020-03-04,0.03603097584739956,0.03455645076739544,0.04912046178959706,0.023653275613741753,0.03308540909978541,0.05764767330820786,0.041327700854521865,0.04146778770218584,0.038869950968946965,0.04292221685169317,0.056743174069999736,0.04203286704116338
2020-03-05,-0.03648838393576681,-0.037288149831583906,-0.01882308187175563,-0.0365853294507984,-0.04821873814708133,-0.023202144961257387,-0.048926478697105535,-0.03171247163229396,-0.022948394206206424,-0.03155993505447052,-0.01542513709053861,-0.033241484566293056
2020-03-06,-0.01735691075787882,-0.015372808100397872,-0.007899362693182588,-0.056184989826767895,-0.034026468873420423,-0.0053239732796092065,-0.008756411154408839,-0.02601887380920853,-0.01710470912490858,-0.021138307532879153,-0.008128776774072755,-0.01653129589220903
2020-03-09,-0.06663970302901134,-0.06297401602660357,-0.043548861671187655,-0.201411854087307,-0.10724069645733059,-0.05198161815465552,-0.09220133955848675,-0.09359243236552817,-0.07064912071741347,-0.07591947924139575,-0.05438833097230822,-0.0780941957506428
2020-03-10,0.0509676531073866,0.055291628228522516,0.028712074088049988,0.047436798649778344,0.058745727932071556,0.03431052645290844,0.051847051698437285,0.040602044164688156,0.04863043968498659,0.06669931056747957,0.009297059169564026,0.0517448295581211
2020-03-11,-0.04297119987276987,-0.05468814016479262,-0.04905028282302115,-0.05288324574053427,-0.054243955400990695,-0.03821110627122659,-0.05868740159682262,-0.047534238093845826,-0.053571419543623544,-0.04723875377587705,-0.05027298826827942,-0.048748468029496506
2020-03-12,-0.09386360406737704,-0.10105442984084456,-0.09395622469496301,-0.12474009904927996,-0.10814349710717153,-0.07465655058735254,-0.10350112751802354,-0.09627810027924111,-0.08589136232742611,-0.09760509682395513,-0.10093713584789943,-0.09567721109842342
2020-03-13,0.08990085969048311,0.06186434932255014,0.08510647348695533,0.09229725468381056,0.13156588615943665,0.06935612428482418,0.07810913981501577,0.07017958369606458,0.0878003994576213,0.11731960234802075,0.054488489155630315,0.0854859483868966
2020-03-16,-0.11279501533528391,-0.1266862545033527,-0.06783269787973767,-0.13606711449601316,-0.13709326706313518,-0.0986101678493626,-0.11344146339122685,-0.11008381764949315,-0.1600113510182879,-0.1381399898958654,-0.11357678312243769,-0.10942350333972428
2020-03-17,0.04343587942848748,0.038504464638297264,0.08432814626764795,0.006832148563888918,0.05429890984111885,0.06277536387587013,0.04605721785559713,0.06185087609337936,0.060687697765109405,0.06808144177217357,0.12793407389574507,0.05399183793912887
2020-03-18,-0.03320866935742617,-0.057447726477458105,-0.025690028961784517,-0.14357124489144002,-0.08488352857097703,-0.033160845638123715,-0.07366780472205547,-0.06393645642814283,-0.07024798184546488,-0.037677439679678404,-0.04353109203693262,-0.05063273453120243
2020-03-19,0.0179003060212497,0.0348771749477228,-0.03336340538575433,0.06797301933326305,0.021886622165542935,-0.02048313998074469,0.00073980820452757,0.025522499660962872,-0.01572643134803331,0.0036204988993928655,-0.0582049031905425,0.0021249276084280844
2020-03-20,-0.04420133992457054,-0.02972369014182652,-0.06476141314926309,0.009762039940057532,-0.035696100125587216,-0.03841965097034861,-0.05008319616926815,-0.03579014530934832,-0.0566168512826265,-0.04582528754774351,-0.07932234014223072,-0.04309394641656017
2020-03-23,0.005310804936591529,0.00164777703004515,-0.029593089404264195,-0.06815844617541222,-0.05818340459483928,-0.05193869335851864,-0.04380057878878396,-0.050977755293283855,-0.05556799092920006,-0.009134448538224427,-0.05102847950818268,-0.025568516777559336
2020-03-24,0.06150778171780891,0.09379656058924235,0.050997073089060097,0.16037330481417889,0.12400900716657115,0.0770569228069351,0.12651201789141142,0.11760098193974033,0.08719536110200354,0.10241519771932261,0.10750041260069154,0.09060330444274856
2020-03-25,-0.015420246173871943,0.01754729777247066,-0.002738984455827098,0.047166228795565424,0.027203862339129747,0.013313681528213106,0.052603073905206355,0.023331992616632435,0.044436618574694275,-0.0012889750315793203,0.025522778054085427,0.014970423410712641
2020-03-26,0.056952655749411996,0.041367493176850845,0.05473788819173353,0.06110298997668595,0.06277594299809253,0.06642917478374133,0.06311584229653588,0.04696749009669454,0.076790073106074,0.06192771059433655,0.08524389030139079,0.05838959819190004
2020-03-27,-0.039963880504974014,-0.03351406005139013,-0.004650475124644782,-0.06778526562903064,-0.030457138214824653,-0.02141627754064057,-0.042127446980720906,-0.036149567576096886,0.0025698714270485645,-0.04519518771328401,0.005417024060914599,-0.0297857114140343
2020-03-30,0.03648236537632066,0.020907487545284376,0.039058261195147104,0.010236475548170976,0.019038604747722232,0.0468289023679922,0.014603608610193053,0.0318569038217118,0.02595316684692528,0.042117290903253,0.03699715661001313,0.03247591946545669
2020-03-31,-0.001804878990153136,-0.020179561297572035,-0.020323720656583943,0.015374062392847776,-0.02755686357098508,-0.00438355696694126,-0.012384943190985487,-0.013794415806221427,-0.03185514933063627,-0.01868122452524723,-0.0403531191802422,-0.014905499134217015
2020-04-01,-0.03978325746568867,-0.04465765359314444,-0.016889968585223958,-0.049552912171539454,-0.06099922330280183,-0.03804458352459661,-0.04507719278282485,-0.04507118024201262,-0.06064527981889223,-0.04765433644304995,-0.06009762911784566,-0.045004864139517986
2020-04-02,0.012712397314063262,0.003735524265362944,0.02558335144182866,0.09160039576376788,0.025064107622871923,0.027696502866087602,0.013309545699332626,0.015112836610309932,0.014766636327473881,0.02338628608089488,0.03129773036199812,0.023075478832834673
2020-04-03,-0.02022341859643173,-0.01743750928464327,0.007829604788058386,-0.010613602908964848,-0.019960445835679907,-0.009021837002221478,-0.013309801376256813,-0.024049388716343878,-0.008460397249220097,-0.015447431760156172,-0.03574707860224058,-0.01445429237448248
2020-04-06,0.06595490712864205,0.08321583707185076,0.037217904200254504,0.05296692520383672,0.0717923761487338,0.052431964990842905,0.06922254274517692,0.07439560002425227,0.07235509502954152,0.0853216430579069,0.07723491272211747,0.06716635184890896
2020-04-07,0.007344698775778369,0.014885142211752411,-0.011496388812496039,0.021330816928106122,0.009976300824027451,-0.00821222480524264,-0.002323818443247583,0.02664939218527551,0.0003184094835841922,-0.008960572619112428,-0.012547191212000541,0.001019222789371721
2020-04-08,0.021431907569636977,0.03149934964202261,0.014801921967656062,0.066708446566357,0.04374454036374398,0.04117923279985858,0.03627276428017523,0.04893611495836936,0.07508762271823022,0.02688372664372496,0.0544563239146405,0.033568784045032496
2020-04-09,0.0073544736711737,0.018036002315219957,0.00937638137785557,-0.009059355280689352,0.05362760826798629,0.005513771904357867,0.01509307081845912,0.043001856587982834,0.05149411002175963,0.0002344520353738666,0.04716808216987367,0.015216976617936417
2020-04-13,0.0015031197416051079,-0.000281341541786273,-0.0073970907751110815,-0.0032436530622144133,-0.03635602269328464,-0.00875262503120855,-0.02926300551687222,-0.0219758374828104,-0.04587656757557523,0.002230298093288452,-0.03172767870866522,-0.009129821309261321
2020-04-14,0.029588283233129342,0.03910009781251067,0.042461097989718644,-0.004733944872108875,0.004438418914724629,0.033191556893451546,0.019064750240564088,0.012925095099262984,0.03333329862199452,0.04192534391092129,0.02937173002243698,0.029492526183397372
2020-04-15,-0.009371134138100867,-0.021927695313461726,-0.015794031555720234,-0.046967777398751465,-0.04330498165942154,-0.005148251359910483,-0.027662249020961927,-0.04593657347191504,-0.03853825396809396,-0.021805220276591264,-0.03298668239908875,-0.021247741245850604
2020-04-16,0.0039942158260384275,0.011993899544761044,0.006588126720970866,-0.04273253502693597,-0.017552242807388985,0.021838156788656526,-0.00888011918368492,-0.005761273486374452,-0.006532161612897935,0.012179585419879624,0.00017041903552272863,0.004823844679283429
2020-04-17,0.013609600941883793,0.029537706654461537,0.015271003751436973,0.10622377882245182,0.052656232568480066,0.02076363919786206,0.046955277671006934,0.040149161568670655,0.032277422684661605,0.0132819633618384,0.03223063813731297,0.027015588175227867
2020-04-20,-0.009088901778216418,-0.017444241034102137,-0.019669580113383378,-0.03122270591903642,-0.017418175063529162,-0.007938238220990712,-0.026624358691282546,-0.02467178627728106,-0.037058595873936895,-0.01602055458575602,-0.03783238774230879,-0.017617719113719232
2020-04-21,-0.03147805026317474,-0.02595534493699403,-0.021244386064151688,-0.017634354108179706,-0.032273092684228954,-0.030405921174391226,-0.02360791668426765,-0.024683777293905806,-0.014732351247342068,-0.04189915243477993,-0.016483814433986832,-0.030363552720416243
2020-04-22,0.026904800231380532,0.021558063921884862,0.009646986467765517,0.03559273124188178,0.010803405089753415,0.015267234706501043,0.010505172104457117,0.0196613043997953,0.01739382729481731,0.038502864187306196,0.02915508767121633,0.022194435284845992
2020-04-23,0.007126418265815948,-0.000271764233951588,-0.008872286390938289,0.03227708266754137,-0.004182163690616636,0.0054864430092689265,0.00792084727522746,0.00697435505440791,-0.01139761281547258,-0.006865589525598903,-0.01679400254475949,-7.161288495283191e-05
2020-04-24,0.012695077378000796,0.01694149773419773,0.010673178992230525,0.0023164739587702154,0.014465640022321091,0.013440214781507809,0.008022196966026796,0.015685177486189472,0.003640745677038426,0.02120028365497717,0.006211344396665597,0.01393873791528022
2020-04-27,0.008220421693029945,0.018708303938107074,0.002895655979102685,0.021663558940853145,0.03403846236901531,0.012862594161071383,0.02484978057224474,0.026674921223021508,0.029020523279345012,0.008574763202280122,0.010459529236471976,0.014418755921655091
2020-04-28,-0.01814112521857092,0.003935304506248238,0.005604646349721687,0.022900734958241964,0.010676241712314738,-0.02018132718260579,0.018700281884890257,0.018558228722744152,0.0008812913604410166,-0.013312214072238593,0.003733345326254911,-0.004598677816353924
2020-04-29,0.04837030199040848,0.022038211039412614,-0.004222268295469234,0.0740745305920878,0.02904957192002766,0.006631264655466262,0.019135240445404822,0.02550821713798279,0.002641753338404884,0.04104292879913096,-0.009129454185018093,0.026178517286504333
2020-04-30,-0.004356614362571842,-0.0062217208883958985,-0.011872785538674435,-0.022131016929606173,-0.02523564147939883,-0.0045912292589573855,-0.019844076679073508,-0.029736327400307294,-0.007025769836747409,-0.004465200211198672,-0.02303356809926882,-0.00931039951124324
2020-05-01,-0.01392177472758438,-0.037392870327775274,-0.010985079056997304,-0.05657922784908509,-0.032031264776620105,-0.019051672025682698,-0.030213524871633313,-0.02100983968528969,-0.030660415649356842,-0.027458644125873066,-0.024100837042929424,-0.026473682322916248
2020-05-04,0.005848993110809886,0.005434895685308749,-0.000520513019507729,0.03458894281129665,-0.009066349590453937,-0.000510933625978871,-0.012686829175829972,0.003543867944235668,-0.0006081122430903196,0.013273309998734772,0.007516291453897539,0.002758165152818348
2020-05-05,0.005213658561326717,0.0036329763717866115,0.0008681298823021155,0.0008088641152306231,-0.0032021477417845112,0.021681339068080785,0.00390377009016718,0.0025506333682212556,0.006390496217433261,0.013765422761271351,0.008170434077170885,0.009239685799741881
2020-05-06,-0.002792750395810839,-0.0001766408020980048,-0.010930026936185278,-0.026131435451490992,-0.0215695243847992,-0.009909886930446032,-0.013771896917460613,-0.017221230399210308,-0.01844548865746165,0.0077747998448041145,-0.03400272494259582,-0.006778950595466737
2020-05-07,0.01880367634025326,0.01571898988115139,-0.0028064841165748033,0.02600271329260595,0.02345209046495511,-0.0001012586009030425,0.011664443310406059,0.02050978383203983,0.00893403759279221,0.014995373598261308,0.004012259597894863,0.012066964610338626
2020-05-08,0.018260434380436452,0.01947469364292287,0.02233952359153535,0.04556465397192633,0.021539967905151558,0.005156777326423834,0.024845603657131177,0.02399987544991622,0.018320524454529252,0.014666379319290268,0.020163720618145975,0.01654617427496885
2020-05-11,0.0005785610837241162,-0.0022170395107306007,-0.0013764809955355561,-0.01753467849654211,-0.019291240209964644,0.017201481142223862,-0.012517966183824836,-0.015243810484177445,-0.011993947560104856,0.0066468876035850055,-0.004273479327776553,0.00020509535625179431
2020-05-12,-0.01946425224925985,-0.02188054912697912,-0.008442363458302626,-0.017585071746146097,-0.026075105753948002,-0.01522923879005511,-0.028080788637339982,-0.015286332057274699,-0.04248870604284738,-0.020647509262324615,-0.008762731420510872,-0.019931590486482742
2020-05-13,-0.017099046410365748,-0.017214070798861725,-0.009035624638973339,-0.045418337794919994,-0.029591316862763728,-0.01084582542356849,-0.025095071084813125,-0.021025821783849707,-0.015847787836644756,-0.017230163365061668,-0.00847901437486609,-0.01768600017578481
2020-05-14,0.010797559975479487,0.014937337972095177,-0.002454821934996354,0.011195043740209298,0.025653406896050335,0.010964747157047539,0.010499766363482266,0.012244084191692206,0.0012882842383876714,0.01274084376707596,0.010735042332940647,0.011967767767176118
2020-05-15,0.013848056285203247,0.011651264495184499,0.008788750892802843,-0.003874771130985555,-0.006606892086019389,0.008435444287294258,-0.0035193060994117564,0.00872497198024913,-0.0035382423424251686,0.005053619009669941,-0.013321206924553963,0.004596502014546644
2020-05-18,0.021072937696373417,0.037842049464267724,0.015856487702639477,0.08168928406649778,0.05130671891609473,0.008265062779893029,0.06592659607284501,0.04560664429327055,0.04874127263826811,0.02449989595628166,0.041050903673172545,0.030459656122334478
2020-05-19,-0.00019125069511383153,-0.003587782763376124,-0.018353369014689425,-0.027999023984980664,-0.024401499933658588,-0.012049462873844119,-0.012780025361785685,-0.009588343978039315,-0.01939075829145298,-0.003655165646495595,-0.016473756441130027,-0.010271161182561217
2020-05-20,0.027714187519485067,0.013063109376459492,0.011881843174463391,0.03990488073867149,0.022232591459539375,0.0011996426546097005,0.018698980688945044,0.015945124779265463,0.009416374753336898,0.02190540712205946,0.005523388217824943,0.016987850252290437
2020-05-21,-0.0070670922577250606,0.0035542714605838466,-0.01105146978886995,-0.016010267339620632,-0.003171485195078594,-0.007388819958247361,0.002353380136585148,-0.009529225677181064,-0.004975349739520296,-0.01394836421047374,-0.010100943982103816,-0.006903670105274595
2020-05-22,0.005993580871318516,-0.00148265274476167,0.003492236983333896,-0.006198318369824318,-0.0036365851406330307,0.0021125102468078083,-0.0007825307745906729,-0.00150884736184409,0.0218751960424739,0.0036403013328607514,0.011099272783178904,0.0018988733404188274
2020-05-26,0.0027928632931681907,0.015837651167213584,0.005393926011157291,0.027806589049543806,0.05200726622781149,-0.0018067849637072309,0.041979859001322506,0.02739463379870144,0.031804319685702964,-0.0010363491816801629,0.006551012098056086,0.012320804859058843
2020-05-27,0.007055282573681598,0.017133890511303207,0.015057131397928636,0.012895033279353818,0.04336519590968613,0.010357840610422775,0.03337356567906813,0.010114058869385545,0.021339541622725777,0.0057057921818779445,0.011961409275509371,0.01487883458625694
2020-05-28,-0.009402918417164896,-0.012134949199543499,0.008866313108549795,-0.027958077149252913,-0.015793926934119074,0.013038842831882391,-0.009456118318308504,0.009284303438156227,0.011317560853479236,-0.0019596175332965426,0.029549741762997295,-0.0018447594816558555
2020-05-29,0.005397682950271543,0.0036366744627369663,0.0010140599210168855,-0.0046221778424838655,-0.01140204883268403,0.012084788001395674,-0.006168341983851633,0.00018064054577404676,-0.005738853983638603,0.012609596239393728,0.007766179417024732,0.004455687725260393
2020-06-01,0.011477202985079815,0.009501671751947605,0.006921908214710948,0.017543784644276528,0.011533554989893391,-0.009902053319618132,0.0022166435011410357,0.006852833868169705,0.019913264785286877,-0.00030597090529038695,0.011895016299517946,0.004041854162726954
2020-06-02,0.004026445232332643,0.008534655057371276,0.0026827996074791916,0.027890420221983403,0.00802373408268009,0.0057849070224593735,0.012975583461219076,0.018090670895532845,0.006508422664624813,0.009393286324369976,0.006456925520075929,0.008280250752829232
2020-06-03,0.003098809530758473,0.018902298309265486,0.0013378107256498684,0.029353918290976333,0.037285651554193944,-0.0019497567492560153,0.039010353488239335,0.02269528451662106,0.023896394636512497,0.007788738421442121,0.012008424171368492,0.013308162046246741
2020-06-04,-0.007450659060216247,-0.005045667083769967,-0.004842774527610616,0.00023954454068531028,0.021809143770497252,-0.007911347807059821,0.01064697477024712,0.003612638975975413,-0.018671180011184285,-0.008230426535223878,-0.017880181260528927,-0.0026267614718905596
2020-06-05,0.0162943923711234,0.023950740566251794,0.013928252112653583,0.07426928096516017,0.03715405425146612,0.016146003112218255,0.036734252777127274,0.02553980475579687,0.036653766487172224,0.026313235719385597,0.012744129318902342,0.025629655934790607
2020-06-08,0.018735442348505327,0.01523784891957436,0.010758349491515773,0.04504887673454383,0.019054821953178314,0.006879371344702845,0.020056415358356006,0.0013372146920895833,0.021862557358072188,0.005029089568507894,0.026801771160086307,0.012087533201839307
2020-06-09,-0.0024755521661905533,-0.0078044622893028714,-0.008187710536651016,-0.037558856839510324,-0.021316446059292504,-0.010392631638945216,-0.024905223500682028,-0.012185015148299616,-0.011621682892535956,0.004709497293644338,-0.020054235274327925,-0.007456808838431694
2020-06-10,-0.0030138059056109556,-0.009378892886991563,-0.002806364214863688,-0.04922371229654243,-0.03744738588792074,-0.001555599386555584,-0.02392762741537946,-0.011321358373519885,-0.018706732885494404,0.016699297414763947,-0.0058470072717695665,-0.005579943041604807
2020-06-11,-0.04605275202081538,-0.05237850610566852,-0.03791402834258484,-0.09421649266000875,-0.08177865322012523,-0.05560983618735327,-0.0702386443206161,-0.07725165698380476,-0.06181921543418256,-0.057343422589595794,-0.03904589365512434,-0.057648928703305735
2020-06-12,0.008760673460669555,0.009910306959774795,0.00017204129083969733,0.025231471750627232,0.030263829190503744,0.006496737839521316,0.019404828123192663,0.019448055226431116,0.031639709721517306,0.012941243595188334,-0.002550383617258789,0.011975484348430099
2020-06-15,0.016075304450509087,0.009494335661250686,0.011527805574713224,0.0030138231221743528,0.013847908427915057,0.002254391533440092,0.009880778127798084,0.01053769787225911,0.01266209789735595,0.009656811622791972,0.006817940357777719,0.009335896197018467
2020-06-16,0.008183340439346098,0.02102261880373968,0.015649016405974825,0.028793464547260506,0.01572873572599054,0.02463677658726038,0.019568207142462546,0.020855780551369607,0.01667134976478457,0.02132092168864519,0.00457102738254811,0.01924758788627212
2020-06-17,0.0012625584092289532,-0.0026315604754822974,-0.0015071074563166587,-0.0340716290615517,-0.015077433258944728,-0.0009975671987783041,-0.007197432826109407,-0.008277738105935684,-0.011751833779910181,-0.00019505081988158146,-0.0030334076337296123,-0.00415392870000153
2020-06-18,0.00324281876076693,-0.0036477795405587266,0.005199486887076388,0.012345585777547186,-0.001240974988209187,-0.0033955366662764552,-0.0036959445836505234,0.0007104794104584311,-0.012444923692234822,0.004488450949803768,-0.0001689703609597526,0.0003850012073338682
2020-06-19,-0.002693711114768238,-0.007789342084700723,-0.005172592062475334,-0.015181910794015208,-0.006628318601280991,0.009620306636969111,-0.012269616163435582,-0.003016704848105123,-0.010081453945848695,-0.006896964929255844,-0.028064202103033398,-0.005714720666085027
2020-06-22,0.002201120316890126,0.010276641493766947,-0.0028568210852158993,0.004633143381352234,-0.004952240877651226,-0.00383760152710122,0.001682825301119406,0.0037048680564433223,-0.0028505456461122014,0.01884108683896013,0.009751823316769936,0.006414971695938521
2020-06-23,0.006480787904412866,0.007866358277401897,-0.0015257508520517549,0.0010191859018133798,0.004639645827252181,0.004302585654057278,0.00014475969015026457,0.0023179426429089656,-0.0037161626234425427,0.00721963580982421,-0.010074660580218997,0.004603545255801755
2020-06-24,-0.022536087064644716,-0.022024352569320116,-0.016808222785329452,-0.055484668804210435,-0.035264570178056065,-0.026103547279791584,-0.03475705889917824,-0.029176385731234267,-0.0255379986645361,-0.02255547820292203,-0.009124401502912605,-0.02550841446771701
2020-06-25,0.004391478964485662,0.0013432076058284004,0.007079962042255028,0.019131654144839416,0.026544588135358982,0.009820994500971958,0.01110272904418741,0.012461346668699802,0.010600661271650269,0.012809202391209418,-0.012395960074292112,0.010720461899069722
2020-06-26,-0.044088403653416264,-0.023437545905287793,-0.020404587145559816,-0.034637704947234726,-0.04281477864764738,-0.012157063558226322,-0.0185487125386109,-0.01375573207260472,-0.017191033355814622,-0.019694934517323626,-0.010579141252788582,-0.02375157847886389
2020-06-29,0.01848679255436725,0.01898984819883509,0.018904321500644583,0.01342098549902504,0.011072059853317162,0.009025125955485436,0.03280930071099708,0.019452962715843514,0.017195388667395006,0.010931662065487568,0.018847311903622987,0.014697946714006926
2020-06-30,0.011227661348238271,0.01276763120726776,0.007386994808323388,0.022973266655715863,0.013578408512852302,0.017074814072823408,0.005709195832234615,0.014401571642120414,0.014573132459402283,0.017925037610538652,0.003735276177577962,0.012809081512970222
2020-07-01,0.024796476803509604,0.010101012000758525,0.0008526986349659538,-0.024306544834536647,-0.00864284752136657,0.007694845921724092,-0.0045125522157341,0.002129399174349622,0.027290850499348096,0.0016269381818536655,0.023391899230001956,0.007005201806984163
2020-07-02,-0.0032503771422159877,0.003953650765317729,0.005111604546044202,0.011102247578700597,0.0013077296360484159,0.007536519231613692,0.008626998593804114,0.018771193009835985,-0.003355581312011413,0.005828381572672292,0.002597379531241062,0.005506907753158874
2020-07-06,0.020108683583994758,0.02370477214280342,0.0049161568016165,0.0029458367350356784,0.019155262054530553,0.010137543138063476,0.014352081648925097,0.014253359792951725,0.0011220527766497845,0.017478912036056782,-0.012262528964704589,0.015436931484401173
2020-07-07,-0.0028412274757882994,-0.015688724403048582,0.009109343403182812,-0.03177577610968063,-0.020503686232524965,-0.008671974680031225,-0.019151003108448528,0.0003427108590676742,-0.016255359335851427,-0.010456490496652315,-0.004021651858131414,-0.010313602499806063
2020-07-08,0.008904665868259665,0.010651398351488206,-0.0025079337476421326,-0.0008275869390962365,0.010466582504441435,9.852226512352402e-05,0.0,-0.014219612247708402,-0.0005699569983879105,0.01632222857104515,0.008953636485317107,0.007648709385901231
2020-07-09,0.0012355987548180458,-0.0011373650585501105,-0.007876337229478114,-0.04940639592058571,-0.021148193017401895,-0.007862425270213858,-0.02171081185235879,-0.009384868544152214,-0.0034206270066557964,0.003620632793851275,-0.013398197229450015,-0.005692883219960199
2020-07-10,0.017277748298271778,0.011917583030998324,0.0184122342643791,0.031939666452748705,0.034391594493373256,-0.0023774614820445406,0.012957826945018125,0.017368606847401935,0.0011440112796505808,-0.0002774713646596094,0.018871185333331653,0.010210612662057805
2020-07-13,-0.020103914299728243,-0.012677619034692222,-0.0014930000429134171,-0.005346327196903422,0.004262477508110152,0.005659770851028867,0.004117541523314339,0.0,-0.015714198682897695,-0.020725583152791383,0.0010386555181347568,-0.008659335306880012
2020-07-14,0.009904308246731164,0.009952835970336027,0.014618079233512216,0.0350780255843548,0.005093353090067643,0.019846126546360532,0.02167200256597357,0.025176677889817034,0.009869442400875839,0.011526878753225,0.009337646228083196,0.01295926267886438
2020-07-15,0.005954599130625349,0.014293394456224684,0.0008185621720246949,0.021590567901020208,0.019847791957209537,0.012973200297394794,0.02551269169118875,0.016821010479987075,0.004599211343199627,0.00541753193115091,-0.003940428997635026,0.009187340468697958
2020-07-16,0.001740965098931735,-0.00266989414958152,0.002126564816404608,-0.004547879441383573,0.0,-0.0016250023588872953,0.00027924616599328544,0.003308407043696171,-0.011731256021141112,-0.012356156366146509,0.012727932719823754,-0.0032936541480901305
2020-07-17,-0.002259250924211864,-0.004685031132918183,0.005387045109509492,-0.013974704556830586,-0.00828129955267165,0.013689659074813232,0.006007947081648535,0.008408707232428814,0.013896892920960191,0.00489148873895795,0.022588171871837037,0.002899179820840647
2020-07-20,0.012018794772064467,0.015989321828045355,-0.01006658529238147,-0.016625837856242165,-0.00459315151193751,-0.0001889252509825745,-0.01222198317931289,-0.008665485375117354,-0.009423307103165635,0.02555452717510498,-0.013120746121277893,0.008081567394961242
2020-07-21,-0.004819117888297142,0.001544158481319613,0.008692676610325911,0.060421427536833106,0.019714944067955154,-0.0006610855596295151,0.013216950845954534,0.008741232396610732,0.0002884813600647629,-0.010040226237586825,0.004544085302761847,0.002127446957385981
2020-07-22,0.0010375738151910952,0.008590945897628544,0.007967620040890466,-0.012284456655127785,0.0,0.00897916059972892,0.008048934780881423,0.011609152636637754,0.012103704075621335,0.008021589283315311,0.01541277374233796,0.00569207627214996
2020-07-23,-0.01624052465408876,-0.01499711360819489,0.0035489744635883724,-0.0018524512842558183,0.0008229497169436328,-0.004496496874041744,-0.003028718190761115,-0.003071076383951543,-0.0051250960332075435,-0.02597641922999161,0.0011549853960981515,-0.011931876074352976
2020-07-24,-0.0015806984983683936,0.0017737068639034348,-0.0012859526960760093,-0.005567221175367565,-0.0024661218719309597,-0.011009958416662746,-0.00800880824853667,-0.0034045368046868862,-0.004007099401852732,-0.012113827170144309,-0.006592000690622157,-0.006440309445961634
2020-07-27,0.00686022958229926,0.00619751402412172,0.004989545867537748,0.0010662070169660254,-0.008240699759234582,0.00751692403132509,0.004175967311606854,0.01447858719893258,0.011781489090346264,0.015779357960491014,-0.012110026819931785,0.007292648516648459
2020-07-28,-0.010307371624122874,-0.009898811574334698,0.0036834865215065182,-0.01704389815374585,-0.0024929369429399495,-0.0011332341178214023,-0.006931117572282153,-0.021969411826854635,0.020164893232099912,-0.011697719866395118,0.015113600949047346,-0.0063426486114844804
2020-07-29,0.009179192668357095,0.010146010624862312,0.0014358730251309293,0.020861681552129863,0.0187422969059039,0.010494506690425842,0.015215414135899996,0.008198175749764003,0.018930954135979006,0.014487617567319866,0.00463171341278934,0.012298966444795001
2020-07-30,0.002798628388342106,-0.0008065053875029315,0.0,-0.03927818898224056,-0.017988317554061828,-0.0069239130528775394,-0.010037560525783085,-0.019352591612574854,-0.008196610951220484,0.0055998935242540515,0.0,-0.0035678360255015917
2020-07-31,0.013954230755362618,0.005209624499580734,-0.0009556388351630307,-0.004695925965854553,0.00041604534991424025,-0.005746947189102514,-0.0037495090991116475,0.0009948843765237303,-0.0011019734641084522,0.0249677309520675,0.0016467939505713236,0.007902017034600695
2020-08-03,0.0008600107393474943,-0.0021165998866486957,-0.002711516186319818,0.003607944851092393,0.0029134005217597014,0.010328884004254357,0.004181904345366583,-0.005632856569983025,-0.01599585621338695,0.024631098508912874,-0.010850022292761774,0.006952234469187024
2020-08-04,0.006359918191877423,0.008045943622992713,0.012473929127244432,0.024336541981712756,-0.00414989782525188,-0.004408281580286166,0.0024990177381827294,0.014162020651434126,0.014854545356957294,0.002563008769808084,0.010969036584230762,0.003862529313163554
2020-08-05,-0.0015373014272928032,0.01219085535957598,-0.002053268668063102,0.010529080959142068,0.013750397021554228,0.00461610478294272,0.01911095253797357,0.014621092538827929,-0.0074567446185094255,0.003702362035711726,-0.012822911012398519,0.006210906360001767
2020-08-06,0.026342929884402455,0.004874870927730424,-0.0001584264855135631,-0.008014928201516613,-0.0004110929381170303,-0.005344886528511283,0.0038048156452332726,-0.004209806931867233,0.0019479008015790278,0.014052286802119784,0.005828704901864601,0.0066849459300268865
2020-08-07,-0.0011667458880719739,0.0014977716206150404,0.005382473132198751,0.0013466251846578903,0.021381352088577943,0.0032054072255769395,0.017057054980652575,0.0034148502919337798,0.013607110776744147,-0.014897065179840796,0.0180462361548952,0.0007175200271742899
2020-08-10,-0.003337328281091345,0.01196813152192,0.005195983564509454,0.030930274155467563,0.007246468977855303,-0.0033834042953363452,0.024623884918427263,0.00972270646806006,-0.0016436474128037615,-0.0028133808935364435,-0.0003251986508016058,0.002989157457551128
2020-08-11,-0.014900403004272755,-0.001971323660031943,-0.0068921198388632865,-0.003391387468984264,0.011590803156012353,-0.00631774480389613,0.005325955525208537,-0.0017651866666656968,-0.01920980674958761,-0.01798625656782704,-0.02163673051383952,-0.008255109079444822
2020-08-12,0.011896722868419252,0.013259899381255158,0.012933557508888471,0.009947519689485596,-0.002765726008732261,0.016796379764358216,0.003230623859705295,0.005948471908610697,0.012590864756857334,0.022714975252211778,0.01446616459146255,0.013942408750758473
2020-08-13,0.005038681186348537,-0.00041731588973725753,-0.0007786782300603923,-0.019440203949545487,-0.006339335932298629,-0.0013066119441723645,-0.005280895095970739,-0.00015986700600700843,-0.01160512003192582,0.0004389522541414781,-0.0016387111087561301,-0.0018075647655876326
2020-08-14,-0.00016718160810313965,-7.002772228026366e-05,-0.000155564541562625,0.009516538330005098,0.0039874890038420485,-0.001962364343997658,0.003884520403403924,0.0011188365854764015,0.0025159820520737064,-0.000702057515720278,-0.008701589799829379,2.95149077338408e-05
2020-08-17,0.0011701288669832,0.012884219006297215,0.0056105970282829265,-0.0057607305632281225,-0.016679692457170492,0.005898825710355382,-0.004643150327925949,0.004470961148093533,0.008923306610869375,0.00667384626997114,-0.0013250870998490205,0.0031767925227172977
2020-08-18,0.00901491376114083,0.006188300174450934,0.0040300786956146695,-0.012641571091466797,-0.006462571780542881,-0.0002792864625839053,-0.0054427286535989605,-0.004132850124284104,-0.0011051770129377747,0.0037511319422158795,-0.004477618740617029,0.0021603527173723602
2020-08-19,-0.0028126686886718044,-0.004715180842701283,-0.00787294629813906,-0.01146992478018205,-0.00040623633542247184,-0.0032586525541314915,-0.0026059849682568137,-0.0028732464645155886,-0.020476247559293448,-0.0012168702594006486,-0.0029983527671718635,-0.004163431263898731
2020-08-20,0.012443927587251213,-0.0015103508174012514,-0.0020226686001557637,-0.021586511502801442,-0.009353527681688956,-0.003176141773010288,-0.005355764075125502,-0.0035217427964601145,0.010734839920818917,0.013312284170372779,-0.00885562872339718,0.0031132728386351616
2020-08-21,-0.004424757933726986,0.005156701675217867,0.002494515945402176,-0.006342931006110053,-0.0020524987039141074,0.0010308285611320134,0.004071226179841236,-0.005783074781902098,0.0033537701765689043,0.012708328817444325,0.001685860439933906,0.00354747318088533
2020-08-24,0.012181128284107556,0.01518688363977816,0.00855362237401458,0.02747682262050799,0.023858651168405354,-0.004587151272795076,0.01805115001956281,0.01761176330751546,0.0013926194875262254,0.008648470340883119,0.008751257739960439,0.010133025859002442
2020-08-25,0.009432326855753459,0.0033019204355975162,-0.0021588562960762614,-0.014046299187297051,0.002812310238063276,0.006771426467274022,-0.0012847507877288278,-0.003969499359382511,0.00305960609252498,0.005043683472431004,-0.009509319597674981,0.0034994728516166695
2020-08-26,0.034155012146475094,0.009873053367745577,0.0012364096789780898,-0.021096080709982257,-0.0048078377056806065,-0.0012144325414236157,0.0005144110798414037,0.010521370925694606,-0.006932916587193638,0.020324454953750237,-0.011116688205494274,0.010025477779383785
2020-08-27,-0.01215142423825144,-0.005386984506988268,0.006173793571863984,0.0019591866419215176,0.01690817152887436,0.007856377967408124,0.0036007432213887025,-0.0026817033143338165,0.01340436956151847,0.0008198220516610899,0.00323625857498544,0.0021865955230186973
2020-08-28,0.0023657731704365137,0.006553058336588258,0.00889698973881936,0.017877317322365638,0.003959074565061282,0.002227137282616587,0.00948084706146024,0.011863219886362852,0.007715361238082252,0.008763974600118685,0.0028861649883504814,0.006459377142022715
2020-08-31,-0.004720124410366289,-0.0029234123824097846,-0.0028886453281357083,-0.02167957191264014,-0.011829884643449251,0.002407344579277604,-0.012438230696003472,-0.015319598450022953,-0.00875025576953481,0.0031667309361935736,0.0030473135525259654,-0.0036225520786760113
2020-09-01,0.00822006441863099,0.0104605952134047,0.0010671056919775435,-0.0067321585716962895,0.002793148371760701,-0.008960072071730885,0.010153009493468312,0.028099749391251372,-0.0016552405546047533,0.019101408241972928,-0.011476927361945055,0.009418498774020456
2020-09-02,0.02132319945351635,0.013846677700086296,0.01812663220210875,-0.0048008961582231,0.01432577647492228,0.020039248236284335,0.016539416562564302,0.02269910465761371,0.022381892935811054,0.008895201484263593,0.03107383148490106,0.014464338109730246
2020-09-03,-0.033926841655445794,-0.031737477310288975,-0.01720530272485432,-0.007377927760897296,-0.015300186160347784,-0.027229450928963117,-0.028035100803566526,-0.027631099003185944,-0.01675656374491119,-0.056994153929746494,-0.011259897459041213,-0.03441459265590541
2020-09-04,-0.018274459783942487,-0.011552855221473424,-0.00228341904997853,-0.0031447905739373505,0.007569634214459331,-0.007138906523613375,0.002317635328474177,0.000621363460191926,-0.003573538558760969,-0.013941047015671892,-0.005694255016397642,-0.008164705652085602
2020-09-08,-0.026383824835447323,-0.013115382351267413,-0.021055765676788574,-0.03642104744563246,-0.025701614139912232,-0.016461513134910732,-0.01875628569039134,-0.01877730048273707,-0.012689468895979883,-0.045208513431057584,-0.005558344102747137,-0.027322964163331243
2020-09-09,0.011970063475326809,0.018866732497815786,0.014494756192644509,0.0068454388768079966,0.01014613068348491,0.017699112183360066,0.015449192809505963,0.02577879251418147,0.010896562074827143,0.032629920461146655,0.01321137265559269,0.019747362412065872
2020-09-10,-0.014785495147209282,-0.014327140892714363,-0.012290747404693159,-0.03665394817546741,-0.014062062333580316,-0.01531207083901509,-0.012764396478153417,-0.009404736380495549,-0.014096058027699643,-0.022582965911463693,-0.017218377179375355,-0.017363527249785626
2020-09-11,-0.003168485432124113,0.0015083896834007238,0.00559994878871195,0.0009204872646733087,0.0069274813480584285,0.003935691764363369,0.013582542442583945,0.012762647234032087,-0.0033641136980206987,-0.007642885385563458,0.002381170094460039,0.0005089504514701471
2020-09-14,0.003847616052066405,0.010611339810184583,0.006496188628963839,0.0076640416927409305,0.013759643025700541,0.014341494254766385,0.013529142607658695,0.014445985941424544,0.02447266054582986,0.020980994742940906,0.013745219562508293,0.013171222620505407
2020-09-15,0.017830207249135865,0.008196833340456289,-0.00138298225196809,-0.007301315907266459,-0.013572884973634292,0.0013199046145975224,0.0006355441037368958,0.004847845907588022,0.013179343051520354,0.009884594873332153,0.0066956480548781006,0.005052410324685619
2020-09-16,-0.01080554710934678,-0.005576958912870134,-0.004462906077416506,0.040146805394367435,0.01133153129960962,-0.0016947267714786385,0.010163837605509984,0.0007534415906871317,0.006504080271758195,-0.01545467415412205,-0.001330222906558709,-0.003968673016179758
2020-09-17,-0.018371190361221257,-0.014054075575886893,-0.006337928009940708,0.0014734777896883156,-0.010404179626037013,-0.0033002931648453693,0.002012209714868707,0.007381929387352493,-0.02207865184083302,-0.008284399538305731,-0.008158477413574339,-0.00879493721150526
2020-09-18,-0.009610414696341052,-0.013911921305948982,-0.009178519865220003,-0.011179760439469,-0.0020220471128489237,-0.0015137215443918883,-0.01117094995710255,-0.01719749504733803,-0.019823706681416753,-0.017235336725447636,-0.017626167155338712,-0.011513267278978834
2020-09-21,-0.011703274177172096,-0.014444383608962608,-0.007629033292355314,-0.0331459818727744,-0.02505603835265713,-0.018473538775324982,-0.03319500492193761,-0.03366355787496966,-0.026761476457972444,0.008312827358455177,-0.006222094315053162,-0.011129089108477985
2020-09-22,0.019333546799419787,0.0211292963890668,0.005889238205474934,-0.010322289064520485,-0.008357542320858613,-0.0021322620519159674,0.009884909454623836,0.001898388176784227,0.01190513825786077,0.015830504773814535,0.006243650389907263,0.010184415754319165
2020-09-23,-0.023878016583389727,-0.016401402495015094,-0.015031617099661054,-0.04519587652929824,-0.02233455894604708,-0.010295401780608726,-0.017880172851363896,-0.029369902907712575,-0.028694423705446948,-0.031167819899567517,-0.015339579453048091,-0.023190897915321362
2020-09-24,0.0019082396354546116,-0.00042192295010146097,0.007389317931838724,-0.0003310506898548393,0.0021549696601759205,-0.005004677975277705,0.001461643621013753,0.007157860551180173,0.004726629109671032,0.005602684182813178,0.011202539637533704,0.0026654387882059094
2020-09-25,0.013333494572710602,0.013021699120347341,0.005262501371531503,-0.0006620854979918489,0.01032293584139321,0.016076158434768617,0.01499467604165794,0.008883875056831414,0.01940623622879678,0.02390371582406514,0.01644456256885163,0.016166827242553694
2020-09-28,0.013328712479389049,0.020914365080995312,0.011262549919939246,0.023525685732491253,0.023839786237053184,0.009027348983597694,0.01804174638061884,0.016170491353272753,0.01730610588679582,0.019133079679796827,0.002554494069460622,0.01660944402079001
2020-09-29,0.001011789116544648,-0.007758995783866074,-0.006588134431945725,-0.02751717093229178,-0.012474066433246667,-0.0012502048922307107,-0.008860738276350144,-0.007405113428951116,-0.005103766582502334,-0.0033587100861867114,-0.0003397056614319327,-0.005446091721539648
2020-09-30,0.0006737989523473153,0.008162389396631609,0.012158581088080878,-0.002996159355994732,0.013473908974132254,0.015989104951096733,-0.002591449917198174,0.01015862130189138,0.005129948642956128,0.00838157745928636,0.0090058377485005,0.007581790396087751
2020-10-01,0.01430980990229358,0.013063082553080863,0.0056162170380573695,-0.030717901527730684,0.001661628018731598,-0.0034130461861680006,-0.0029879428239909522,-0.014142012215394795,0.016444329215158815,0.010539831237295072,0.01010425291046424,0.006420096459140323
2020-10-02,-0.019751085985444394,-0.004230964496148015,-0.005584851301025595,0.009645384334196594,0.007880558446534902,-0.009132414274946266,0.01120530041494261,0.008925647211153631,0.016178806162173043,-0.025353997798966188,0.011837475261325281,-0.009494286045847788
2020-10-05,0.016424127735423788,0.013219168958877203,0.0067080128457002175,0.030023613760638668,0.0164610057022494,0.02054544899431643,0.0161062381639121,0.019115456966194433,0.005489919789475106,0.02192450261124379,0.012522747431121584,0.017732838793588
2020-10-06,-0.020989590439749906,-0.01850484518262019,-0.006508364027005165,-0.01490550570823379,-0.010121614243495669,-0.013264473695191015,-0.012173608144652515,-0.012556139163577895,-0.008463418792260202,-0.015494673112329771,0.008462108647422806,-0.014215723561327609
2020-10-07,0.007316673773612337,0.02285516748871763,0.010762644720062609,0.014122432781503713,0.01676901291686206,0.01887702618161624,0.022079550200000853,0.025745531715710257,0.0027536262267988665,0.018332767536959116,0.006131970591801261,0.017406589360766445
2020-10-08,0.01300677638423009,0.006563835538706542,0.0066358932975996154,0.037466821407876605,0.013676709961983224,0.004865433931366514,0.00992210689270312,0.010101062240781111,0.0167488841503165,0.005180004601470278,0.018283723261633078,0.008862747711376961
2020-10-09,0.006002910783692306,0.010407864772593811,0.007818251079930505,-0.015979395169611887,0.0011905481174077082,0.009032812415252334,0.0037307214010076084,0.007727362200204091,-0.002700577956407879,0.015290975811151242,-0.00015738585878410927,0.00892996014060432
2020-10-12,0.02635501935734763,0.013299090521672552,0.011560891272985208,0.002598439567809807,0.011097538194202006,0.006828864128379353,0.0056996100619186585,-0.0016539270336125567,0.005145036573844575,0.02729238135248213,0.00630121701090447,0.016087645355628455
2020-10-13,0.0009689777184020976,-0.0001926527544100498,-0.0007519381092880861,-0.015549387591851982,-0.019207969474639874,-0.007607458661602728,-0.011087882971966834,-0.008885601759258788,-0.01697194461469187,-0.006398758728096587,-0.006888028721357742,-0.006526135541403133
2020-10-14,-0.011939264968484187,-0.011068460224861076,-0.005116451940887945,0.004277856854548734,-0.00959240092375635,-0.005818878376622538,0.005606153066030961,0.00288711106405648,-0.01151012487131342,-0.005298670439450315,-0.00126086637600209,-0.006283372225371786
2020-10-15,-0.007674617875853884,0.0037092582045048506,0.0006050588022414871,0.012123372970534785,0.00766748448402188,-0.007246643858557333,0.003593008145806653,-0.0028787996497365853,0.004712920050656821,-0.004507519184278941,-0.0006313365633651147,-0.0012359904012240186
2020-10-16,0.0001644748860267775,-0.00907587827462808,0.000302111435941832,-0.022661492589467813,0.000801037827480755,0.009919738489304164,0.0072825146272708086,0.00698968394943611,-0.003586956354630022,-0.002881361582300568,0.010738928229452327,-0.0006043702149869379
2020-10-19,-0.01793358140427026,-0.012300061667046669,-0.01299680358047317,-0.021198930997428644,-0.01520635551249272,-0.015845079569702714,-0.012377051167864916,-0.011618969440477245,-0.01578529184653954,-0.018329106413285334,-0.008437282800672019,-0.015203262664570172
2020-10-20,0.0072039024970869114,0.008014837917721174,-0.001071908316471415,0.01184444359888892,0.008126871812440095,0.0013180767992480025,0.005211693521349536,0.0022902983462635973,0.006753391441758794,0.003448383356612794,0.005987924138366685,0.004005893079935374
2020-10-21,0.016799693814858685,-0.005454038407585404,0.0009197936404941043,-0.019063469901601016,-0.005239857322748898,-0.004983417461799089,-0.010122534212055667,-0.0038083547350877822,-0.003633459044445897,-0.0015087527098656128,-0.002662810744516686,-0.0018930180469194369
2020-10-22,0.006543487955310789,0.002048245736278931,-0.00045944018635013517,0.04125445689353979,0.019854199235638914,0.015119793663975756,0.00823064295638809,0.005504520558622383,-0.007012887305348214,-0.004700640531106193,0.014135375166789865,0.005485083060640994
2020-10-23,0.009426307268828538,0.008769614711577667,0.0018386054746424296,-0.004911560443553453,0.0031785239091806083,0.0037238813534115067,0.003957716627119412,0.0036497426086494755,0.006497456110087008,-0.0010963917893438424,0.002787599957785547,0.003395252546391614
2020-10-26,-0.021896521714602102,-0.019216691584909906,-0.012845803284218804,-0.035866980079663935,-0.022574454425699275,-0.011129497966406943,-0.02500916419565402,-0.025000095412310852,-0.01206843641211186,-0.02169885579285824,-0.000308716504995421,-0.018479880689608597
2020-10-27,0.006419555936414634,-0.0004669537322861128,-0.0026337663671069933,-0.012969259398275756,-0.018233298312075652,-0.006846903332534793,-0.02186007614164942,-0.009479232672973348,-0.012784097654092164,0.005005700162378224,-0.0007725556259338129,-0.0034473754462025497
2020-10-28,-0.039253912549261805,-0.031604044504593753,-0.02920166078490416,-0.0418398993765382,-0.02558812780913311,-0.03173102053974475,-0.03281228369623945,-0.028239780665071157,-0.022158472278060226,-0.04242171350600954,-0.02906626850636118,-0.03417865072234183
2020-10-29,0.025195485234482895,0.006334476138339262,-0.00031989692794476277,0.0306751443010842,0.007623993276152152,-0.008192636829694733,0.01455848461176723,0.020665076995873832,0.011477457390457024,0.016680217358142624,0.0027072698099546155,0.010163259833384508
2020-10-30,-0.016937774878615808,-0.021825583585623587,-0.003521343050050474,0.005602243914471172,0.002942561372207164,-0.00029503460463753406,-0.0011845432591411909,-0.0006325609588671011,-0.006400651338190899,-0.02213981459197223,-0.009369653106760412,-0.010424897884552808
2020-11-02,-0.0005069195818520056,0.007134572360413927,0.015901041414724704,0.03412257065210178,0.01885983007327563,0.01800118740168788,0.027019848275789515,0.03323834295625594,0.024596937863691215,0.002525542491919941,0.021961981027266875,0.011208309474557643
2020-11-03,0.014872611599677787,0.02201545931567761,0.016442731183945014,-0.005723863914591454,0.02221303871628466,0.014590736913403068,0.02951726604397331,0.01562485285054005,0.01571865598843325,0.017635337173532273,0.014431411803781824,0.01765603390265591
2020-11-04,0.04313073257965683,0.021269008994238225,0.000466658029969258,0.0013545353085382406,-0.011670161806058066,0.044381066666964175,-0.010346585803900243,-0.017043767505807828,0.002814125391423117,0.038903671160831266,-0.014999170917033178,0.02234921282263902
2020-11-05,0.019316491685649417,0.019496010278057918,0.007307243382351558,0.0,0.02443024976767627,0.0020058813442274115,0.023554696912371664,0.04081662867950908,0.0036476669033957965,0.031063870576861552,0.008948046168639756,0.019502823649383494
2020-11-06,-0.0023490629827693787,-0.0030023857443095547,0.004630361257580873,-0.02164356859676475,-0.007949131459261238,0.00036421101969108527,0.0009842069568291034,0.002505874608962566,-0.003914064640184622,0.0035494839766931907,-0.002178285578982364,-0.0002283408179426516
2020-11-09,-0.008477235755355417,-0.0032730312206238343,-0.002304475793176941,0.1427583486456374,0.0821314501981556,0.009370641499016452,0.03405472636053175,0.02250020232075234,0.02638205573766439,-0.007238157353247843,0.018556165924131562,0.01256557225305377
2020-11-10,-0.003166619807042359,-0.0035467669084559006,0.019710514536245505,0.032365543695023424,0.005183292541973694,0.00288422982962544,0.017596211117368865,0.01179346379463908,0.005468777425538862,-0.018641461461626707,0.014390914320076664,-0.001466457336778304
2020-11-11,0.009053455408773114,0.008766568830888,0.008607883770527236,-0.01025521093633941,-0.004051680755456255,-0.0012585882060943687,-0.008412365294046653,-0.014925485449678644,0.00761536533487206,0.023723395113316448,0.0037727608897419884,0.00742826479038472
2020-11-12,-0.005666591983900071,-0.013394717261322131,-0.0026951431557037386,-0.03226740474551737,-0.01664192758771632,-0.0036892516037965173,-0.011428996840407546,-0.02106784178095611,-0.010256741219262344,-0.008906611880614257,-0.01608770544872351,-0.009700872864790488
2020-11-13,0.014880340919598778,0.01622532579803626,0.01381149114142377,0.036402447254499704,0.01654741154445416,0.012644475192450821,0.022169119239042745,0.017246412773958886,0.022907065580582753,0.008487287176120573,0.009932732590314464,0.013844470659298613
2020-11-16,0.006395298536888028,0.01309885609668382,0.009181306179415927,0.06582055276500931,0.022197655594780707,-0.0016944314775970692,0.024370252965154826,0.019707376499698226,0.006398459690817981,0.009653470262810382,0.010137638267843085,0.012482457661971536
2020-11-17,-0.0035647428630062317,-0.004245352251997847,-0.00704323397709572,0.01024668424267472,-0.0014476876304067021,-0.006522009107784221,-0.0026176665283434986,-0.00369481969909613,0.0005296663587759376,-0.005556907543074141,-0.019622561341670397,-0.0053781128884812235
2020-11-18,-0.01011048323977004,-0.006847597070332112,-0.013743299381739904,-0.029057053189505466,-0.009423688477514736,-0.018615188444643715,-0.004451398677569718,-0.008272547656770213,-0.016944530271528313,-0.010682946240397784,-0.019556740065627798,-0.012034707522074362
2020-11-19,0.0061282875669699255,0.004943364320951327,0.0026970298727240216,0.016374827796421076,0.0032930522523395567,-0.0007328912417617905,0.0025219993502005877,0.004170807479159322,0.001615782410886446,0.008057081932690613,-0.00997359443965673,0.004210174474054806
2020-11-20,-0.002342584937223613,-0.0052429645300702266,-0.006276120632466964,-0.00527766959572451,-0.008753034275751026,-0.002292607610545616,-0.009033617579580988,-0.0008593014752799055,-0.006722055097293622,-0.010299784442515003,0.00015735820021656188,-0.006847744874362238
2020-11-23,0.0004695286343270322,0.01099646689545608,0.00030058821105050093,0.07065053286085443,0.018764239990478604,-0.0025736300567745785,0.016732018042755037,0.008314173722185236,-0.0032485632937863107,-0.0002497286200479065,0.00015754779324850254,0.005994215806073955
2020-11-24,0.020497528678178334,0.014866587784606367,0.006764875162828199,0.05138234548153586,0.03503065481213219,0.002948660486376209,0.01747833618913197,0.02487912409129489,-0.0005431077427026088,0.01390717864683233,0.010700060680279178,0.01611355266574299
2020-11-25,-0.00015337647350965877,0.0012051125224292747,-0.0005972227417962994,-0.02331929587775161,-0.0034892962882134837,-0.003674989312197674,-0.007585249436619312,-0.010403428134744153,0.002445691412651163,0.0021357723204640244,0.0026468544050544107,-0.001541720738815533
2020-11-27,0.006440942918485071,0.0021534952904562754,-0.00014932853924565226,-0.011683977476556917,-0.0031512297903522057,0.009221708970390985,-0.001686170458798153,0.005186410664502761,-0.0018976474834885293,0.005327267327387197,-0.009937974720666265,0.0027851342888509656
2020-11-30,-0.0035045133772569903,-0.006067789212215513,-0.00014935084158862466,-0.05525575132968208,-0.020723736401165982,0.0027411879490504276,-0.008894093068706366,-0.010040377026888647,-0.008691047921156492,0.006685224097713327,-0.014429147039363932,-0.004427120416785946
2020-12-01,0.018348653866238074,0.007440044967036874,0.008817596661689242,0.004624622725688976,0.015423396864173933,0.008383344680830351,-0.002499174119424352,0.010987046875953865,0.012602711183453685,0.012795637557703188,0.007001953391689852,0.01093747322106764
2020-12-02,0.009309086862363758,-0.0062490544724712604,-0.008296126151447258,0.03249414904564696,0.01095023640321191,0.007500517093191439,0.001366472152910747,-0.01281830269337536,-0.010551931278660054,-0.0015193738328872497,0.006637163697285953,0.002103716496675734
2020-12-03,-0.004463190806691664,0.0027951495665341497,0.0025395991599301837,0.010489902939189166,0.0003492552206103561,-0.0012555796241052741,0.002615852175751332,-0.006916319333196919,0.007383220885119446,-0.0006405149653506692,-0.010361060611805417,-0.0002725697714274222
2020-12-04,0.0008968210056989889,0.0009498333161448436,0.007748359607762101,0.054503635938949246,0.012225115543597953,0.010686858357658702,0.011909940604479141,0.020181772783717022,0.013300869584505604,0.010016680414776102,-0.009993576088068057,0.008617497359519888
2020-12-07,0.006270555078192519,-0.002277841219664234,-0.003844392071636782,-0.023381891606543137,-0.006901316220811027,-0.006130982480145208,-0.004819846584991461,-0.006547525228884465,-0.009911840988660492,0.0028563835929771297,0.005608047165412966,-0.00205480185552398
2020-12-08,-0.0014834975348509971,-0.002093125965159648,0.005492103222476619,0.014868528164729833,-0.0003476066505417874,0.007599314426105064,0.0048431900178596,0.005609416184627181,-0.004599369745774684,0.003243582140604051,-0.0030273555756077375,0.002926017455053387
2020-12-09,-0.011887172095514598,-0.0009532964946068478,-0.003985954175527162,0.002235088729918955,-0.002432993184863008,-0.0034603825920775932,0.002242179211811468,0.0005573720520959391,-0.00924168509263612,-0.01916266633846464,-0.0017581505744844739,-0.008968935337942296
2020-12-10,0.0006011506909286979,-0.0008907753669454843,-0.004446174057117891,0.030723404435012425,0.0017420697764010118,-0.0016918627919767504,-0.0095068273456832,-0.006132080355386482,-0.005487099323414402,0.0014474451049426573,-0.005123396689820647,-0.00032686833414208305
2020-12-11,0.006011595971925576,-0.004775284385557743,0.002232916207083102,-0.011538298712064243,-0.010086932208017041,-0.003924414069760074,0.0023711918264053278,-0.0057495707653709704,0.0005519038762504813,-0.0020874619687722973,0.0016094390028535965,-0.0011727186931359546
2020-12-14,-0.0031370004862384393,0.0014714062311032006,-0.003861963045667438,-0.03501930069852777,-0.011595331102575601,-0.007521335779522853,-0.012954465508890123,-0.012694021918894127,-0.007168424599210299,0.0036202357674215424,-0.0051415061205783985,-0.004477061614517441
2020-12-15,0.008242277764663797,0.013479727632941474,0.0023858829704497264,0.019657153247337078,0.01706391919141037,0.010826408554335032,0.013923489266545408,0.01814304852934301,0.017494969429124207,0.01667349713420685,0.019702879700152165,0.013519284286388933
2020-12-16,-0.0008919619623163344,0.006555843421222063,0.0019338869058442842,-0.0049430828783403324,0.001747623423785205,-0.0029455052399727233,-0.006190829251640162,-0.002806162211211549,0.00027301466416318476,0.006780792706418071,-0.011561482079713525,0.0015693566700383244
2020-12-17,-0.0025288612065363925,0.0068261530440802964,0.0063846454039937495,-0.004719520990079884,0.0027912457233640886,0.010742168624875648,0.006116023082167965,0.0115377917389754,0.011732689171782162,0.007909518677026384,0.006729612952142583,0.005591986914135427
2020-12-18,0.0008947206245235595,-0.0048518388724754224,0.0022128862646846326,-0.01672070790956326,-0.008698592911795089,0.0007970759748894274,0.00011268211990267396,0.004451019191345829,-0.017260088106035743,-0.003496405396973934,-0.00859468686566811,-0.003992863900718846
2020-12-21,-0.008551828429280484,-0.011296221040237864,-0.010776801363224009,-0.019289906551410385,0.013480072043926317,-0.01000565299916678,-0.0060357684246559185,-0.0053025371605063265,-0.009006500908078308,0.0010002760796785637,-0.012109688486918624,-0.003575231515380972
2020-12-22,-0.009333380656696644,-0.004306931688206728,-0.007052991168689404,-0.01678462303654238,-0.009749340646884708,-0.0030518127408599716,-0.004662278765123595,-0.006156345681172626,0.007012820537545927,0.008666398603421888,-0.0019664653254262143,-0.0016856554181532424
2020-12-23,0.005774501517560537,0.0021625271660119516,0.0033249295822468383,0.02213909988620344,0.016526046194042854,0.0007205851124099105,0.005255148239580176,0.0014077903874931685,-0.009471165490490097,-0.0075855497275200134,-0.0019704877763006,0.0008987085159477548
2020-12-24,0.0010575542608513011,0.0020947932144612658,0.004970601181844891,-0.005219130961662377,0.0013836095594579323,0.0028788402876875896,0.00011375968027604877,0.006326300155971687,0.009842851062590086,0.006629822191426493,0.007074460414256523,0.003890429900104131
2020-12-28,0.01795936853678981,0.0114008543291515,0.007943654286967972,-0.006295938394831668,0.0048359424019661645,0.0025117636582476788,0.0012499910620840105,-0.003911454934469982,0.008075583829430855,0.011312790581387455,0.004411144627161079,0.008590796557411018
2020-12-29,-0.0008893711129227544,0.0003133286428924631,-0.002973882239503678,-0.0066003094101227955,-0.003437764649004027,0.004742673546008103,-0.0060149432042098105,-0.0023844012257323577,-0.007734799844208773,-0.004750531013562154,-0.00016263380951131445,-0.0019078374286547461
2020-12-30,-0.006677656345606575,0.006010091473889867,-0.0010441605062532222,0.01567925617653887,0.004484286438652951,-0.0001782234675843375,0.00639374559823791,0.013777774911091,0.005567741514386215,-0.0005389814805007997,0.005043127307252648,0.00142671186843768
2020-12-31,0.008067008479739401,0.000559890741406166,0.007017255633972264,-0.008372643412114855,0.012362830401850378,0.010511268091867088,0.0046518884846808994,0.0038829405816775964,0.012181843999963027,0.00146351989980964,0.01489154844617313,0.005080781743819873
2021-01-04,-0.014818967384737647,-0.008458438057773243,-0.010823005028068877,0.0015832141824139168,-0.013568572198429552,-0.004319143788593216,-0.024166861222403413,-0.009531664119428074,-0.032275721687383574,-0.016305106387299206,-0.025199455118972258,-0.013613848222061464
2021-01-05,0.0036098747753452454,0.00746421933833985,0.0,0.04478401792785869,0.004470407434824963,0.007259757665207145,0.00983660276319398,0.02245434212670161,-0.0011306089806912833,0.006489204142008154,-0.00016359174101088225,0.006887370026880113
2021-01-06,-0.004796095564058578,0.010211156483877826,0.0007491123355547469,0.03050942092705622,0.04416294803305565,0.013711968877038627,0.023836619163455364,0.04092230275524944,-0.004810559417866567,-0.01724515619754785,0.024873180922803995,0.005978532794925773
2021-01-07,0.013253067408044883,0.01929108354574227,-0.002994866094637616,0.014680482605291312,0.014426147523052268,0.013006180315000782,0.005484803429315788,0.007469724906902675,0.0031276423713597623,0.026954095213094664,-0.013092681700996311,0.014857373926208783
2021-01-08,0.0031213222401442753,0.020619162179515982,0.004957027842601658,-0.00120539204531378,-0.0006462793650178211,0.0047931973265673555,-0.0024490527985073784,-0.004812895922051252,0.010770972000175849,0.006465620666285421,0.008412826162166098,0.005697692261677156
2021-01-11,-0.017780457393816396,-0.018662118258425342,-0.008520234825165174,0.01569261725587867,0.003234164938273665,0.004685205999329867,-0.0003348320393239401,0.0,-0.016825397641497042,-0.008259433559778984,-0.009305353400471561,-0.006740807271065297
2021-01-12,-0.016141371534139526,0.015274120048247797,-0.0033165767805888313,0.03494187588254438,0.010315829034394985,-0.010852900198177307,0.009935476107360675,0.012678252706223025,0.0008554674449434696,-0.004780752820011891,-0.005344178339232952,0.00021141805011981596
2021-01-13,0.0035264839152140404,-5.94641342596125e-05,0.001512515047522367,-0.007809120963155003,-0.0006381645704282013,0.002743012355522101,-0.008621778363959609,-0.010196466140332872,0.013679241462891456,0.006353608845757641,0.01953761596139536,0.0026927543276655808
2021-01-14,-0.005652929733564349,-0.006362851048945184,-0.005286373332327399,0.02962975058859052,0.004470004591557553,-0.003163058982115663,0.003456567894396745,-0.0033899270233429535,0.006185005335811455,-0.00877755380709977,-0.003832513088734224,-0.003501919058913394
2021-01-15,0.0032267132194916393,-0.00772035813252514,-0.0034921446476947615,-0.03889380196364278,-0.016528989538085015,0.003087185656543978,-0.013000203763507412,-0.014261800081348586,0.015367561535177154,-0.010253051460023421,0.009778973024883841,-0.007292623825714828
2021-01-19,0.018073218830168436,0.0056692390752797195,-0.00441883766997031,0.020117325658641327,0.002585795399193236,0.007523275726566192,0.003264757701162413,0.0034512343429167203,-0.006604385496624898,0.01302761133122643,-0.003810285748918063,0.00785200461088098
2021-01-20,0.031443031708610736,0.018891751024199044,0.001836623439068985,0.003668400740536093,-0.00419089429524333,0.005515494728349779,0.00617131581624375,0.0033068649279692774,0.02077563909587332,0.01983279567169749,0.005896236990487802,0.01383858090532053
2021-01-21,0.0036459109186743888,0.004649918785311291,-0.0033609252716170213,-0.0338130591384318,-0.010683008085082712,-0.004725648632023516,-0.007806227254227527,-0.014634311354890017,-0.0032564599163000807,0.012913790303716866,-0.005861675164556268,0.0009117828282270146
2021-01-22,0.00043613084581384243,-0.003397827136175202,-0.0026056801125566853,-0.005202211503281373,-0.007199048692724697,-0.0029676423457793977,-0.005170370698484361,-0.0048167929455406044,0.00245040231472915,-0.0038246974219360297,0.0014342236865223512,-0.0035396268072458437
2021-01-25,0.005810552318038287,0.0037035463901557986,0.009989328676033526,-0.010220969811704617,-0.007251181665727469,0.00654810425907093,-0.006779023985552746,-0.005243096768209554,0.008962513945575123,0.008356428556418383,0.02005087637376457,0.003943970654647133
2021-01-26,0.013576024983192214,-0.0006442975139289153,0.00897725900918167,-0.021373764889483726,-0.00796829784338815,-0.00371753232578631,-0.009213971060103021,-0.013785476476398495,0.010228549995620062,0.0006721082098968267,-0.0099843922322016,-0.0015609252928466821
2021-01-27,-0.03234520851926004,-0.030828811758695895,-0.016890024148251026,-0.013496797193333854,-0.02945104719951208,-0.030359551733950108,-0.019862127729470602,-0.02946433093616485,-0.012789706778131738,-0.018876462974682484,-0.02694615260032429,-0.02444068960385004
2021-01-28,0.003533742127390882,0.0031448733770351733,0.003834955546829555,0.01169131570329296,0.018620836059236145,0.014605710117152615,0.014876320636774354,0.01722664288098663,0.0026992432382679787,0.0041065077055981725,0.011984029944837715,0.008600357725723873
2021-01-29,-0.018635111432883877,-0.02333021267733726,-0.02062999621887296,-0.033193701893404204,-0.019972888150448842,-0.008447566036280052,-0.021583600041740647,-0.01943380821241203,-0.010498074647656175,-0.02355337324553952,-0.005440969212218927,-0.020019594527144302
2021-02-01,0.018690190351343228,0.025985871352103507,0.0009364286341235761,0.007120835951185844,0.013126056922762475,0.0038252232008137987,0.010380859065971748,0.011749913613304352,0.022579019773631304,0.025052339121734102,0.004826923391741511,0.016645324002774853
2021-02-02,0.015265014306551139,0.021237190203020395,0.006703099471059737,0.010858607814710375,0.024207353144784616,0.0028576060347882404,0.021249420615783388,0.01315255778257196,0.0042563685792167405,0.01354414003502069,0.008166430710231598,0.014140485338782538
2021-02-03,0.013445023844864457,-0.0055966050932996225,0.0015483490563623636,0.04271810940108378,0.005659177422278505,-0.007081086741621223,0.0006860478334735909,0.00193342666847518,-0.003973452118809173,-0.0034339073175115864,-0.0031765020080163353,0.0007863580784748248
2021-02-04,0.005991399264942743,0.010663595772809176,0.00726665091130263,0.011020556543477777,0.022177856664965967,0.00417474611311297,0.01073910607618589,-0.0035840719882611616,0.005585024794937832,0.015956205268383483,0.0078075308747271865,0.011365561219395914
2021-02-05,0.012620805457349116,0.009554592086481906,0.009362978188954596,0.008530793619866639,0.00032393736115143845,0.001818903268749228,0.005877886255615472,0.017153421287843473,0.0034383555391521714,-0.002212294677557236,0.00537537899617746,0.003936038564837707
2021-02-08,0.003920652752053666,0.005689926771964782,0.0038016481646334643,0.041823365476050256,0.012949359977635355,0.0012101363819019273,0.008540205739374862,0.008296015629296827,0.0021085817834891607,0.010493734800386845,-0.007705554127054093,0.007221630763938558
2021-02-09,0.0033476441852151595,-0.005542635262758555,-0.0009089240728074044,-0.010600125549013573,0.00031949153786503537,0.0014681841381130045,0.0025625799854929188,-0.007418367021860495,0.0044713458450806876,-0.0011701334487183024,0.0014264826351388926,-0.0006657221435680816
2021-02-10,0.009453588226131293,-0.009869274794228833,-0.0010612425381384405,0.019147528456131324,0.0,0.0018103885821272314,-0.0015558483205689866,-0.0010873306125822602,0.006807925244484814,-0.0014641474278727085,0.003956174167985216,-0.00043557630990398444
2021-02-11,0.0011018168710421605,-0.0027555327377319916,-0.004402202251224008,-0.015432516724637635,-0.0031949671828298554,0.0018935527534271746,-0.0021148053237284303,0.0009525943865353881,-0.0018202614729699862,0.010998431777663464,-0.0056744984926714315,0.0016153341143196887
2021-02-12,0.004264688824537011,0.0014110183966904444,0.0015247754007110537,0.014765853821093078,0.010256584017404702,0.007473480367266916,0.007250348604644019,0.010328387720525356,-0.00026094660560715965,0.005149507122229391,-0.007292539588265812,0.004939466302106288
2021-02-16,0.004794598901618263,-0.004344704960475565,-0.0018267704454145717,0.025072604379678953,0.017131909306549842,-0.009890651305986764,-0.0009966371975625998,-0.001883003493430957,-0.010685237694514904,-0.003246753991966167,-0.01117840880791443,-0.0008658498570811579
2021-02-17,0.0028630762074113303,0.00577874850494875,0.003660092921213609,0.014850498735447193,0.004990792007719236,0.0036168426353340166,-0.002771249527455888,-0.000539195900782885,0.0007901129323562017,-0.008831783690554262,0.0008074633871408832,0.00022955187118278708
2021-02-18,-0.004893977518013348,0.0002931544371238548,-0.0006077239783155441,-0.022595250891571217,-0.005897207377465907,-0.006264041171177626,-0.005002479381741254,-0.0062028951503013685,-0.0005261652279467954,-0.004893462698120965,0.005970524413216216,-0.004256204853991585
2021-02-19,-0.009835872413362146,-0.005802569785598122,-0.012619732437506692,0.01673268334929312,0.01186379209133781,-0.012088752274494352,0.016422882186595045,0.018318010108452132,0.003160283006454767,-0.0014676935813474623,-0.014918169924974078,-0.0017661173135602448
2021-02-22,-0.004001012041627172,-0.021105988235544104,0.0009241714728807082,0.03464704495815374,0.009256503307433439,-0.0023599485351142313,0.0031873335863785712,0.0038636211579587965,0.0057759907399312915,-0.02205097797748845,-0.019540797060486614,-0.007691686070943726
2021-02-23,0.007757251794350273,-0.006564737438358614,0.0013842995384019119,0.016534025326926383,0.00611416907559259,-0.0016646194507756729,0.003067988868482585,0.0034512343429167203,0.003654124983242246,-0.00278083056490519,0.008304258384879137,0.0012144243139620148
2021-02-24,0.0017867706508238879,0.01048782381523461,-0.0006144463725837879,0.035412977143584934,0.019447117805348357,0.006932887660932918,0.01889668288619961,0.008730348175509661,0.0046813365233655535,0.01530020699962753,-0.011694863936995037,0.011019527913358251
2021-02-25,-0.021816771328431517,-0.03719695826528002,-0.010914804700049241,-0.019288177157083974,-0.018181919350423015,-0.010022798700052071,-0.01843891258131991,-0.023079288400862707,-0.01630886697753886,-0.034964253072637064,-0.009000054548058856,-0.024096040879940217
2021-02-26,0.003927705879200216,0.004175109727071469,-0.016164090505542128,-0.023722525235867375,-0.019125663052086517,-0.008627320405584338,-0.010375568412813507,-0.012751742450748615,-0.01736793434807915,0.005307612622824642,-0.018499748670231186,-0.005152263678715907
2021-03-01,0.025569807556873103,0.023456206197512763,0.010110678406297646,0.025960408497188503,0.03125976224463001,0.013053968238931013,0.025604063989783654,0.025289053731673006,0.0010710170211916115,0.03221375392862913,0.022104142838375695,0.02424002262505809
2021-03-02,-0.007357349294042637,-0.011519943433062618,-0.0017205142927455563,-0.0054654617110801995,-0.0036013285029400377,-0.0028929358754952172,-0.0029054725375291524,0.00556941848119008,-0.006152832169707967,-0.015863414348881055,-0.003017595837328302,-0.00780315482152627
2021-03-03,-0.014274025082349984,-0.023492415056112437,-0.004699834153135796,0.014654785826518246,0.007831101776903493,-0.012659226725933004,0.0010794583569073701,-0.009890170836029388,-0.012382464673084903,-0.025158332400371797,-0.011770580233761319,-0.013245932929083493
2021-03-04,-0.0018101324994991286,-0.021168515606168725,-0.003620428639391271,0.023871603921974405,-0.011356638092596794,-0.013444967444874334,-0.015955383014966795,-0.01944606925033998,-0.00735884766979189,-0.022098721690847922,-0.0008507424271207986,-0.01237473565861269
2021-03-05,0.02343418393007113,0.006353130390291728,0.022116961131725565,0.03742196872625625,0.01904477956805195,0.020036144884632234,0.023663488327121396,0.02295574123764621,0.011532335860262366,0.01888433176352966,0.0163487606810937,0.018396485112173178
2021-03-08,-0.013356977605471387,0.0012115902597622519,0.004327663541691784,0.0018883702578551542,0.012755688240249752,-0.0024774641904806716,0.010488010076258547,0.013411179100054182,0.004885735124066537,-0.02419529855317759,0.014075008729602656,-0.004978453630327673
2021-03-09,0.011189506396986237,0.03776830486634841,-0.0009234670105273679,-0.017530512706821266,-0.00908038506819353,0.005854198448677961,-0.0041305465253375084,0.00615836756504029,0.011345364688178483,0.0340140568725118,0.013218872524734415,0.01427746220657844
2021-03-10,0.004234865040311897,0.005093844093328581,0.013093161975071377,0.02532616342819538,0.020395962696333925,0.002292919554374828,0.014782433974019682,0.016538544093859242,0.009882436679746087,-0.003996658378215723,0.006849249697597148,0.006224505448246154
2021-03-11,0.018909146574012548,0.015326403327213134,-0.0024327090154906417,0.00037424609867464653,-0.0028967010590167375,0.006070497730071178,0.0007338775781484674,0.005380672571010381,0.014810762248012699,0.021375126882962725,-0.0025915472582034305,0.010139250396020927
2021-03-12,-0.002803719006485572,0.00294666941756927,0.008230591378457941,0.0020576271938861357,0.010168577430259118,0.0021863355232403237,0.013404382921082147,0.0026755049049298485,0.017200989275639955,-0.0071773065940039515,0.013478293926451945,0.0013466151928493986
2021-03-15,0.007096024861934502,0.013431882322675337,0.004384034291801342,-0.011386936783890689,-0.005752167838715128,0.006893564936984564,0.008370450014249409,0.001143724109516464,0.011273647214006921,0.010653766946919108,0.012818630854376956,0.005963461257935787
2021-03-16,0.010502544943050252,-0.010354502885247197,0.0012037235269504176,-0.02851224549348408,-0.01041357349248373,-0.0006065726385180437,-0.014244895798192658,-0.008250793048907745,0.0,0.0075293239332598905,0.0012656037114879837,-0.001261052867216339
2021-03-17,0.00013118197718697822,0.01405038602612696,-0.0015033255141776447,0.007774608804298255,0.006723175875931409,-0.0036422229296854125,0.011539680460275425,0.008959609009935532,-0.0015201195192520167,-0.0008219334394378164,-0.0162744247252552,0.003409805962739876
2021-03-18,-0.016574370637074787,-0.024468186542958126,-0.004064712003146842,-0.04493707884525078,0.005226683921256692,-0.0020885364497230663,-0.0009249367456436453,-0.005581716276713222,-0.006343978157901664,-0.02774853009840983,-0.0036940770830558023,-0.014549670871247034
2021-03-19,0.008694738033818261,0.005983368831461222,0.0034768342681472664,0.00020160546631009524,-0.011553754783997894,0.0035756714778414356,-0.007612454684474468,-0.004974887661030047,-0.01327882190134777,-0.003000397899599161,0.002740840917427212,-0.0018502520705041547
2021-03-22,0.00840889279401913,0.006583061917653232,0.01055695152827596,-0.009589656639924615,-0.012885972815676383,0.008703223847595254,-0.0005612816101744356,0.0006177129936162373,0.011030380372383242,0.019663199889450533,-0.0014419113888201052,0.007984987523667275
2021-03-23,-0.007377344766449245,-0.009385502109846011,0.00419666000867891,-0.014627187706956812,-0.013975506738872712,-0.010115195411427025,-0.017478198407692713,-0.020844060346319693,0.0031024039700258133,-0.006217941793565496,0.01492302989875438,-0.007870999321025307
2021-03-24,-0.025215486286459643,-0.014785079657907874,-0.003880725071656377,0.02508875460565685,0.0036187326185965762,-0.0011353631080107673,0.0073061771177238555,0.007227373947034099,-0.004381303723839158,-0.01213304420334127,0.0003197321363148653,-0.005083297876125159
2021-03-25,-0.004901535468265217,0.008759261208182156,0.009739117053683133,0.0036713768841851735,0.016826967423591466,0.0041968749142171635,0.015978331724281425,0.014481272790829891,0.008542476009310018,-0.0006177688161728145,0.010704568766236378,0.005625437941941591
2021-03-26,-0.01094543926085978,0.008318489879797442,0.01765890672209003,0.02479156323697329,0.01566184799253789,0.018894292885223596,0.017278675627763862,0.024820159031021305,0.024384007671263364,0.025428761537115818,0.0033196155052426235,0.016114962771177854
2021-03-29,0.01023687009655827,-0.005479739730342548,0.010060985115072807,-0.011897632729132357,-0.00872864168336529,0.004700088556507609,0.000203326017402361,-0.0033880940550962135,-0.002255149107406984,-0.005200727716667797,0.010713927408632529,-0.0005052231068383151
2021-03-30,0.0,0.009809020496043486,-0.010682852722819991,-0.008629394768835286,0.007044462696447429,-0.00901591109622879,0.004372551162356908,-0.0028961632734283427,-0.0042690755294033655,-0.009471051792788954,-0.009041488282231502,-0.0026527895012772307
2021-03-31,0.003971148409138703,0.007795377103909651,-0.0032102315156747885,-0.006882663643513753,-0.007578213858548732,0.0019739226919486264,-0.0032396484095246203,-0.004924541082001577,-0.00403534151549878,0.015910744382597874,0.007393435208750354,0.004053504970964905
2021-04-01,0.017184580431575558,0.008032389158022735,-0.004831015789716453,0.02547926742489115,0.012335067399577015,-0.0029978809150377206,0.0033517066011719,0.008756312831719626,0.01595347771908706,0.02010373995888548,-0.0009369692130114515,0.010799017887880291
2021-04-05,0.021051309627179604,0.02272444875294921,0.012797866996386409,-0.023852109916944086,0.007833047493791323,0.006959238754631336,0.01235072967227513,0.012328532677588377,0.005234395705790984,0.02066723671815751,0.010940930805008575,0.014352935866075223
2021-04-06,0.0024953221295500594,0.004328475993955472,0.004212304955300228,-0.002647292845616711,-0.002015311461980196,-0.0038394920948444655,-0.0023998299030278947,0.0022365898444542953,0.002479563434794496,-0.004266519506253563,0.005256541193683795,-0.0005904266558126592
2021-04-07,0.007728523630954776,-0.0029880230184101686,-0.002458721252023288,0.0034707937542513,0.004903531573926978,-0.002227035708406544,-0.004610814813086561,-0.01723470170030761,0.0012364345784112718,0.005301593624946976,-0.0012303940525433266,0.001157271382034697
2021-04-08,0.00012990753972075275,0.004726109760214259,0.0010149698040606836,-0.01302122375011916,0.0002869297705370144,0.0015452571841125806,0.002416579867453361,0.001261590105222421,-0.004940639786450096,0.014448519138583471,-0.00076984900280197,0.004746764562089112
2021-04-09,-0.0002600950774575006,0.009522673327525988,-0.0017384922777535783,-0.006596601755231246,0.008608180383971709,0.010971035446997401,0.009744842994592329,0.008694739052819589,0.0014899230769751526,0.009614551029526464,-0.0010788117947886366,0.007270021547605809
2021-04-12,-0.004030273444957433,0.0064212783523363015,0.005368361909627417,-0.007885242152648742,0.004267593664626812,0.0010174433547618378,0.003681296373428733,0.0034976753152415885,0.0059490260269887685,-0.004797040699781929,0.0009256944742217499,0.0003645355837362807
2021-04-13,0.001305447378045388,0.010558383995606713,-0.005339696486400758,0.0010453022650407373,-0.009348312213821708,0.004149839357539875,-0.004857282651206107,-0.0023651876230870172,0.0059142917533854256,0.009426704417431209,0.011868001295379793,0.0029638461384808856
2021-04-14,-0.01029831948066684,-0.009833377521624054,-0.0008705056561570945,0.027789663443660517,0.0060048568660111545,-8.399461874009084e-05,0.0012946967176843405,0.007237063664243815,-0.0061243317389717555,-0.010602527578384535,0.004417419494352259,-0.003415136542778252
2021-04-15,0.012776405953667247,0.007166247875531662,0.007987276859071635,-0.008131669728412394,-0.0008527671361614475,0.01712324040487556,0.00397957341173627,0.011769222658402745,0.01897963740367503,0.01717433008882896,0.01107084413195869,0.010742383201741923
2021-04-16,-0.0006502943330103372,0.0077313696749310434,0.005762801201254275,-0.007993588302346866,0.007112774929229904,0.007464147446875069,0.0021798646362374274,0.01212189834428834,0.0014512805025514997,-0.00020917608651138675,0.008099531664977011,0.0033424464467719517
2021-04-19,-0.0055959190986630825,-0.011230408534384506,-0.003867428419937702,-0.0010330378217343616,-0.0028250870562168684,0.00024688407141715274,-0.0041524262461216654,-0.004597344211575427,0.003140176556278851,-0.008304222718905518,-0.0050588671991013134,-0.00491288398466716
2021-04-20,-0.005365931688651515,-0.01259471012862956,0.005464466758168474,-0.026473441036783174,-0.018697097694009623,0.0038678299366046165,-0.011020860422676138,-0.00960115426904018,0.011076090285904394,-0.008866735173869711,0.012711239770044402,-0.007321565683199416
2021-04-21,0.0017106285969838986,0.013324630753958067,0.005005458956871989,0.012746526303963002,0.013856974436795122,0.011805471625462749,0.01365316249085513,0.018161705123020733,0.004524869761114436,0.010081456664396526,-0.008416909993626431,0.009462047573074672
2021-04-22,-0.007355708664725458,-0.011070331936357758,-0.0073998998008174555,-0.011747088780132864,-0.0111048517969623,-0.0044563628929339405,-0.005050943508203454,-0.01687351704375528,-0.0042671374361475944,-0.011737887135692016,-0.007148127553520567,-0.009133296590819628
2021-04-23,0.011644625229552785,0.01045588687460075,-0.0025806917671077345,0.009127336833534283,0.018716004061609226,0.006592082889590234,0.010949642162703555,0.016427746634788853,0.0057141146801487075,0.014936228518482864,-0.0013501453597969393,0.010842671568163986
2021-04-26,0.002092729063736698,0.004386432300934162,-0.011211659289298903,0.006731102364233799,0.003957358321956317,-0.0033957022601841524,-0.002953810834524506,0.0059097383741248954,0.0021309675875682554,0.005115239422812445,-0.005707418476212811,0.0020875760025211854
2021-04-27,-0.004046162148559018,-0.0011759181170830635,-0.0007267390942958807,0.012118775181647834,0.007882578065601775,-0.005760207969888076,0.008295335732129372,-0.0026376412846401687,0.0,-0.002439977656222725,-0.007703838864824175,-0.00021540616927662182
2021-04-28,0.009173885252718339,-0.0011773025284556038,0.0007272676281131485,0.03447579542698964,0.003910697819407671,-0.0030190865885582063,-0.0020567723161453166,0.0027650439854063347,-0.0035439888937288666,-0.00929559203977226,-0.001370083674352096,-0.00028747933349992927
2021-04-29,0.02766240642903206,0.00028061924624411816,0.01061191941285089,0.011175547319807855,0.017807502658005347,-0.004010447448087984,0.0070665097807309785,0.0062340910785279036,0.007349783797294007,-0.0008467024120941691,0.009146263584675074,0.006372904501789511
2021-04-30,-0.013648188966257191,0.0038714591922095476,0.0008631816715070073,-0.025261585258990693,-0.008748085974415565,-0.0029582471025996204,-0.006626952464985125,-0.010603996888808753,0.006589623948395573,-0.013626965121643742,0.007855107618842228,-0.006570717271522808
2021-05-03,-0.005253182141758073,-0.0047506183466712315,0.008191957269056305,0.02753585112595136,0.004963973869796412,0.011373718625496299,0.010301011241714342,0.014932571895955205,-0.005377591149002825,-0.0027914249968984395,-0.00014995583368715426,0.0021567610620552014
2021-05-04,-0.00901576141479632,-0.010445303892204993,-0.005131890491271829,0.0005909757959523532,0.007958188392923615,0.0010594685167690798,0.004369821206825719,0.010916023653024132,-0.006111943589740321,-0.017945775655759055,-0.0037475155444259833,-0.006169346436869172
2021-05-05,-0.0019495103895799115,-0.003121321162891877,-0.0007165770244337288,0.03229639558373587,0.008168032781292967,0.0017908671253266117,0.0009668819008343821,0.012676025289094062,-0.014664154516755179,-0.0024123336445136534,-0.016852286423649776,0.00031299109295601646
2021-05-06,0.01172001521075594,0.002163210874669419,0.012904997081752967,0.005150393991383284,0.014852952521712925,0.0013003045450119544,0.006954330896485894,0.00846070942170396,0.004800697887198391,0.010038289002014755,0.007652181239585998,0.007985512518760007
2021-05-07,0.00759433310540536,0.008975364422916021,0.0,0.01784039980631902,0.005321631811495253,0.006898181054672214,0.010551649091537385,0.00988413090007323,0.012183513563208903,0.008560117300364656,0.0030378451985757504,0.007277969516545468
2021-05-10,-0.01916190278830532,-0.01779077875638746,0.007644720111645187,0.0003729701056744972,-0.0007939695459283636,0.0012896522892582585,0.0009491038552622566,-0.004438179182469915,0.004484287641356444,-0.025246288618284818,0.010145282919797438,-0.00990238546144584
2021-05-11,-0.002865436114409148,-0.011292241853703144,-0.008710400109517846,-0.02572224060863393,-0.017748178487482114,-0.010786567184136286,-0.014793671721223367,0.003314822231233583,-0.011747895611227133,-0.0030253231446121243,-0.012292059977396796,-0.008924772716655593
2021-05-12,-0.019592290256058464,-0.033857073698336015,-0.013321953311068002,0.0047826769088124,-0.010248265167004389,-0.009439133834336033,-0.023967617331677737,-0.025179493427731625,-0.024251153018478466,-0.028125425831340256,-0.02337230027863757,-0.02124527877201765
2021-05-13,0.007194063364745817,0.007080908492838045,0.014076346917705429,-0.012185529090085745,0.016076288169149633,0.009036189585177157,0.018737801747635174,0.015310819887987437,0.012670223857061291,0.01325112545303675,0.019269637571432296,0.012012678828833279
2021-05-14,0.019709100933386736,0.017338847789805545,0.004391010846021448,0.031033063554601448,0.015822042261479652,0.005047793819081159,0.013843266784677288,0.011972067675144471,0.009384155576691366,0.022021799921412066,0.004878942092419791,0.015355324528285363
2021-05-17,-0.007912819845334207,-0.0018155595890961829,-0.0014103941837335654,0.02318172853905498,0.0018478147735210282,-0.001863156212054684,-0.0030556000840445963,0.00875885307154145,0.0004770864879910519,-0.007353890377836292,-0.008192994669214415,-0.002544790186724155
2021-05-18,-0.010198827529900978,-0.007803624586990687,-0.0031067422661862354,-0.02320468009333565,-0.013966050987680334,0.0003245528803814679,-0.014557933427063907,-0.011051011972708746,0.0019059221020030215,-0.00800134609996106,-0.00015312102692799368,-0.008615437400585013
2021-05-19,0.0015851768689818524,-0.008397708103132007,-0.003258500214727844,-0.024878397107333305,-0.006145773922399567,-0.0017036361712894355,-0.005637202148860987,-0.015279491325469241,-0.0038050246485862305,0.003509977631775074,-0.0016828800404957711,-0.002621883799255098
2021-05-20,0.01714594209555309,0.010257880516019391,0.009238230368223466,-0.0015348079419482685,0.0005373731515796454,0.010483400062651249,0.0022480276814376143,0.0005791799881165183,0.01241367236281632,0.0191264417887127,0.008735663701978202,0.010757809904960558
2021-05-21,-0.0033711533403163463,-0.0050178766732796865,0.00014068040447834385,0.0021135604914992445,0.009943864844612627,0.00016104853753096116,0.004876209181630342,0.0021986700474383447,-0.0016504065823645941,-0.005477013372646944,0.005165633546746262,-0.0008184189140515441
2021-05-24,0.01821471580610745,0.009908185183561624,0.002957266070907183,0.009969184127827324,0.0047895019718144916,0.0009649334708159429,0.006211273164408171,0.008891545767872211,0.010864193084616058,0.017769197385233415,-0.0018138231900959312,0.010194128499672495
2021-05-25,-0.00025560529771284646,0.00317231792217898,0.00028073778924397885,-0.02031123666829937,-0.010063600975964926,-0.0029726103104179558,-0.00298997881826335,-0.008469614742678266,0.002803548545977197,0.0002885514465473804,-0.012113969603125718,-0.002218647911931826
2021-05-26,0.006518470250313602,0.009545421016935451,-0.0021052499528494417,0.008912989502791513,0.002942932977575863,-0.005801264529511574,0.0031922585394852376,0.0003462099677022934,0.0023299350927770135,-7.188810913438815e-05,0.00015335766644830606,0.001984531976443993
2021-05-27,0.0038096098337878637,0.004002796248858687,-0.006188325343189249,0.0007681995056640911,0.011469706628177034,-0.0021881010302660098,0.013693403081286304,0.007962123581811476,-0.0011622068109939931,-0.005265495691554989,-0.006743278499196315,0.0005247573612794376
2021-05-28,-0.0032892536964914676,-0.0013866621720363126,0.0021225801014952417,0.001918980215306787,0.001845975789300569,0.003898540140371942,0.0,-0.001030262620596023,0.0067487906832468525,0.003553041571840776,0.005400441130944511,0.0017888489457074108
2021-06-01,0.0006345105735932055,-0.0019093080518001182,-0.003389392760558496,0.038498405299812744,0.006054220281533462,-0.016423832337301048,0.003900279480900881,0.013981402794186248,0.017106011447648894,-0.004913390385007044,-0.006138819785219463,-0.0008807389191298753
2021-06-02,-0.003044086902526777,-0.004637387651417302,0.003684469492953868,0.018627945644243082,0.0015699858311155612,-0.0019740204587879173,-0.002842689571494139,-0.008363455069066883,0.013863593184424428,0.00689819058053609,0.005250116612523392,0.0015724116074637973
2021-06-03,-0.006742602976642753,-0.01188057642463558,0.006211543592243629,0.0027158622071552507,0.0023510144941767397,0.0030494435366235084,-0.0021858044367429885,-0.0002283366561716127,-0.0020175520517645706,-0.009302786063046353,0.005990790970150872,-0.0037112349202585992
2021-06-04,0.014345739674921143,0.008015583118726077,0.003508299744428456,0.006681032234046036,0.002605869432444008,0.00320451005017075,0.003238212702167287,0.0021662215271109897,0.0008983779858351415,0.019216983424141576,-0.001526971839961866,0.009145909310654066
2021-06-07,0.005177355913879023,0.0,-0.0016779642856420418,-0.004305031627500844,-0.006498284151167488,0.0036041451342578856,-0.00693003961869576,-0.0121715057170112,0.009425775165080141,-0.00021423424462985174,0.0018351821258522083,-0.0009703623223457081
2021-06-08,-0.0028894725206453087,0.008068691601445632,-0.00840330926172439,0.008647206835687982,-0.002616533774638441,-0.00310146175746151,0.0025808813579648593,0.001842312650881306,0.005335949077736268,7.154009266652217e-05,-0.008548608894236698,0.00021322461257589076
2021-06-09,-0.001007818526565507,-0.005509925059957843,-0.004802271127687718,-0.006251242570173399,-0.009443860225390455,0.009660320150328694,-0.010202039479250025,-0.007816159646288456,0.0011051620057906941,0.0007142160741695491,0.008930127406655108,-0.00149194379827855
2021-06-10,0.005423212526808996,0.004723923736655644,0.006244783965297485,-0.001258030203193261,-0.011652491638276197,0.017108648101156643,-0.004912681766720772,-0.006023929882832291,0.010161438982143833,0.007351741670027501,0.006561992107061654,0.004648469226266716
2021-06-11,0.0011289566220245018,0.0054565385241454045,0.0005641507155611514,-0.0034189783244260585,0.0064308296635349205,-0.007095105788637812,0.002032879236809837,0.0037295834567143693,-0.006341670996863558,0.005951942492483431,0.0022741708818327933,0.0016525191927780902
2021-06-14,0.006640780524356238,0.0002887631156924808,-0.0005638326289800766,-0.004333793682572695,-0.010383171913573297,0.0008829729721979707,-0.004540657073578647,-0.01230846915809447,0.005721777971843922,0.010142895791829698,0.0021176036883303606,0.002238866754654678
2021-06-15,-0.005725714938158766,-0.005310108322459928,-0.0023978722823094767,0.019042319843301403,0.0018829981492503034,0.00032100375970167683,0.004270190222443571,-0.002116098461489524,-0.009190149824546578,-0.006136431146292032,0.00301884231912819,-0.0018342208247499325
2021-06-16,-0.008763443535589222,0.0004642979371680678,-0.0132899346616413,-0.005338760889837313,-0.0010737523404918958,-0.0038492770874734017,-0.009470481159818855,-0.01107449162007279,-0.009054993260747768,-0.005401958807210616,-0.01504878169660362,-0.005583079681515057
2021-06-17,0.004167977183541227,0.003770011997801692,0.003582131755750506,-0.03399551096944087,-0.02957003402223979,0.007647600208475547,-0.015414553761621264,-0.022277581240496058,0.003788804779760291,0.011568729532286604,0.005500088961083449,-0.000331926596804033
2021-06-18,-0.011696461561301885,-0.00525815654178563,-0.017704100737903405,-0.02963488614042764,-0.024100225766436223,-0.011424316021407033,-0.012980634675689773,-0.016205809366801938,-0.01576364229753835,-0.00913506124296204,-0.025983721648873415,-0.013490305410204795
2021-06-21,0.009701912908881116,0.007707818969246549,0.011469345874479453,0.04261460570762421,0.023339751328283143,0.012015381782866319,0.021994925006585397,0.020760917538939383,0.019866120490739325,0.010716731547673053,0.012954783425840999,0.01431606571702071
2021-06-22,0.008585613089221455,0.009409424036482594,0.001446295171145806,0.006657984791711202,0.0016709895295545785,0.0021643633427033127,0.0010837845656495038,0.0040212926382721115,-0.00445247934921289,0.009069031998174326,-0.006053099213637392,0.005346082561352938
2021-06-23,-0.0010013969683785318,0.0077207789231865664,-0.006210194496649946,0.0027558121743340713,0.0019461199904931004,-0.0041595505400844335,-0.0022638699492888437,-0.006432755234665355,-0.003130553814006287,-0.0011060674794256542,-0.010618504207478119,-0.0012051867248416004
2021-06-24,0.009398350180591208,0.003404545144467086,0.004941214071575661,0.00861109154870543,0.012486058946387546,0.005140891707723583,0.0077939470480143935,0.0031760758668863964,-0.004710476291044374,0.006297717644760281,-0.0009468650543740242,0.0059156853356694405
2021-06-25,0.0012414591103255823,0.0063345471850924095,0.007664236126914803,0.005268092782005462,0.012058008316087943,0.004555441017720208,0.0019580250149395795,0.00012176212256309604,0.007211805959584927,-0.0011692236283196156,0.0107425687332674,0.003551857059298724
2021-06-28,0.011283369777348229,0.00022501401646080055,0.0008610771930119832,-0.03379123739108714,-0.0073109780811467795,0.0015113749675024213,-0.005276151444968624,0.0,0.00044757988029564544,0.010466389023245481,0.00640823636311838,0.002015943395915931
2021-06-29,-0.005394775871584212,0.0024722744674943176,-0.004444873617378997,-0.004862617366698463,-0.003546294456485022,0.0011122200744682065,-0.0019643215332343367,-0.000486784058960521,-0.0006709686112149615,0.007291186828255469,-0.01615151052724939,0.0005383569388999199
2021-06-30,-0.0018492026526493177,0.0007848062368120967,0.007777785928621661,0.012403763422597303,0.004379888227439066,-0.0006348576152421792,0.00777477053195641,0.0026800528724755246,-0.007833492096923744,-0.0010823480490084192,-0.0018943785776824873,0.0008415317083314555
2021-07-01,0.0074101173595937375,0.005656664063383499,-0.0030014336180349543,0.017449510846441196,0.0079041842026073,0.008892404759799577,0.007128792330945766,0.005466850419923119,0.004060524601062543,0.0016928201914458985,0.010912667106219631,0.005536639618873185
2021-07-02,0.006987830844963794,0.008798955736115,0.0024368059159283195,-0.0021892813792196986,-0.0010818725653789496,0.009600990061814363,0.0015515989215717507,0.001450049676873899,0.004717985582649797,0.013183782602115501,0.001564351732253666,0.007643634768665031
2021-07-06,-0.0024346605385217046,0.0011595554434720157,-0.00414706657554853,-0.032547139816327064,-0.015700932474435825,-0.0009354140001778255,-0.009584649521273358,-0.014840522721564775,0.008944381851741623,0.003803515378923761,0.004217588912452275,-0.0018215624633463046
2021-07-07,-0.0014646752233159477,-0.0005512249477379605,0.0053132653731609025,-0.016254093879735754,0.0013750285749198898,0.00631984331523916,0.009970809824878968,0.0104101787680968,0.0050978159869412565,0.005451068550557103,0.006532794914628992,0.003534152817736169
2021-07-08,-0.01099960664152455,-0.0024830646307378856,-0.00371391125238818,-0.005763557269762298,-0.02004935901830396,-0.00550478017665923,-0.013937432066207456,-0.013575867901047478,-0.0008821318876658379,-0.009454238994564435,-0.00293640004056539,-0.008148047105897338
2021-07-09,0.008897733584738221,0.009347620662013556,0.005734898513534814,0.02125599302584713,0.028867199177681435,0.003430450527686757,0.015802786037138583,0.01966084964491599,0.013242267739096647,0.00921096111457409,0.0012401322890245314,0.010674643824301278
2021-07-12,0.0071042279743991354,0.006849663585370758,-0.0015683849730425692,-0.0015137353538983156,0.009807339044072494,0.0019423071088555677,0.0013529262904417028,0.0032537077914378543,0.008712637552647395,0.0007934834815452874,0.003250826142679797,0.00358188562706907
2021-07-13,-0.0025541111077896916,-0.011973619182920836,-0.0002853432870552064,-0.007580151112217992,-0.01079066167963938,-0.0009306181386879997,-0.009649749764548243,-0.009128818468794653,-0.012956415532236698,0.0040975484122236505,-0.007560545701356336,-0.0034088594936710903
2021-07-14,-0.0007315167155340641,-0.001817655351594949,0.008854756735877656,-0.029787821884357246,-0.004636119735909272,-0.000931549209294058,-9.740728269758137e-05,-0.002060772992068749,0.008751057605243417,0.0073710967798710225,0.008706330985899013,0.001492162399381547
2021-07-15,-0.007077648305998441,-0.0054082307839381505,0.004105198990240311,-0.013973638671207489,0.003287844662646311,-0.0034958436803192994,0.0019488966849032785,0.00012126158713310353,0.0015181887817143913,-0.008232039321021567,0.011251595640203282,-0.0034154980469341956
2021-07-16,-0.006267834559254615,-0.012317527545271711,0.0015509538448998939,-0.02834351956253789,-0.013653909945607445,0.0027287000343005907,-0.008850243732401064,-0.015061523329486515,0.0010825535179035395,-0.009881480263130404,0.010059613324383543,-0.007843543706948286
2021-07-19,-0.0152113092976488,-0.011459747877864968,-0.002956042653048274,-0.03533276939521157,-0.027961912764876473,-0.010496197445683864,-0.020901113726541354,-0.021457798077838097,-0.01557446867447354,-0.013772373479540412,-0.015844458223359115,-0.014768045718573264
2021-07-20,0.011302119703477276,0.0184688018143786,0.0002819762305346085,0.013415668825322857,0.02477905046500406,0.01217898938414308,0.027961536457113523,0.011342522457755022,0.018018249202858216,0.014841629152719138,0.004293162628443259,0.014330407352309171
2021-07-21,0.00832004292825772,0.009206544585228738,-0.00254020423259238,0.03488146245028889,0.0172317946063969,0.0016300627735690298,0.009554467128708888,0.010965378890884558,-0.00302195927878246,0.009639207926881443,-0.010992369016707637,0.008096270507120584
2021-07-22,0.003448358748010749,0.004312318625965483,-0.0016982749911913508,-0.011167581077502708,-0.010929118890440903,0.007362746231440731,-0.0036697034845576404,0.00037005537644052566,-0.007144460212338388,0.007374010030756439,0.0015436524684682151,0.0020941475226619044
2021-07-23,0.024791341114642762,0.008918476313754864,0.012048276776982059,-0.0036962581235603365,0.0016576033244002364,0.011540104702657539,0.004264923543920274,0.00702346916904828,0.0091585955732012,0.009934758172002844,0.012792937261457027,0.010288018015072842
2021-07-26,0.005149676325985064,0.007420793265049186,0.001680607098813569,0.024732072048774922,0.005791437130914678,-0.0064647925255850724,-0.0004827473989095221,0.008442292039669619,0.0,-0.0005176574610649132,0.00030453643218675275,0.002454727554854985
2021-07-27,-0.011914634942284397,-0.010128494345620132,0.002097462496445379,-0.009251617887307995,-0.00027410782920633814,0.004669669240787266,-0.005503944407420414,0.001334507751939551,0.007994872805653142,-0.009453449528927793,0.01719138965976108,-0.004557378959590852
2021-07-28,0.007837995264621256,-0.003228241062763426,-0.008790235762795473,0.009135223434015849,-0.0013714854259705422,0.0035811474599622972,-0.002330322238611293,0.0029081811119495704,-0.006002265662454986,-0.0012418773639889524,-0.007627830675780989,-0.00041011186816442
2021-07-29,-0.010768266806076676,0.01125321733401674,0.004926553921582144,0.009655746059052062,0.010986152053197973,0.002429792184363233,0.007883097864314959,0.010994047130168383,-0.0030192552030590125,0.0046466555154123235,0.002712786283391333,0.004147519888615614
2021-07-30,-0.0033864376180089417,-0.020573263888649107,0.0016813914950639663,-0.015939341391121853,-0.007878189308224925,0.0009084778440564545,-0.0019309688181586848,0.004063136563849934,0.0032447338059087283,-0.0006514489889226649,-0.008417323844863156,-0.004856417463836915
2021-08-02,-0.0023059117060793,0.002882183670516403,-0.004195509781832252,-0.007491400102821677,0.0002736185679701464,0.0013622937621220466,-0.006869459336653616,-0.01213978209691191,0.0004309791675578545,-0.0035854083577390172,0.007731074588583908,-0.002098169741917233
2021-08-03,-0.004500745613687962,0.007405306971172809,0.004493780048447915,0.017135920041708053,0.011223492053224593,0.013904626622869065,0.013054202650581326,0.010361531085405273,0.004095113530560246,0.006411597840454419,0.0057158380679069865,0.008135582394429575
2021-08-04,0.0028103487178048336,-0.00970995393046803,-0.013001412637396181,-0.027075789578984488,-0.00839170683364121,-0.004248138182976091,-0.01355907823049085,-0.009539856852926132,-0.003219758173591547,0.0020150358377923894,-0.0014956959860793484,-0.004918933594026398
2021-08-05,0.009138400365950927,0.009583728299052297,0.004815624772437133,0.011337750408376257,0.013104018870913725,-0.004116710775461607,0.004679352951660443,-0.0014446092161686241,0.007967329453738348,0.005514531119421795,0.01093467700616757,0.006332770860045578
2021-08-06,0.0,-0.006804155568872816,0.0,0.009172466166964766,0.020209816369479272,-0.0008270192280727118,0.004657398918907374,0.014468108531279444,-0.0017089477347700388,-0.0008387830551921382,-0.0005927462237393932,0.0016524096198977656
2021-08-09,-0.0018111486455032466,-0.0013811340583723686,0.003664978107393635,-0.014138420341402336,0.0026416509939621857,0.0038364380210760274,-0.003959870305128788,-0.0011886892210927202,-0.004494137647113705,-0.0032286395468447138,-0.00029615445575714716,-0.0008134779362188871
2021-08-10,0.0019355914975047739,0.0039278174589212345,0.007162934692666267,0.017619142350947747,0.010537229956769423,-0.002323096239928102,0.010181370648723709,0.015111903644987601,-0.01074787199210303,-0.007190981022645482,0.001037866919459951,0.0012438089266664232
2021-08-11,0.0019315613083803473,0.0029205156586935566,0.0033468054616814236,0.00785185531854049,0.011470198425561628,-0.009914355710421985,0.012958365576030362,0.014066766509963413,0.005432272905821156,0.00013046098627267355,0.0093331542176327,0.002484970134996045
2021-08-12,0.001807728810094833,0.00043961477794085546,-0.0005557789454284645,-0.0009989157997528642,0.0018043885809617688,0.007889764099762608,-0.0018951558640365462,-0.0016183593225091997,0.0034580771609717953,0.005741395142688344,0.0010275943144337774,0.0029967927033947017
2021-08-13,0.0006014889411436464,-0.002855803783933464,0.008343741570296714,-0.011797492033302825,-0.0074607744778367735,0.00624700905448905,-0.0031329797459698216,0.0009258717414541984,0.006676625585317897,0.005449323847263932,0.007038189556045182,0.0018200654977098552
2021-08-16,0.001682500087378802,-0.004626440420523736,0.005792229695047002,-0.01841352022347409,-0.002592242423405944,0.011369680624758516,0.0034285305017207612,-0.004973918232467511,0.0010700658719506873,0.004516508417830911,0.0061153504845841145,0.002354661852632667
2021-08-17,-0.008280100923097833,-0.023738580520691444,0.0005486687441107474,-0.01030710585368566,-0.007016596279437404,0.011833312631211124,-0.010820060011571875,-0.011508998492678058,0.0019233272964742643,-0.008285807232772613,0.0005788712568763899,-0.00655545973579319
2021-08-18,-0.007623487799124695,0.003570902001752696,-0.012471014116654633,-0.020829087981108385,-0.012300212457819315,-0.015203442168303383,-0.010938335363336993,-0.011642997736072802,-0.010452287715979391,-0.01379522775495412,-0.005062209172607024,-0.010944795258647666
2021-08-19,0.00012183783560382189,-0.006381997214543911,0.00804896871795413,-0.025952052547713378,-0.007419168584859692,0.00452731952128449,-0.006984702858184644,-0.008924125239063274,0.008406996940250488,0.009785225683608623,0.004070230606006975,0.0015483648788081616
2021-08-20,0.008656483348197241,0.009606104351785438,0.0016517982055488378,0.0021840332033007392,0.006139972902738711,0.005689837644806461,0.0026375765066390944,0.005882936571148134,0.004702933292104472,0.012877228794728746,0.012451171624229707,0.007956933724411197
2021-08-23,0.012087554355936003,0.012892762001049274,-0.003161079669498301,0.037481112712868025,0.008224715360719781,0.0003671349318736805,0.008184697035291011,0.00859407237951837,-0.0038298517371524454,0.012905974968066447,-0.012870047226040793,0.00879666156368386
2021-08-24,0.0032247314338600397,0.007058983858778678,-0.007583040335587876,0.016592991481628072,0.006052831257828295,-0.0035253892738846826,0.005025648700317076,0.006272025986514551,-0.007475446527458129,-0.0011406550843008345,-0.006518826101280739,0.001587337857814397
2021-08-25,0.0015476116484429703,0.0038635993651499057,-0.0016671255908737859,0.00764444373851636,0.011770797106148922,-0.002727116904374771,0.006442834942321118,0.004586602448750643,-0.0010759919692128195,-0.0005714815427749764,0.0018955158703628516,0.002098397028467369
2021-08-26,-0.008677196950421684,-0.009236863178434196,-0.0045921603665635136,-0.015172992930160167,-0.004912312099276117,-0.003916536171509,-0.0043951629387144475,-0.00690662695960198,0.0006463488671411,-0.006286269940607991,-0.0024739576527061935,-0.005903198713383628
2021-08-27,0.015827361271143037,0.009100887032510885,0.003494956935616411,0.02665002705255226,0.013250163096556244,-0.0011131328188311862,0.006909785866678009,0.013202484234216882,0.008180826613537251,0.009648806133607746,-0.0002917680711665982,0.008941000867042526
2021-08-30,0.006846049404755972,0.0075343272483647805,0.004458216771511703,-0.01176219812207946,-0.014102622770601259,0.005644994378357415,-0.0011435320097994417,-0.0010469287118189952,0.012171569347711353,0.01075961856235752,0.001459460260494927,0.004397524814081066
2021-08-31,0.0037515422698464196,0.0024015646620765274,0.0022189731380597433,-0.006772237535299541,-0.0013000710191924947,-0.001329326004706255,-0.002767340669465934,-0.002911749977630551,0.0059073896641657075,-0.005259746417944133,-0.0011659054432140437,-0.001481589838315367
2021-09-01,0.005022261330951849,-5.437154117349241e-05,0.005258935159459188,-0.014669530213119009,-0.005729124009431263,0.0002958465832014756,-0.003827461897402684,-0.0025697596867325645,0.017198107050688582,0.00025170772823512877,0.013130986461379335,0.000531473844942898
2021-09-02,-0.006740421884025016,-5.454766478851791e-05,0.003854335645179674,0.02537226059695441,0.0034047846333160603,0.010720792719983496,0.010758085219683133,0.006441049564246848,0.00474198550526439,-0.0010697877483281104,0.00907234176784777,0.003076646890683099
2021-09-03,0.0,-0.0005991911612029943,-0.001234256218696217,-0.005725896776273998,-0.0062647947571707885,0.001097135597317278,-0.006081990248329894,-0.006632527585541337,0.0,0.0039690409416948125,-0.008277470977435808,-0.00024287814419488019
2021-09-07,0.0023401795158830563,0.0029426488448864863,-0.01153356209187828,-0.005964515209730292,-0.006041374333436544,-0.005845783190217557,-0.017305906236611657,-0.006559685062492604,-0.011081472017150262,0.00025061973957019035,-0.013239255635323355,-0.003575377574126626
2021-09-08,-0.005136243637003934,0.0011407275051213972,0.008612265669747154,-0.012828592252947857,-0.0023784229958344616,-0.000440878014951962,0.0013623524491763739,-0.009550797836678115,0.00601780245506589,-0.003826534288583705,0.017938024132442276,-0.0012181763806282664
2021-09-09,-0.004927725777606473,-0.0013025112883592316,-0.0057841931614396325,0.0020961404831336683,0.0029136102815101594,-0.011545087219192007,-0.004858319597500826,0.00035711083793787957,-0.0212458531768841,-0.003778577531626026,-0.0054440950032979,-0.004280295059321926
2021-09-10,-0.0064850542111701825,-0.0061400255882639865,-0.00429450394309594,-0.00041844688442749245,-0.0073951064242191444,-0.009150426722636107,-0.004491128003775713,-0.00023818939966946395,-0.012645040561419796,-0.009861784593234946,-0.013973031584681217,-0.007884394790484306
2021-09-13,0.002492274140813544,0.0024604904932985505,0.0025044101067388524,0.028666993240383576,0.011441811746944364,-0.006156371717388587,0.002648085816863599,-0.00023784505958612812,0.005549700094638066,0.0003193166118777846,-0.0017532343822056484,0.002559221535725076
2021-09-14,-0.008642271373045407,-0.003327206816511663,-0.004579535655007905,-0.01444274414093405,-0.01341748965667,-0.00015125323303788463,-0.01203175749117591,-0.010953806060213345,-0.002122653315687506,-0.0012763531588199095,-0.0033658405471003183,-0.005396670252260871
2021-09-15,0.004896180842740572,0.006457275853226863,0.0036246743916505952,0.03735826314629764,0.00959983971978473,0.006497996716683163,0.010990043170456376,0.010593540886934427,0.003829037687629544,0.008755048078553651,-0.0013217651750687676,0.008352776145393426
2021-09-16,-0.0009506789479878375,0.004567161804905906,-0.003333727592532365,-0.011341122361957168,-0.0029051458187832058,-0.0025523582483478746,-0.006855248654755619,-0.010839817703781285,0.0019072160417126227,0.000570066548243986,-0.008380650608458051,-0.0015852862110500299
2021-09-17,-0.011061968251311338,-0.0035179956159951953,-0.005435556499603589,-0.007446171623674891,-0.004503042600819573,0.000978138854995425,-0.0106497102990607,-0.020592466968311518,-0.009094961449532701,-0.015575315296392556,-0.015421310283740164,-0.009741131466684094
2021-09-20,-0.020096937681263083,-0.022819150727734216,-0.009983332136656808,-0.030536701816499923,-0.023197789282430104,-0.010434876619833777,-0.011469292139940857,-0.01921554354256816,-0.006846991336281194,-0.018214411189066526,-0.0018363445024758285,-0.016674266547585526
2021-09-21,-0.0041803391259570555,0.0015028018451832548,-0.0011396903192254504,0.002328353215269363,-0.001368103935100784,0.0015247624284859818,-0.00525999231790919,-0.0023924897681592006,0.0002162037490176516,0.000393549074749755,-0.002736269147193937,-0.0009445475028057038
2021-09-22,-0.0004941312141628629,0.013617965403588839,0.00285216829563395,0.03083446597051842,0.016712667384566116,0.0016750241082459372,0.007931792604977561,0.010349693433376883,0.008426829397082836,0.013710287747356276,-0.000609802729823139,0.009754715380821954
2021-09-23,0.010253116096028414,0.010144620677394522,0.003696750676905225,0.03503362499230067,0.024521245912530354,0.007220504799957617,0.015334883428060886,0.014241336399866356,-0.00492814495066185,0.013395500167274976,-0.00533866044811937,0.012150212620358314
2021-09-24,0.008192800994913707,0.0037458493529398673,0.0004248993338524798,0.007521845684977269,0.0052607232162544815,-0.004074721602475795,0.0020864561994144992,-0.0014778539362555465,-0.011412410471374423,0.0007025688044302036,-0.0010732334906077279,0.001647069329963724
2021-09-27,-0.00012127241704096292,0.00535429198145887,-0.004531253532049195,0.03555993029666027,0.01360530430972462,-0.014244541212484751,0.0009914896326632672,0.007770578506172132,-0.016554272686944427,-0.009699380070419483,-0.011820886931336982,-0.0028607496018875356
2021-09-28,-0.024381241132033882,-0.01925886840771107,-0.011806565655198109,0.0034149803691163605,-0.016520325898680577,-0.017140819933625262,-0.011589799559519887,-0.01236231345325256,-0.0059799237118529636,-0.02964126338762041,-0.012583405044505835,-0.02015196493809135
2021-09-29,-0.0008704264850512011,0.0009875437983077884,0.009068672538993017,0.0,0.0007877720727298421,0.007898803097162288,0.001102482092988133,-0.004089854775698232,0.006461498220747597,-0.0012616825619696792,0.013058383125944317,0.00168306923749717
2021-09-30,-0.0031108610829951866,-0.016658496003480017,-0.017974465089176217,-0.015125816968323047,-0.015736087039932678,-0.012259806521070282,-0.020522518109589383,-0.015554798060553043,-0.015939700914822108,-0.007180612881486859,-0.007920441824618596,-0.012222129574711249
2021-10-01,0.01685159166822059,0.007522762307996089,0.0026148967100403375,0.03359565664596986,0.016520313157732724,0.0002357351725166268,0.013695718085732889,0.01592737175306902,0.01079876175731842,0.015068362285480141,0.0,0.011884088066833165
2021-10-04,-0.021605607860801235,-0.007908991321948444,-0.003187433593827671,0.016344625169695037,-0.008650008838061995,-0.015235910114384854,-0.005444625687565763,-0.004354925090404582,0.0011126602149871267,-0.023157859371530698,0.013775850688833913,-0.012896173421662382
2021-10-05,0.01493097408737687,0.004013769689794389,0.005087263454951252,0.0058479706101906,0.019566297384063347,0.005981373865157735,0.011151737597096645,0.00887288456162727,-0.007780961929181762,0.01425109645386713,-0.0024704422196224485,0.010404890787676147
2021-10-06,0.001730656035508149,0.0031653311387742633,0.009688842909438167,-0.010537611373996447,0.0010372594865308837,-0.0018232910282146575,0.004411367593025295,-0.0018583110303803663,0.009634464243050367,0.006525830935831811,0.015479694779630737,0.004156131797414364
2021-10-07,0.004319511444266011,0.015553852629950793,0.004439978194189953,0.007712098481090113,0.005958491230954266,0.013263352893162272,0.0077861925986471014,0.01303062600962579,0.0011097489133375937,0.009129891805655266,-0.005335337833395681,0.0086457712476391
2021-10-08,-0.004915169601678593,-0.004578361608013171,-0.0011406822527213478,0.030794285614488492,0.004893364089671337,-0.005016341818447789,-9.934960533108939e-05,-0.005512749170015541,-0.010862330561241307,-0.0037366991550746853,-0.007356412106647281,-0.0018238637746419428
2021-10-11,-0.015065489146928623,-0.004051832226379615,-0.0002853881454791818,-0.0037121434137765696,-0.009995010721640774,-0.007799111979598594,-0.008023663641442802,0.00012346242785188366,0.001344589294295595,-0.005527932831822735,-0.013586489771336252,-0.00723972933320971
2021-10-12,-0.009277928284225134,0.007916759117160721,0.00042835886415582003,0.000887274363105206,-0.003106568754493444,-0.004843196196607447,-0.0032953922738747643,0.0013547166587484227,0.013428841591052176,-0.005161411715853048,0.006730315943940024,-0.002461465935719498
2021-10-13,0.004682457916479255,0.0049092942312567445,0.0018555916231246528,-0.0008864878052025071,-0.005712658166715512,0.001595638635963459,0.002104135780891747,0.007503172014430071,0.00574202252603051,0.006119562845990689,0.011660416040338184,0.0035976509658564026
2021-10-14,0.014107648793880934,0.010476069827826118,0.011255184030222187,0.0122427979247679,0.016714478056054416,0.014338132346211951,0.018896147243123274,0.024294964068556357,0.014053725775312165,0.02254381873607958,0.012294581383801129,0.01682059744608133
2021-10-15,-0.0023599967014226175,0.015309238794582791,-0.002394960088265008,0.004907800923853012,0.014898488796580622,0.004947458262578364,0.009616368912149342,0.002979597365486475,0.0004331530551806573,0.008017120313040804,-0.0028844559399254788,0.0076158045081680115
2021-10-18,0.007719080650526289,0.012221627422933201,-0.005931574824990293,0.0006979043391590611,0.0002530798104061205,-0.006798657598353963,0.0006802499850941945,-0.0007132341310638335,0.0017314738365470372,0.008466310240273334,-0.009591923155265358,0.00296037244308911
2021-10-19,0.009636708492837265,-0.002822445662610029,0.0004262295847705655,0.011329923368383676,0.009868558618169043,0.01313930428354837,0.005924602685917657,0.005232786904866948,0.004537650221132283,0.009921776853311304,0.012605635537000115,0.007715124546690433
2021-10-20,0.0019579861599667847,-0.0007339057115489656,0.0058225739577228985,0.008100631443905382,0.008017903776851742,0.014289122143513744,0.006275904617082606,0.008044467820987666,0.01527203563645374,-0.002770918758458696,0.015788678293303215,0.003927483195271808
2021-10-21,0.0029310930202655072,0.014687478737621218,-0.0012709892802996725,-0.018464679503297554,-0.004225666074463175,0.004057806094485583,0.0020152581696886163,-0.0025820028534714323,0.0031778268228306317,0.003852333956297027,0.0,0.002608366716101207
2021-10-22,-0.021188636798587734,-0.0035668693410758623,0.007775016287519421,0.009406058250261973,0.013978923562707468,0.004041532581241736,0.0035430319664511156,-0.0018823045510342196,0.007180704759651935,-0.0034601924654955596,0.0050813804875200486,-0.0010361547693759077
2021-10-25,0.004354641144869609,0.024798743720972904,-0.0007014547950342509,0.014667777503769797,-0.001230820311655556,0.0012150678177023089,0.0022899802758995502,0.010019923377405426,0.002935691589816658,0.0032827231047720673,-0.004312368361158669,0.005362778200538987
2021-10-26,-0.008918736647222425,0.00015182828502280366,0.0035093108049522037,0.005782420568028357,0.0007393001591318171,0.0049306680309739725,-0.006188152633238353,0.002801012138991865,0.0045996593004682396,0.002831465557816104,0.005376361400007079,0.0008998767608237035
2021-10-27,-0.0027498575664176572,0.0022271732820211554,-0.005874792486631808,-0.028745423386181246,-0.016502138060787597,-0.007925634942242632,-0.011687122292928231,-0.014315602954918849,-0.0072842879594055,-0.0008782478226627699,-0.006684382648204812,-0.004429951810827282
2021-10-28,0.0032589025149092343,0.013282908183515962,0.0035176435203365664,0.007137811946238415,0.012271404313596523,0.008369268251221751,0.012503889256240575,0.009918539686092354,0.014675006295895576,0.01004740211953914,0.006579973499257541,0.009648812922329553
2021-10-29,0.003122707114112888,0.002591844785270414,-0.0009817691206588375,-0.006568696813284869,-0.003958625096918578,0.009733918291993104,0.00028704184302208446,-0.004793528114356627,-0.011983145441807785,0.004290220807782408,-0.005942649732798788,0.00202904981213603
2021-11-01,0.001619152229267673,0.018344478297746214,0.0015440186173585335,0.01722613551876928,0.0004969362286779688,-0.0011957923633779677,0.0027754852154255882,0.0023493360068775893,0.0023002165659851137,-0.0014859057769103234,0.0035869844889575564,0.0017201935642989774
2021-11-02,0.000124417850571934,-0.006736956423507912,0.006726305700163415,-0.009407874120972326,0.002482624354625207,0.0062846549623269965,0.0033402119438603606,0.011369092159500438,0.009388466597855638,0.00880417735624639,0.0008933935473942611,0.004043210592775903
2021-11-03,0.0036051767734788243,0.01798880017129667,0.009326353979187463,-0.008288708203292416,0.003714406553029681,0.005873463281966584,-0.0021875397374577776,0.010429980710168207,0.005787460329611971,0.005838313852038146,-0.0037198052291386174,0.006105150562380368
2021-11-04,0.003963794666934195,0.013470388692817803,0.0009653586593805219,0.001392905674921563,-0.013076383539714298,-0.006873949320718942,0.004003606122652714,-0.0005736064647939854,-0.011302732091790113,0.01564222597042808,-0.0055257485872132195,0.004712601486710266
2021-11-05,0.00801945936491344,0.00643143943969271,0.005786685057153296,0.013041250453200703,0.0004999590961385358,-0.011164041117198154,0.010159576510139656,0.007803330732672142,0.0022862583755300925,0.005173858485361116,0.009460977153628258,0.0034698259817023125
2021-11-08,-0.004406375872881396,-0.014153319169818657,-0.007945064416750358,0.009097019065413159,0.005497319393087174,0.005946026144197258,0.004135785428822425,0.01252595327550865,-0.00020727458470459759,0.005386888730061212,-0.014876484951202529,0.0008533421362897364
2021-11-09,-0.0024586458353254015,-0.01848552071979004,0.003451891443438271,0.004082281445102254,-0.0054672640961442864,-0.003666209947979504,0.00252721657714039,0.004610873375856528,0.0037336692082365897,-0.004107769447862175,0.005134660309487282,-0.0033054431291370534
2021-11-10,-0.011338673841894131,-0.00371771146852784,0.0030276958745039106,-0.026427062039422577,-0.0017488789144840533,0.0028536035916115754,-0.0056022370353217,-0.006828513967991112,-0.004959615039801135,-0.016498284063881985,0.008112673605337406,-0.008044596643761337
2021-11-11,-0.001994298178363718,-0.0027006979765423766,-0.0006862352323210308,0.0038282573758894323,0.0027531122984272294,-0.002920431469440987,-0.004131360125259165,0.008002513884646678,0.00041524487900357343,0.0046799835711806015,-0.006110258938823776,0.00032335727693588723
2021-11-12,0.014613949323806663,0.0033479632969235507,0.0,-0.0024269514569741357,0.002246756735462263,0.0049570159555247795,0.007920100872988112,0.007492097218884997,0.00041516560872345565,0.012159552897059278,-0.0005997699770947662,0.007546962182094941
2021-11-15,0.002831454054909921,-0.0008342174365778554,0.004805044732732133,0.008340558030474732,0.0,-0.006202935264110199,0.001870752370202844,-0.004550393257192753,0.005602968076871662,-0.0010158369231531017,0.013203386399282646,0.0003424245328649267
2021-11-16,-0.0074882116330786674,0.015764731420162992,-0.006284745229725663,0.0015509142307112977,-0.000996492005625127,0.0042110288111767424,0.00018684844263350264,-0.002787434289612478,-0.006190771359229852,0.010530048756200783,-0.004738670917339927,0.003957771699122814
2021-11-17,-0.0038344381198865962,0.0063820571023009975,-0.002199867637956099,-0.015313060603651563,-0.01146824898506138,0.0014228961950677466,-0.0059745112835376535,-0.0065967441358445456,0.006644680666239022,-0.0030194767863208627,0.000892727063792842,-0.002429220895280748
2021-11-18,-0.007201303886701038,0.011337922443384274,-0.003582942019733193,-0.005941050521443558,-0.0050441414611942514,0.0003735898601053833,-0.002066067642610969,-0.00427694210156182,-0.00020634789385487462,0.009976851443140866,-0.0052029515491328615,0.003396676311730351
2021-11-19,-0.0033763206097653375,0.004322944359598013,-0.003595466682254078,-0.039022694643413125,-0.01089971670543366,-0.006054394213319103,-0.004987923244100467,-0.0018084530104637286,-0.00536420981817376,0.00729106872907237,0.005678330193319203,-0.0017884521189772684
2021-11-22,-0.012172446973259032,-0.0025069520534906076,0.007911057124337706,0.017742963050682237,0.014095135984373952,-0.004512235619089644,0.002742856646412495,0.0015851207968418102,-0.004978132601759944,-0.011149066221507797,0.006092427825622471,-0.002815172499771257
2021-11-23,-0.0026675958960439283,-0.00725503710141806,0.00661001720596599,0.030733373787236173,0.01566851554891935,0.0010574217109018402,0.0016978379177459146,0.001017650914254764,0.01063170195003793,-0.002302547066661109,0.0010336070813816711,0.0013259392220312805
2021-11-24,0.0014009425748358062,0.0020540213842388244,-0.0030096477515467734,0.009764491793932573,-0.0022396950939227445,-0.00037727836093959244,-0.001129973433422582,-0.007115461927660771,0.013407803557544895,0.007277659710645201,0.0005901897222972963,0.002669778488470387
2021-11-26,-0.01831589287976254,-0.02726537757472225,-0.012623603982870879,-0.04023487028336781,-0.03316685826329269,-0.0036991466145812613,-0.027055022886740665,-0.017176688810818908,-0.027071313972025224,-0.024964959634837025,-0.01562950472058222,-0.022303083147485858
2021-11-29,0.008551129590006479,0.015533913055926218,0.002501460758574936,0.005757483076752834,0.003095030546986788,0.0027277812952228864,0.0017439043209508398,0.004629839956293402,0.012552126201175184,0.025001555356347183,0.014829283380175529,0.012266834063306087
2021-11-30,-0.031731296270600784,-0.013511004049095332,-0.025644720696843093,-0.023434793794276376,-0.023913355598131014,-0.019647776674362905,-0.02534103442455038,-0.024769618315742536,-0.020867530591549333,-0.008346034258058577,-0.029225308221564994,-0.01945795618427315
2021-12-01,-0.023086354673278242,-0.0180494983157079,-0.004837248109104575,-0.01062447530017363,-0.011064573004750833,-0.0017730895327282559,-0.013892852009629086,-0.010159434669475775,-0.013082814902424578,-0.013691283018701705,0.0018246796656748998,-0.011107144293709403
2021-12-02,0.01684119668579731,0.014246588299530405,0.010579219274967189,0.029068579487853796,0.02983516856368751,0.004865001446086703,0.02968704528831423,0.02040809993824988,0.027367865393743696,0.009194257739524314,0.012748291702062486,0.015316225380393123
2021-12-03,-0.0022708900681009947,-0.019448652055940485,0.012448407036459441,-0.007916549398311656,-0.016296186295762016,0.0018443610649754305,-0.001172822327356604,-0.0022223571582511426,-0.004994708350857802,-0.016732375686403955,0.010040736041019294,-0.008701221693366734
2021-12-06,0.016466003385106065,0.011419839970990608,0.01760528474077283,0.014871171990197718,0.015251398211844291,0.005675994597001077,0.01692766764441722,0.014652445721741847,0.014431998445380678,0.009507827674418268,0.015281661738211216,0.01184343976158364
2021-12-07,0.010272556014819356,0.023324949698584563,0.002196788063234978,0.023409588996938124,0.017870842401802145,0.012889986837237855,0.010199021542911746,0.015249629548453658,0.017731944885394313,0.034913011090910384,0.007453024133788677,0.020684866793620804
2021-12-08,0.007300262711200878,0.0025164624958886606,-0.0031508645317919193,-0.00017446151781519426,-0.005343285768716566,0.0075302071511578195,0.0024764401504830946,0.004210195996391164,0.00425441575161245,0.004579105973857356,-0.001015229852149524,0.0026477880318311886
2021-12-09,-0.007894158729321976,-0.017329378983198196,0.0027486562336489495,-0.007684357466913649,-0.002046815446145045,0.00231695555133693,-0.0031353973952754632,-0.0055520755490561235,-0.012709086674038916,-0.010789817290152048,-0.0013066859456466462,-0.006751411520760087
2021-12-10,0.0005214137351570169,0.00697528522566615,0.01685871754775725,0.00739170028043401,0.0010256129282231186,0.003504498960785307,0.004098287292839231,0.006152858406558659,0.005108193036611031,0.020065204835854722,0.005379336511813104,0.009413475525822168
2021-12-13,-0.005214869932469002,-0.025757371336675994,0.013074274427626653,-0.027777694406580733,-0.010755515653132597,0.00943690732559932,-0.010346324976835963,-0.006002200043636163,0.013417190966784398,-0.01486725689325663,0.012291942431108094,-0.008858290786438627
2021-12-14,-0.0026211562260394228,-0.0058084117669785496,0.0006651641952866161,-0.004132998484144723,0.005953970841873435,-0.004048695523835244,-0.009495586682390922,-0.001025343862872674,-0.011033185999313355,-0.01642689247990725,-0.0060000186089975704,-0.006880250587672387
2021-12-15,0.010512284333747068,0.012691974865691735,0.010105316683453491,-0.004871781673045805,0.002830442488742868,0.02047304586217713,0.008715250974449917,0.002167102287228051,0.014807486037147433,0.026497717356934958,0.01638381652695875,0.015625110852070856
2021-12-16,-0.0014304818061670055,-0.022081763117348885,0.007108157291285444,0.006346286947492175,0.012574130065860167,0.005939062628377956,0.00047970863192103863,0.010242054111086585,0.0037979789940643105,-0.02834310525554451,0.005090639088461524,-0.008818529999704672
2021-12-17,-0.004036753155243766,-0.006815179102528934,-0.01712221681280568,-0.020360629176579215,-0.02204804005699934,-0.006984019837966482,-0.017079133960724024,-0.012504239886394708,-0.0033854799810962843,-0.006686003642572769,-0.015053529369736696,-0.010642892799192616
2021-12-20,-0.006983573348016914,-0.01614352801632768,0.00029466586892490376,-0.012389223203504884,-0.019423733623746386,-0.00605580807101147,-0.016020631328449997,-0.017863086886156454,-0.006549021982853898,-0.011893929809611348,0.000950180638667808,-0.010633464440533702
2021-12-21,0.018999656548121857,0.025905840512575606,-0.0013384310886853656,0.02848522910005924,0.020711347154325654,0.004174184143296289,0.019916255051803278,0.012607835232966158,0.005679567768479998,0.025306220975611193,-0.0014382990855751343,0.017759033940717872
2021-12-22,0.0024604613486771676,0.018239893526923012,0.0062994946513670325,0.006419915803175025,0.004682543036005571,0.011667615321445446,0.002831468397133552,0.00795487178895149,0.009883022120451335,0.013077560080344552,0.004321300978751497,0.009998681803466525
2021-12-23,0.008912177322840886,0.013871549188731347,0.002264325524464317,0.0005466962456910363,0.005178742732003583,0.004108654992681204,0.011780821808835329,0.010065503994389324,-0.0029958091170838586,0.005582209694119378,-0.00014352378058168913,0.006222124332360579
2021-12-27,0.009730043264214894,0.009744522173256387,0.010631065638368131,0.02185785241787208,0.01030401686855198,0.010552927061500794,0.010584979154443896,0.01506029561178579,0.0204323404546376,0.021452340863991726,0.004876563417212987,0.014152259379956122
2021-12-28,-0.0005071834073208104,0.00043864074990329627,0.0056542074397383235,-0.0007129996009366257,0.0005099936471524291,-0.002628504672897214,0.005046600099615661,0.0058012061921237645,0.0043190860891686444,-0.005208207676365206,0.008992429566448301,-0.0008173348658390145
2021-12-29,-0.00494752215828087,0.001997693685578117,0.004576542819103135,-0.006421734218544417,-0.0012740190463063072,0.005697994032344278,0.0018000085460345705,0.004103766861467184,0.006059405235054216,0.0008535964047449163,0.005375575625831797,0.0012792058585560095
2021-12-30,0.004207227102532185,-0.0035983297719240914,-0.003123888130600827,-0.006104099341255997,-0.0017864489281043117,0.002053987401776425,-0.00359354867374595,-0.0035349398509921803,0.00446870258363119,-0.006595258346070665,0.003658249696200544,-0.00276435841561562
2021-12-31,-0.013837607825680442,-0.0023908663906627714,0.006789316436675907,0.0025289366856418027,-0.001789119145977458,-0.004240485984211673,0.004270951442568727,0.004434049332441292,0.0021276676249857296,-0.004864886449544414,0.0035049173275114587,-0.0025202670338718702
2022-01-03,0.0069515050039752335,0.028712630676029915,-0.00012983333857119472,0.030990993164455194,0.012291651887210042,-0.01029194834579783,-0.00822218033492117,-0.013022854186287125,-0.00926447628588234,0.009489823163063127,-0.009918830790545452,0.0057899544277022486
2022-01-04,-0.002173262548509358,-0.006086387582548203,0.0067444081099194975,0.03460312738170712,0.026309197519418515,-0.013195789192959273,0.020106644429936482,0.012300384687952581,-0.003896418293747095,-0.010597239431583527,-0.003104390538318458,-0.00033485479984340927
2022-01-05,-0.025112362505294028,-0.02698178980406496,-0.000901533559179879,-0.00016895358397972515,-0.011585028921927365,-0.007121825758158118,-0.009528114984005742,-0.00011061377926913085,-0.032466445557227996,-0.030749633899385342,-0.0005661249028517945,-0.019202395570720676
2022-01-06,0.004468619495030746,-0.002605773824880364,-0.002708149292062534,0.022301042011250827,0.014713625863676638,-0.011564974548892604,0.004621322567020636,-0.012594034418334843,0.0012128037929708402,-0.0050499570636426405,-0.01033874497055376,-0.0009392631742151103
2022-01-07,0.00013097461762168194,-0.016661850259812483,0.0010344668578929905,0.013716975125517061,0.011796340464867106,-0.005109517861357715,-0.00028166006391661114,-0.0008948022854804449,-0.005249176795082189,-0.009195816583969618,0.00758468583795624,-0.003953618436625006
2022-01-10,-0.0062797820934770154,-0.00611571314542958,-0.007878909304631976,-0.0030975424266757035,-0.003400665413754833,0.010271518228567533,-0.011268656029315594,-0.010190388669940709,-0.005886235717427857,0.00018103046191875194,-0.00653330985870515,-0.0012442849943585799
2022-01-11,0.012506516828508119,0.009633732191472344,-0.001171721208444776,0.03401468735094504,0.008774119963142368,0.007957108362642185,0.005983415760986821,0.010973919934577747,-0.0016329467845426215,0.011990835790862908,-0.009006383326695788,0.009108301542972486
2022-01-12,0.0013003238220405944,0.006594518300722774,0.0003911439279722373,0.001897728492757489,0.0007247838322508304,-0.0028508801944776563,0.0032099986138063308,0.010071766425266304,0.0026584469378445608,0.0047038458679153905,0.003173553544094432,0.0027035183644334992
2022-01-13,-0.010388250146769251,-0.020100205198708254,0.0018241767691333788,-0.00505128217051054,-0.003862747314957171,-0.015540062223099338,0.002164523800919138,-0.0077554949510003635,-0.003467310860949091,-0.02589796919869347,0.00488924969739668,-0.01377854578118587
2022-01-14,0.004592515687254162,-0.004659788321511926,0.001820408152316988,0.023481097922585903,-0.010421831964008144,-0.00171243484042638,-0.0060100572992913825,-0.008485772457149765,-0.011666069906882681,0.008456370102797317,-0.006868669600090027,0.00040893967116972796
2022-01-18,-0.012147417047313147,-0.018929373174450093,-0.014410180938028927,0.004030171316355302,-0.02228758716335133,-0.014022768882755554,-0.011525598362144507,-0.013175807905935866,-0.006833647341998872,-0.024010422355461136,-0.011959681140603529,-0.017709683302156054
2022-01-19,-0.0017187766161737006,-0.0180497415422054,0.006322667006845695,-0.007256281172953738,-0.01678334619178079,-0.004084911993910478,-0.011182464024738992,-0.00251051372254818,-0.012927589793752414,-0.013969669434477971,0.004520812011551856,-0.01038330701862955
2022-01-20,-0.009933711313272697,-0.01822318026310732,-0.006544571961215384,-0.009175954258983876,-0.006369626776169146,-0.006532660996821704,-0.012758326254675656,-0.014529329072262342,-0.008871888328481847,-0.012913770849586115,0.0013064499667507778,-0.011067982522583009
2022-01-21,-0.033845998048711134,-0.029321358031072275,0.0007905132074694787,-0.019776971225783924,-0.020512813465959456,-0.010092463279768649,-0.009203159702434793,-0.024378722759103022,-0.0006394058793692814,-0.01987769975289333,-0.0018847869752616209,-0.019630882776259795
2022-01-24,0.007338223635772412,0.012027226755162657,-0.0032911278700075153,0.006725330407888697,0.0028797541573786223,-0.0033212973123429856,0.005731205447236931,0.0005945881752020821,0.0021326849975997764,0.00518340651238125,-0.009587300185821768,0.004246873938957174
2022-01-25,-0.020480829779218723,-0.01692306049379,-0.011094957984719378,0.03881025483170597,0.004176323920293212,-0.006431982049181495,-0.009824946282619207,-0.009037569773968412,-0.002766505079053516,-0.023141809390466284,-0.01569387629368557,-0.012209055210894881
2022-01-26,-0.014594336991200385,-0.004846782758064938,-0.007612959948946174,-0.0016843471752041594,0.002599467290304469,-0.005225734365250423,-0.008732030243040811,-0.010440773926535751,-0.016645363798964197,0.0058726683017364945,-0.008195610954357058,-0.0025088844504480567
2022-01-27,0.0011390928554400048,-0.024240210967337417,0.006729197704432366,0.010889751745614573,-0.009074332766505933,0.0025873132915075203,-0.008908813113259972,0.0033958424307252155,-0.018012160420137424,-0.006887798901207942,0.008864443325423466,-0.00493796319364781
2022-01-28,0.028591640676577157,0.021801637369287752,0.01176450449287092,-0.004248343462963655,0.013082243649709557,0.020411305139827363,0.006968731976474629,0.005801180447785992,0.034696185468150675,0.043730563637819575,0.012062339318204884,0.024835428022520478
2022-01-31,0.022680239192022666,0.03846150422682948,0.0038321106756440404,0.004418801487908741,0.008780781550670191,0.005747940705718824,0.010431485436871668,0.014780242204366578,0.011106199711234943,0.02512642787067687,0.018981810140007438,0.018011160543593308
2022-02-01,0.008654292612022108,0.006055663764176655,-0.0009214532899762817,0.035649067482538266,0.01382507204197303,0.002667138287909765,0.013797796956051211,0.015393528457158023,-0.00675956974140246,0.002593369740498286,-0.013285184834420871,0.006756806440074037
2022-02-02,0.019975926672903155,-0.005965538916834712,0.011989714497018245,0.0032225066580404693,0.006818116754849113,0.013451888713333693,0.006951847956646606,0.003148675585594729,0.017226865369917688,0.00812867462731015,0.0147812788020385,0.009714314765738363
2022-02-03,-0.06690295870957996,-0.030600749404708583,0.0002604570775575077,-0.009490364543673802,-0.011035700696477857,-0.004274357023456576,-0.015946967066706064,-0.017437639356374324,-0.010244806976165477,-0.029014875903011772,-0.00447067312109406,-0.023505155721204596
2022-02-04,0.0025352722627891566,0.028443472592347474,-0.012235051414015485,0.015624785153776521,0.016991699136457594,-0.0036151801568798936,-0.010771058906128284,-0.016564289067671933,-0.013730446472887237,0.004026223578838639,-0.007967530730910277,0.00470217443704013
2022-02-07,-0.017422853270637306,-0.0020605964424729173,0.0018447359856796908,0.012772554612624054,0.0029926053554374388,-0.0017383223634181988,0.0007994308411523043,-0.004932541117560807,0.00021443916398045104,-0.006641858763082875,-0.0014606709190290168,-0.003209044974626152
2022-02-08,-0.0004289885002703997,0.014074654766929928,0.003814356025777066,-0.021496379831440704,0.013923549826678316,0.008177557816400283,0.009981111152248978,0.01547583074331671,-0.008993756226756022,0.01236316403569182,0.0007314676555283395,0.008227665111498972
2022-02-09,0.028183097925650547,0.013236143628498676,0.00026190413993210093,0.008347927444476655,0.00637558803525673,0.00773547325086632,0.013736436539643071,0.021788119298035813,0.024200559599154348,0.022180669377578344,0.004384002783096808,0.014636206199376556
2022-02-10,-0.01433151584060044,-0.01724155422074536,-0.01074122428726354,-0.006245122719792495,-0.008771780913807703,-0.015650388278948824,-0.016377515039298962,-0.00582606007679598,-0.02848104471485846,-0.026148937945040474,-0.025316293250970623,-0.017965616945647356
2022-02-11,-0.021598046467117382,-0.028737436489284285,-0.00357509468288586,0.029085087979083823,-0.014012049241554081,-0.013855371456061971,-0.015262660012933638,-0.015471007522235625,-0.01368072037267154,-0.03054408525917729,0.0005968596202077237,-0.019718911936173034
2022-02-14,0.00014454472395009077,0.005707086136121475,-0.002790923099042608,-0.02357633740306575,-0.011219112214349902,-0.010211103067612193,-0.003723559140663024,-0.0082142514406357,-0.01078810644862771,-0.00032264524258773797,-0.008503612406727479,-0.003269152757340632
2022-02-15,0.013992839144165048,0.02236796413691522,0.001732446099831808,-0.010472667764064192,0.013615815350784155,0.011247285024419185,0.015051839824302915,0.01836526531105709,0.004896424827168566,0.026285112884295803,-0.004664276000465928,0.016126840949621135
2022-02-16,-0.00697107859041568,0.002856086977172767,0.0018624053849820577,0.008084685887351784,0.0007462388873011871,0.0015341864864968358,0.005274702577828139,0.0073078748038695185,0.0026577904939111274,-0.0010069222052520033,0.002267454102718336,0.0011207508529047505
2022-02-17,-0.02664762868834558,-0.02675992258147397,0.0077015320563591505,-0.0016039695871851167,-0.024857037399708903,-0.016083464136543157,-0.018315046759498133,-0.01708416979941707,-0.008614848789860297,-0.029921424256811657,0.0006032689405208735,-0.021361497625164816
2022-02-18,-0.0078006282337726995,-0.0061839801714915765,0.0018447359856796908,-0.006134222698390479,-0.0002549318167727188,-0.007472546102659905,-0.008269309998187202,-0.0016666928272304204,-0.004456398353234747,-0.010129916720051257,-0.0018087814989184992,-0.006474886771853483
2022-02-22,-0.010236354880244991,-0.029166640612415473,-0.007760389675343982,-0.01616468736515686,-0.005099200701630169,-0.0025096662243754286,-0.009660645262707823,-0.014190291528783483,-0.0026859473499392106,-0.009249261189841596,-0.0010569960212638563,-0.010731766998332004
2022-02-23,-0.016786448509778507,-0.033419181482200466,-0.008085701924634425,0.010306314171553588,-0.017427071488572365,-0.005031508999416512,-0.01837952516399921,-0.012822178366216797,-0.013016127358641216,-0.025028176974812966,-0.016931481314015784,-0.017738434704715922
2022-02-24,0.02804889949304945,0.022852760721801646,-0.017239062698817698,-0.007835624049200907,-0.011997899440216342,0.004029701706415922,0.01276134371101656,-0.002940599641827246,0.017280575738837456,0.03415927150670872,0.00799666422369838,0.01504891011085685
2022-02-25,0.016162224284663074,0.019794844108021348,0.03222780282955129,0.026374500158483416,0.032206841529676344,0.03061551562825704,0.023858871613594346,0.0364994749191867,0.02503347094022801,0.01359367191778249,0.03096852022824126,0.02206414667983303
2022-02-28,-0.0011671841891613965,0.0070379480190030375,-0.013305402990738346,0.02468081053130855,-0.014833624766532716,-0.007560254785986209,0.007666579655404071,-0.011382455859837437,-0.017226356173711488,-0.0018137890304420479,0.00517907603402068,-0.002558620702429626
2022-03-01,-0.01256376250043112,-0.015160736778659922,-0.005874799446343393,0.010059546337408687,-0.03686402522591403,-0.005540028788660667,-0.014916309654605109,-0.023027015709572995,-0.001996659509035381,-0.019991006782410503,-0.00868560121389128,-0.01523028344863897
2022-03-02,0.008581188559078301,0.021002542658962398,0.010610100698607239,0.022864224174901082,0.025875865581771906,0.015088247354784423,0.021341366203489143,0.021974126946825212,0.017785272611735792,0.021656958403807547,0.012177315722782023,0.01839609828923372
2022-03-03,-0.010415161490818114,-0.022644665315706525,0.008105884920416084,0.0027428048196782573,-0.0031527908882307276,0.005107093332645585,0.0010946161697182877,0.0012010626126308654,0.010922074582349506,-0.011927994692165655,0.017605473648228065,-0.004978283523216276
2022-03-04,-0.014379242193154673,-0.015885546172189846,0.00013231257804369179,0.028856549343849736,-0.018713626683857565,0.005005095406361404,-0.0021866761693877246,-0.0034790233384607294,0.008426841623218051,-0.017517531564064548,0.02205903553461197,-0.008124564950851343
2022-03-07,-0.033237729174985686,-0.04900939421628747,-0.01818932670982043,0.0147547542701576,-0.03653002468464872,-0.017431025958233315,-0.026795472191972758,-0.03467388376573666,-0.018212944759011696,-0.036594064532286974,0.01297759058437431,-0.02947920036821894
2022-03-08,-0.002489206818654055,0.002083420357038346,-0.0269833505611341,0.015719453676049877,-0.005854241914804548,-0.020428665740213403,-0.006141244611859387,-0.005113404319359693,-0.008947784167612105,-0.004852166368430111,-0.015457350199287512,-0.007582113724823647
2022-03-09,0.029943898011814518,0.03216533597684346,0.006760518760143164,-0.030565089102416287,0.036736066017800884,0.018894406226578786,0.018125513660000703,0.030963857123205152,0.016736196030707085,0.03956247752319375,-0.007072298615629857,0.026811090156945383
2022-03-10,-0.0074198221549715004,0.0071095417736999345,-0.009455931517541982,0.030597414509389687,-0.00838521194685582,-0.0003845355171159248,-0.0013149323252019673,0.0026749512157775435,0.00346552844470005,-0.017487179449214185,0.0066954189284742505,-0.004515583642942134
2022-03-11,-0.01800137259344481,-0.019236545771974645,-0.01162151998498151,-0.008003471474065216,-0.00709232618425748,-0.00746677830178033,-0.00800160747169798,-0.00739756484216203,-0.009929045074193121,-0.017594332818800518,-0.0033959117700577135,-0.012715104127678845
2022-03-14,-0.011651500805816117,-0.016674647545014576,0.005319103827417626,-0.029928075236076768,0.012637007943572698,0.007057602854505962,0.0033694327900395393,-0.0014658869809089925,-0.00610397686542663,-0.018533990304528736,-0.0011362204090281658,-0.0073082794635911386
2022-03-15,0.019176351470329367,0.033487889500881884,0.022417273474726773,-0.03661986334379641,0.014107694107452495,0.019945929689622277,0.01587467084184424,0.011501408308622674,0.007896614085960207,0.03359532220254624,0.012793373365279193,0.02199050506348388
2022-03-16,0.0276062257194456,0.03411456084361242,0.0010891987922965196,-0.004594644646013224,0.028090089621134906,0.012005326964259266,0.013222403754660439,0.015725073114932764,0.011098973718405736,0.03250303727334947,-0.0018246571521056687,0.022174269117023915
2022-03-17,0.010806305959275786,0.016665669896233082,0.006937826450879703,0.03441021999203997,0.012489955440828426,0.01581741606958742,0.012852191917191336,0.019173568732691937,0.014205630156777671,0.007091368371103579,0.0042180005515781716,0.01251100807293426
2022-03-18,0.013066103978500054,0.021051913059481953,0.002296984477911268,-0.0009464780027756969,0.002313043874412113,0.0061698044703470956,0.0038066449884650577,0.006076323459133004,0.0023344742460560397,0.020465949206477818,-0.008540878575960642,0.010952719770619845
2022-03-21,-0.009359994952334527,-0.008375586491087383,0.001286189723177289,0.04031151119429932,-0.0009779633733055793,-0.0007613181553307591,0.0022537471217392024,0.008311934817993194,-0.005131657152023017,-0.001899625622490797,0.0066817682757063235,-0.0002925508990920811
2022-03-22,0.018688740868843867,0.0248223325401844,0.007437453987318321,-0.007355696971857895,0.016232922187335408,0.00021964795011353289,0.0054512257310981305,0.005434349015240425,0.0006418918247639294,0.014369969789031156,0.0014122975243384683,0.01170167694107982
2022-03-23,-0.01368648490847979,-0.012408596416098705,-0.008053948213316287,0.017202334938561714,-0.018509167334225585,-0.0179504322473395,-0.009584563781247946,-0.004599717590552221,-0.011336722851961412,-0.015378811901773926,0.0014101222468880792,-0.012878680166137801
2022-03-24,0.01638600791304623,0.007791144220364421,0.007036746734882193,0.002471621158264048,0.008008382844277406,0.011937281158193036,0.007624484961185063,0.02010165890357718,0.00778870679597099,0.025988020405745882,0.010280136294771314,0.015074278191415935
2022-03-25,0.0047931472809443765,-0.0017420898684323838,0.008331018969810922,0.021931122428783034,0.012813650831803303,0.00464441573079899,0.006208830188798586,0.011211567686544521,0.011807722570763568,-0.0005680829162200141,0.01449686146806628,0.004883772824320731
2022-03-28,0.003179957659790178,0.02666865327427259,0.004131093268519459,-0.02476176147460596,-0.00278321376922952,0.007265279927403778,0.0002892467344521865,-0.004479689631147421,0.012730471661320575,0.011882051610411892,0.006458175500460239,0.007113065297022381
2022-03-29,0.017435131770966894,0.017423861571676413,0.008891795839853334,-0.002604313574965822,0.0022834452046087694,0.0059008207132651425,0.009252905072638207,0.008437319376663588,0.02933177688503874,0.02123665125481211,0.009283078895926389,0.012370727068772958
2022-03-30,-0.0070811617292169116,-0.015193549831997277,0.0006578646788335529,0.011619057886709694,-0.007088594698861805,0.0019557377795740294,-0.0011460481055558525,-0.0033466721039461245,-0.005495443827541191,-0.013333414279735556,0.00825099683264141,-0.006174826094832997
2022-03-31,-0.018969875318863627,-0.0191919641171312,-0.002366238529799003,-0.013550299389104015,-0.022947381381851706,-0.00975865477404958,-0.015393475992230399,-0.013319973036220567,-0.011052254539052231,-0.014815107092352786,-0.0010729049317083073,-0.015391295582659392
2022-04-01,0.007414738055332215,0.0012430004223189517,0.010014732056149223,0.008110689119977588,-0.00260943756767118,0.00788366843745214,-0.007768357505132828,0.010550377209442408,0.019867622372549132,-0.002957118949859394,0.013967055485736957,0.002834215334215351
2022-04-04,0.027565108570343888,0.022458516116727,-0.0031313710431939423,0.0012981653002503979,-0.004447789400964464,-0.008328814892401781,-0.0012721337281766942,0.00022435848080193388,-0.0030438112549971974,0.018995155186940726,-0.007682209755579095,0.008566709373736714
2022-04-05,-0.01278080015783889,-0.023443414289814224,0.0009163767326070271,-0.01568200363688821,-0.00630769185941038,0.002118063725482955,-0.014209037557552096,-0.007968351276275154,0.0008140231892685978,-0.021056467866431783,0.006273588483117543,-0.012631380756988109
2022-04-06,-0.018636960356119614,-0.025520405378354538,0.01268274262225888,0.005924907323641371,-0.006876528001186877,0.015232063464653667,-0.007753087591020447,-0.0115399747498095,0.014846649472834761,-0.023660267527859213,0.019896103190754744,-0.009999443702714772
2022-04-07,-0.008698094141722734,0.005104382026034138,0.012136982373419425,0.013089167319485506,-0.0010653535690000604,0.01923892518741699,0.0034058802913190522,0.006523741910265057,-0.008216425764431934,0.0015549411519448775,-0.002470932889142352,0.005039069826044962
2022-04-08,-0.004387440862986369,-0.009218573770784055,0.004209696696673149,0.027519373513294143,0.01013055796397011,0.005986920391903849,-0.005590935862416435,0.00614084164045936,0.003637038590589059,-0.013974272554275524,0.003389789101529983,-0.002674091729235606
2022-04-11,-0.012925821900294676,-0.01855375056364661,-0.004065011052557077,-0.03005147568026756,-0.0044865283311400495,-0.01988383565211871,-0.003212923119841893,-0.004973022665133109,-0.01369026057997047,-0.025195167389045592,-0.013643428119001877,-0.017092239446961477
2022-04-12,-0.008184607322592075,0.0022140000571493346,0.0002548955828318711,0.016593179518473944,-0.010869625565861019,-0.009714983710497505,-0.0016115576085296013,0.00022719769863654982,-0.003061828967273361,-0.004442586944720328,0.003820244955537344,-0.0037051935403568104
2022-04-13,0.01470355066660023,0.024866934777082905,0.005611182788285651,0.014919506778180658,0.0,0.004904613743359931,0.009382529783930948,0.014762702196368549,0.004095006911902566,0.01609086480688826,-0.0019683705955715336,0.011453480930599058
2022-04-14,-0.017003998365201056,-0.013983202275623219,-0.0002538426240819014,0.003266782336045937,-0.011257179365689929,-0.004808977321853147,-0.0010993934899984348,-0.0033569725304696263,-0.005709790963707273,-0.024286058443792613,0.0005259720816164215,-0.012451815604716643
2022-04-18,-0.0033095275385455203,0.003026738735592671,-0.008244601490673298,0.014652542751993014,0.0059641662472937895,-0.01103564883775976,-0.0035024239025621684,0.0008981021396319289,-0.002460872543592507,0.003273183852493533,-0.005388294192517407,0.000411081656577883
2022-04-19,0.019921655773745828,0.02900435745592378,0.015219385408383523,-0.00814623632444822,0.01374248069071582,0.00955396593485669,0.018174763632646806,0.00942361608067599,0.020970381956341377,0.018760153829513015,0.006474686880084679,0.01614305314956188
2022-04-20,-0.04335604910859281,-0.012871527570331831,0.01499112036057837,0.0038575781275100862,0.006911259566877437,0.013437415049838641,0.005424024030246333,0.006334509597068383,0.018928630656564138,-0.0009341113038926485,0.008139551702251557,-0.000741711057445027
2022-04-21,-0.028460936314118612,-0.009683055662765727,-0.0008688499507920611,-0.03173429008345774,-0.01583935554200744,-0.011049156894666234,-0.010201068296890714,-0.016344661811582673,-0.006521835989610758,-0.016962511912216205,-0.016538882828689982,-0.01495356484421051
2022-04-22,-0.023722295438987295,-0.02322220619840376,-0.015652048976760313,-0.024452433408560514,-0.02977475676396113,-0.03647364035305145,-0.02457634162855582,-0.03738611639765199,-0.01790338185152096,-0.02798915815350378,-0.01681632829350821,-0.027439133980566188
2022-04-25,0.013698661340552087,0.007223251821815158,0.004416733385672167,-0.0330709209612543,0.0016592274845725896,0.006733101403826769,0.0,-0.00279921650251036,-0.004658574183325825,0.015026546616387026,-0.00686868715192146,0.005797674934498787
2022-04-26,-0.032818579049101904,-0.05059584221217639,-0.015453953017738553,0.0013571770237892355,-0.025117503469085256,-0.017611775578232458,-0.02184284466539199,-0.015438761756427777,-0.015669479019621457,-0.037251343997073416,-0.01003524328785832,-0.028961021459332437
2022-04-27,-0.022288867030442083,0.00011909198994808357,0.003700820350876599,0.01463859272108392,-0.0008494044112526966,-0.0021936243013516155,0.0037390086374600173,0.014730490926163853,-0.005995515815145902,0.014804912711831264,-0.004794451933021304,0.002812014703476917
2022-04-28,0.039979677955476856,0.020517341776655984,0.014748916656514899,0.030322565252547395,0.012751199526647383,0.013797254178901763,0.011279310592977598,0.015804081286252103,0.018302733770193313,0.04003090498460571,0.011149005035228976,0.025259326570350904
2022-04-29,-0.033862096803518704,-0.050815919318662695,-0.027189866655347505,-0.0256709220163851,-0.034415188475480085,-0.02572368723938001,-0.026501837891725333,-0.020052918741869208,-0.048202442946921664,-0.04167508348127713,-0.029947994009964285,-0.03695582066400327
2022-05-02,0.027598692830419935,0.014611929476901597,-0.01313717716793894,0.015968263018423023,0.00028985979757645275,-0.006216745379558075,0.002102126598197085,-0.003057732918947953,-0.02596567071200029,0.015202929287032374,-0.010244311206522805,0.00601949732621998
2022-05-03,0.002636539991534459,-0.002480767372291637,-0.0028714453749331126,0.02802892712388627,0.013035985610656775,0.0031664200762047123,0.006607735731570141,0.011206911347105608,0.01211709395824312,0.001741383482426695,0.0038281443143004523,0.004584380545008315
2022-05-04,0.03434668680020625,0.029360084955861065,0.022513458280701393,0.04153355748283416,0.030597859157364127,0.022172570254529678,0.02896761520087221,0.03243112077128174,0.011754463012451088,0.035113089019115806,0.022316237563153818,0.03045272966995971
2022-05-05,-0.03686047782709123,-0.056043784862787493,-0.018945643738277895,-0.015045735857186715,-0.029134431549131423,-0.01943180397102573,-0.026126506434935415,-0.030960536405557848,-0.02560235119926224,-0.048095601915230324,-0.010223625592245211,-0.03554279383304659
2022-05-06,-0.020620092583930605,-0.012672907713282666,0.001044001312229259,0.029806299736051534,-0.007144972096444047,-0.0031494027856691087,-0.006758930354963444,-0.014342289921320472,-0.010156687930790276,-0.008044480907282825,0.00795633223201242,-0.005968866661530514
2022-05-09,-0.025939127799785355,-0.04261769718951958,-0.0003911618823673191,-0.08273019286561845,-0.023891868570905084,-0.0258899002653602,-0.024183616244517925,-0.031586405456417554,-0.04662046771337269,-0.03869988490103049,-0.007478101946661098,-0.03201735344958845
2022-05-10,0.004496028787392303,-0.002972072968102535,-0.006910925428622594,0.009071547418644021,-0.00884681036984003,0.003559552694707868,-0.006544334973217603,-0.006230211314923295,-0.02222730635595893,0.015244599527715508,-0.012138993282636124,0.002310360012898638
2022-05-11,-0.018075439859977394,-0.03583724674655808,-0.004333071390091869,0.01342047761619769,-0.009223457635327281,-0.006620900696492016,-0.009071302637299827,0.0004917635733183712,-0.0014357614941312713,-0.03156192728035301,0.007203329708970196,-0.015886031430654257
2022-05-12,0.010869642787427525,0.006870430234634517,-0.0002635344573559406,0.004242446495667629,-0.007507585180331233,0.009680172273844878,0.0018527896211832928,-0.0018429005428191036,0.007428537469543084,-0.010311546809696814,-0.010096866587629871,-0.0010437230039167522
2022-05-13,0.023412964058063368,0.03937228139978188,0.015037498109860437,0.03418276228867323,0.014523546047274571,0.010609005777910019,0.012727183016083998,0.01538637079971683,0.024976046448438982,0.033234520601882256,0.011899756981034626,0.023907670066719566
2022-05-16,-0.006439536908985799,-0.021599246654389392,0.004548173721092175,0.02636812663951149,-0.008350714070127108,0.007387409457473071,-0.0013965540994146375,-0.001818628011708956,-0.008122310362473018,-0.008832712161249812,0.003080013057963127,-0.004057685552952384
2022-05-17,0.021831772097797852,0.025229646220343183,-0.0068560583004554365,0.011578640009691776,0.026766956200104497,0.013739753105082242,0.02269556611204937,0.028297592856414422,0.010762768654205557,0.02896166065777739,0.010328089742895896,0.02057053914243756
2022-05-18,-0.03271579341439523,-0.06538378422728597,-0.06434790108623811,-0.025634908394119416,-0.027533688667392586,-0.02581281474842012,-0.03723169814009808,-0.031061598578315364,-0.02916689946320694,-0.04575651236350409,-0.00966970615314755,-0.0403116044030114
2022-05-19,-0.0013803593947905313,0.0007001963586907856,-0.01782013569635399,-0.0036712250331866203,-0.006626492500692471,0.002188274684657987,-0.00895785474084232,0.007069483569883017,-0.0019073620316694129,-0.010966389789027864,-0.0020925020843342024,-0.0061245732556340915
2022-05-20,0.0025919927794388897,-0.017424761344393302,0.0021261893919464203,0.004298534135028564,-0.00181934293232211,0.012166755134163765,-0.010802531057209519,-0.002420619459623019,0.011705551583091278,0.0022177415711182036,0.0027953478572586565,0.0004364412594646261
2022-05-23,0.014994774527427257,0.007478164215918293,0.020650744006133204,0.026415887161765905,0.03250319108768163,0.008783935869445703,0.016380477911400515,0.018320648108473225,0.012987102457287625,0.022967094687226686,0.011987849751928348,0.018710074996643344
2022-05-24,-0.035489893942952766,-0.02573150990752371,0.016352592703241076,0.0038126423051279,-0.0020598778667176854,0.002979068600499346,-0.0005478407565487897,-0.005718969543436314,0.01165486609671107,-0.014843456113336151,0.019972691839706513,-0.007633837764655427
2022-05-25,0.01338024878633326,0.028224908040902497,0.000272481757078058,0.02065265279384354,0.007960104024244963,-0.00030476585714589444,0.005813814816048923,0.0044338449433436455,0.005530101585683456,0.011659505971050255,-0.0006752516407713127,0.008834969961807992
2022-05-26,0.02432238712091106,0.04904416339304962,0.010632523056976817,0.011047830884817644,0.023106217764532033,0.0042662140520184355,0.020285844210286896,0.018372801033891495,-0.001145966654224062,0.024023517667552285,0.002837644996144917,0.019981469166227228
2022-05-27,0.021370471526987123,0.03430619559651826,0.011599520686685016,0.018288600023269153,0.01686666030405992,0.01661228748600263,0.020523806191047766,0.02343016118279606,0.028217666450116807,0.03383748376851625,0.015631738032261033,0.024548965705398773
2022-05-31,-0.0006640970046846162,0.005072687555717437,-0.007066424412288108,-0.01502314079631506,-0.0028109487197247596,-0.013356201811057788,-0.008065540405963967,-0.015224628988766309,-0.013386891815600599,-0.007139823662928646,-0.013798880578934192,-0.005610801454634884
2022-06-01,-0.011465723125257177,-0.010417826390795804,-0.01302540648106676,0.016284502066932438,-0.016070200794155887,-0.014368908162101568,-0.006124311510487757,-0.009996498881971183,-0.010854705870180337,-0.002990149837300171,-0.0016145459926779626,-0.008088622487231856
2022-06-02,0.02437373475882687,0.03060234576721821,0.014557797459959554,-0.003159596120844488,0.013753672621104496,0.007902961289334876,0.01912442635546241,0.0275918872218337,0.015089184171182879,0.02420874713955845,0.0067377254057183755,0.019043356245892706
2022-06-03,-0.0216605339750765,-0.029249358392715363,-0.010057670047482814,0.013244345085221543,-0.014415039487312598,-0.011723472417501934,-0.003857551851585872,-0.00971203763758921,-0.012612581577805315,-0.02391557209166617,-0.004818653445356369,-0.016411313040607944
2022-06-06,0.005031822737825209,0.0099999306860723,0.00040664449455629637,-0.0011175035249813003,0.002867848058812017,0.00015400575787283266,0.004186298508080943,0.009461198763830225,-0.0029655371509406114,7.146817235281766e-05,0.004438399012071104,0.0030447090786343
2022-06-07,0.007176267725377272,-0.00245912352445421,0.005280638616010691,0.02986260580717537,0.007720917801910421,0.013016148819546602,0.013444464097115638,0.007200767027691679,0.011667856173774416,0.01192847976452982,0.006025998356545825,0.009592276617497841
2022-06-08,-0.0026513932659967265,-0.005903281917111092,-0.012257534752958321,0.002172051023034083,-0.017593550472521202,-0.007906985284849455,-0.018099451259730892,-0.020767074430452892,-0.023970883772513663,-0.011293968594599746,-0.01956637054310717,-0.010872277128234908
2022-06-09,-0.030735950454786165,-0.0180763405520048,-0.015000559970508198,-0.022106807298064357,-0.025130197383348984,-0.022607119692044098,-0.019690086264173345,-0.023641159150077917,-0.022938038290425067,-0.02670101179395168,-0.02402928566061624,-0.02378280718315895
2022-06-10,-0.027939446098009912,-0.03987502637717244,-0.0042920437359955654,-0.016954704269060095,-0.0361479594071481,-0.016073562409708808,-0.029487058351869377,-0.030623295776985526,-0.023713664027144477,-0.038436113089282076,-0.007650400487747011,-0.028995549492963124
2022-06-13,-0.04725807141715099,-0.046168615097125,-0.021551415489223458,-0.05219228550010635,-0.029818725582277827,-0.030281119048100602,-0.030053062765314942,-0.0390593952571745,-0.04809313341629029,-0.04432053575667394,-0.045977088367827434,-0.03796829125560475
2022-06-14,-0.0027761363804233996,-0.0007984269920012776,-0.011794856084593519,0.001902551945546449,-0.00855508385482373,-0.009532593567436964,-0.002496750361194233,-0.00764536085007872,-0.007144662726010331,0.006305839338902164,-0.025271930113024088,-0.0030132958185994374
2022-06-15,0.022457126371609792,0.02810660223565753,0.0010064768071158525,-0.022079523061057982,0.011185692749096532,0.010121966386952952,0.00967130408194472,-0.0002567304749535593,0.022873274870231386,0.021099332881755917,0.006481822560066464,0.01425635458805452
2022-06-16,-0.036485611019073994,-0.04895445967278267,-0.00761395508743512,-0.056324610413752696,-0.02528446409163021,-0.014702111653686178,-0.033356156067860354,-0.036090305204392825,-0.023869448594134424,-0.04070537236328953,-0.019320042445784003,-0.0330959776872618
2022-06-17,0.014317975025701868,0.010919049275100567,-0.0036190364736436997,-0.05466935553947072,0.0029184485467075305,-0.0005833926644855936,-0.0025644735400595087,-0.001732282487663106,0.005920273723053482,0.009150621246688306,-0.009315763608242489,0.0021556152436672527
2022-06-21,0.007075017691435814,0.028603587127798535,0.026684552484083968,0.05180611398590318,0.019956933155847567,0.02692083599773709,0.01824245923940837,0.015119913339883384,0.018623546811681546,0.02544715094077099,0.019035200795842977,0.02517377045141167
2022-06-22,0.0016640120590825092,-0.0019331976092480385,-0.0007128456949041517,-0.04003153436751905,-0.002230830458316957,0.01386650100519371,-0.005533829155152992,-0.012842458172619975,0.016207120485732807,-0.004236683691239751,0.010521247542222945,-0.0018132723467254586
2022-06-23,0.012365964173247201,0.01571021134850059,0.0194036947592664,-0.0370671419944415,-0.0038325982252911395,0.022445467358597426,-0.005100763267511299,-0.013680478625179515,0.019685691159595287,0.014970230776793159,0.023540028515501854,0.009802750569412932
2022-06-24,0.03810409805610471,0.0381383215136748,0.019593964754631044,0.01316134085823606,0.03687090494978551,0.016602418993533208,0.03495677593635138,0.03970634299578202,0.021749595550758283,0.03594135117873498,0.01739669662659038,0.031793788341729856
2022-06-27,-0.00948371277087412,-0.010476750878255281,-0.002745195761724495,0.029334072995061522,-0.0034014112364409987,0.003715237053099063,-0.00236418272752692,-0.008239482870216253,-0.0035875218346497206,-0.006743999906735687,0.008114539483656813,-0.0038196872562453743
2022-06-28,-0.029078108752578546,-0.03994505791588798,-0.01335166242157848,0.02700475811905978,-0.009928630856841592,-0.017427603295746996,-0.011624017118745833,-0.010681865272788471,-0.013682382041007801,-0.02995095393174141,-0.003737464316079131,-0.020432793080719103
2022-06-29,0.0031044591130136023,-0.0007878980131783564,0.006277715838237885,-0.03475135662730111,-0.005641024886136603,0.008711437101116992,-0.005823288172037255,-0.0071979128892077915,-0.006327446869638487,0.0020221593613860556,0.0007214776975790205,-0.0008143930631878682
2022-06-30,-0.01201506193326407,-0.014692240934008893,0.0006932378409685303,-0.021081500340235593,-0.00882418593011658,-0.002256289952954127,0.0031009696617874116,-0.011815525444794917,0.0007346399040071283,-0.013349896241944048,0.011101852794503042,-0.00812449741406307
2022-07-01,0.010134279366665222,0.018402928460713452,0.014408393365854977,0.014962744147541729,0.013672344655868862,0.011228956196848161,0.008701472308349167,0.007065423399841508,0.017866012472841586,0.0022812545064001544,0.024525717904083866,0.010576708251414546
2022-07-05,0.023166781918868562,0.02235554134387252,-0.006418894315535217,-0.03968032770048924,-0.0034504267886008577,-0.005783488045442042,-0.014982973391886922,-0.020102503664823468,-0.004087519695031294,0.012557903696549078,-0.034098687199075606,0.0018884710207986988
2022-07-06,0.00017822662590805116,-0.0032838166367098465,0.002886574835958333,-0.017073154515143796,-0.00251811316106898,0.006747933076368007,0.005761679060237501,0.006333571109866876,-0.0007242813167499529,0.008603917578968057,0.010374598636346377,0.003377382310405963
2022-07-07,0.015686257811992732,0.025794124512985572,0.0009593057898638069,0.03605334973777263,0.014515767304336125,0.004237286538729457,0.011800871693087078,0.008892865171268305,0.0007248062803970612,0.020673261883639826,-0.0009980690946836956,0.014977292216048488
2022-07-08,-0.004738493420544665,0.0001363918338841419,-0.001779694369726914,-0.00042271484683809035,-0.0021773377986248343,0.0029917753385244605,-0.004529081976291982,-0.009763846213963756,-0.004587185588485143,0.00045176652781564464,-0.0032837606710550693,-0.0008226718428230306
2022-07-11,-0.03032945404469478,-0.027396239011786006,-0.001371947100310189,-0.009584458810790841,-0.00810478355964428,-0.0025238311948354575,-0.006711550525884125,-0.0027392548471502076,0.0,-0.013772952752934775,0.006302022267823171,-0.011423348758291652
2022-07-12,-0.0005457372799883009,-0.006040985699665269,-0.0028849420719727625,-0.019496084302212502,-0.006285326440134575,-0.012729292908959411,-0.0030919060938563447,-0.0019224958431526273,-0.006306067136656823,-0.013659910384607898,-0.00483917227089492,-0.00884921420941831
2022-07-13,-0.004548941761477354,0.008197720253884544,0.0006890788661348957,-0.0015963439041782879,-0.008855140135607287,-0.009708752618769578,-0.012177135553307128,-0.005778596857896501,-0.005369699192163568,-0.0026304208545703256,-0.004147520598978938,-0.005251616794116232
2022-07-14,-0.012611762726573605,-0.0008409575204095798,0.0008259511851862467,-0.01889834659963474,-0.019145035252902343,-0.002901862417371226,-0.0056982598215638,-0.018406046370636253,-0.009816149511613803,0.009153496332786615,0.0,-0.0024284870642866663
2022-07-15,0.025731126377768865,0.01613577788898546,0.003301311800175011,0.016298762097850972,0.03383213677289709,0.024148397349158746,0.015672349472654057,0.01564928449638181,0.01610915762747278,0.017603261199137687,0.0018669362075127705,0.019105124956755315
2022-07-18,-0.005053168558700971,0.002899431812544373,-0.009734099451743194,0.022889689712199512,-0.0037757245089916625,-0.021121284219966285,-0.005987752799138102,0.0023599153405728934,-0.009756188866724802,-0.00966909052274445,-0.013904808361217325,-0.008256925598224774
2022-07-19,0.03555240701143214,0.030635143758853456,0.010521826447817961,0.030786828013791512,0.030006128794477505,0.017026391322342294,0.03568127320444647,0.03046649037080673,0.027586359603099186,0.0305113477707728,0.00639619476079023,0.027019085613427585
2022-07-20,0.016465076539813106,0.016431854065279694,-0.00671307940109378,0.009678798246866016,0.003679936520641025,-0.009875111328036534,0.00771792901210322,0.0017474888100910135,-0.005033511898079768,0.015618135317779114,-0.013288886214813056,0.006373198915142986
2022-07-21,-0.0005170794349131924,0.022868917796574628,0.0030344919017948335,-0.01752925074271916,0.006416137022020374,0.01581741176255358,0.007215039292170378,0.014220252079338858,0.010358715406461716,0.014065549745271744,0.00263498851515398,0.01018323428028256
2022-07-22,-0.03465503797218117,-0.005782175405133261,0.006600690508986817,-0.008224145676822059,-0.005768126688730502,-0.004142154629558359,-0.003195984682362374,-0.007142691764488007,0.007630019943951183,-0.013798622825746176,0.013724422872082087,-0.009278126136273324
2022-07-25,-0.003393562683353446,-0.008594359575865074,0.004917910324839347,0.036683416684019976,0.006412219148156373,0.00523745604003234,0.004754039947919342,0.0041301978090635405,0.000709884863959731,-0.006340316847494143,0.012530872893390388,0.0012150368283847524
2022-07-26,-0.020071618355075205,-0.032199207111804684,-0.0023107729298244006,-0.009083649904347069,-0.013956204350616064,0.005133956696104391,-0.005391830176441514,-0.006766726865497397,0.0018918216871992577,-0.016208774585707353,0.00597430566233248,-0.011831154100112706
2022-07-27,0.04224589262897882,0.03785022296681584,0.006812778799247798,0.02257485543562865,0.015384638586923627,0.006250844452554194,0.015488536713963885,0.012022344653340511,0.005428251436912834,0.04301515282690205,0.0008484992302963956,0.02596643374290597
2022-07-28,-0.011405623062285764,0.017196760664776045,0.01596975293951486,0.005619585146278805,0.007272458343544841,0.0063636426522479805,0.020917501792678816,0.017687365298905577,0.03685461421536451,0.015223958651575442,0.03588574152166912,0.01254215343948295
2022-07-29,0.0005325193287344376,0.038787690973509426,-0.0077263503383544485,0.04337411013424086,0.014139765546187899,-0.0033122176822184546,0.020595345814196975,0.013359471219679175,0.0038488638618916493,0.015347710467049636,0.008592577881351149,0.014578880954638551
2022-08-01,-0.0014191544893102925,0.00497430411628752,0.01248486383521552,-0.020658058538320367,-0.008306005910090453,-0.0074019325677643355,0.0010456182542193382,-0.008063682655315096,-0.009021381473214074,-0.002149208037977024,0.0010817237334610486,-0.002961242535648778
2022-08-02,-0.0015988354514284708,-0.006844246632980333,-0.007955402999034855,-0.002343744663216185,-0.011067872635861065,-0.003576112047954161,-0.010549510146570684,-0.010193556442492202,-0.013199766783494438,-0.007087766349516911,-0.0020262583552641544,-0.006597331566855269
2022-08-03,0.024021362334045282,0.024366366421224583,0.006549112727946227,-0.02871298811771683,0.01512385298997887,0.009163499531038788,0.009395005244506205,0.0010428446744799036,0.004151153149789311,0.02659385223513855,0.006226358916724628,0.01565942575425705
2022-08-04,0.004344081168654368,0.004084756758151453,-0.006639091071958703,-0.03708694955392833,-0.0032776996841819006,-0.004918232025111546,0.0036603452619312637,0.0006510317266952281,0.0009188552049173015,0.004567351290849286,0.0021522136335110353,-0.0006754235321131397
2022-08-05,-0.012283715609932244,-0.01704977608795233,-0.0022725023358355356,0.019815853365991787,0.007174684193495207,-0.00038023358233163496,0.0015629500081568715,0.003514036212925342,0.003212386828368663,-0.0023070983103923304,-0.003624024654272584,-0.0016900498876422088
2022-08-08,0.005780339565137682,0.0045037304266490885,-0.0005361451471072032,0.005199669224535075,-0.0005936514394940806,0.0023579976116738788,-0.00031210220149302526,0.00557627962709728,0.00731947361336438,-0.008502580243328173,0.001481803187876718,-0.0011612581422968393
2022-08-09,-0.00975283851114872,-0.01593464253401977,-0.0014744217868412068,0.01756065719569877,0.005049246898310766,-0.003035743400419899,-0.0036421884992233755,-0.004900516000707067,0.007947182220999105,-0.010015667369234982,0.011164861462896303,-0.003970672712374945
2022-08-10,0.028139264682632614,0.02819866473842647,0.007383678509512714,0.007224180622412479,0.022458453138123557,0.01088603715539782,0.021934200785113767,0.02838262137982417,0.013516634741056688,0.027302548975494334,0.004390392792923192,0.021003877478777078
2022-08-11,0.0010264840792135743,-0.005089905012269469,-0.002398604423647588,0.034399926509928846,0.01184998611717103,-0.006476510646046818,0.005314807126407528,0.003402671089521636,-0.004667856869934317,-0.00391264034799188,-0.00013245374320891568,0.0
2022-08-12,0.017771674035105933,0.022629971569847696,0.00868275532042917,0.007576153931999174,0.015709446294810636,0.012810111297563154,0.015046864058578802,0.0188394388817954,0.016971777586728187,0.01990939112504675,0.016293170592012185,0.01692884419944196
2022-08-15,0.0035259735914938695,0.0068862164975311835,0.009932202795189804,-0.019497961640555617,-0.0002809580508724707,0.005014096751157604,0.0024037868087976033,-0.000616281035551669,0.004391929726813348,0.006307623635245507,0.008342016624131698,0.004120807780237046
2022-08-16,0.0020073725999134595,0.011047675662603007,0.011277519482383314,-0.002339593462821088,0.007313626273628415,-0.0026807074964798616,0.004496535181582217,0.005550560708373009,-0.00393515531327937,-0.0027049866191918293,0.002844032543341646,0.001958862094352032
2022-08-17,-0.0193686967761183,-0.010753491205316101,-0.0028529256911508094,0.008337922986101143,-0.005026500108245235,-0.00582385209295444,-0.007957975989528854,-0.013738783243120611,-0.002853803430127533,-0.007145321190120235,-0.0016756221766515145,-0.0070980250156345015
2022-08-18,-0.0015324101769769172,-0.0002922851307438634,0.0033813663131381233,0.026872904005218246,0.001122541088190765,-0.004431071061171354,0.004010703447450581,0.003109410395036427,-0.006823400495229337,0.0051978115095130395,0.0037443370194445436,0.0029063513617013648
2022-08-19,-0.016200477428725657,-0.02063589817822753,-0.0032402299556371084,-0.00025137842838651725,-0.01990459480733575,0.002715692138324677,-0.012883017350505455,-0.0183508873441387,-0.009751621058540882,-0.01816405539900945,-0.0005145489604184705,-0.01343817120789148
2022-08-22,-0.028601246717117834,-0.027756411489080812,-0.010142005744615767,-0.0018879580474308044,-0.022025090681962456,-0.013090561908804754,-0.01902068878168761,-0.015915095020442416,-0.020814885467338007,-0.02788472883239157,-0.013642345699277358,-0.020822335361408983
2022-08-23,-0.008565352478590693,0.002824274019539219,-0.004334370435538304,0.03606131963403314,-0.004095026109786071,-0.013950262972003191,0.0018564734697221752,0.009883242075581444,-0.015085780681432182,-0.002639143895773688,-0.006002131755612594,-0.002419224567688505
2022-08-24,0.005939518376643527,0.00428529234184305,0.002506400141769838,0.012291632770352168,0.00528619427240784,0.001236871008799989,0.0032941609709324915,0.002160545680236048,0.007890460076350081,0.00062673166495264,0.0031506283689857195,0.0032010800600272837
2022-08-25,0.019502560339669905,0.011948659215031965,0.00460594483213117,0.007694279074979438,0.015483794752222835,0.011041602430800657,0.015288473401344094,0.022701375877135055,0.015427055381516341,0.01691148429465872,0.00615015652425388,0.01411771353138036
2022-08-26,-0.03194086507775973,-0.03807252604638611,-0.024757689632290636,-0.011691969258430635,-0.029919381382219057,-0.027875394273547016,-0.03466398604538656,-0.030630105047370626,-0.025396570010733477,-0.0427048513799545,-0.015346773689876358,-0.03384930430561095
2022-08-29,-0.007795553526955823,-0.005323038012389647,-0.0016116280830897889,0.015089365216278905,-0.007117537947342156,-0.006991856359159443,-0.004501959580656911,-0.0070360850739324965,-0.008608645621587474,-0.013225241066867621,0.0030381009021887007,-0.006612096332325179
2022-08-30,-0.008770515182113137,-0.011143905238725216,-0.01035935371870822,-0.033892180763149815,-0.005376435586320838,-0.006645704763009852,-0.01440716422349353,-0.016361723444655585,-0.014316033570632047,-0.010432699439775317,-0.01461672876436182,-0.010977863164356338
2022-08-31,0.002396484471175464,-0.009868974391020413,-0.006117159269496075,-0.009108863576923087,-0.007507213473745389,-0.006371419347516172,-0.008429386198874234,-0.012311553713342138,-0.0035715012866112117,-0.009737331919281167,-0.006548345311644499,-0.007609123704509835
2022-09-01,0.00919462610153099,0.00913128867748636,0.00560756021248876,-0.024596324916054235,0.0030256733612459286,0.016431592623538105,0.0013988387361330012,-0.013128291392953018,0.0035843026280588663,-0.004879419730361989,0.014393355562802634,0.0031380424200702084
2022-09-02,-0.018950335059258805,-0.009176060490793336,-0.013057387993448799,0.018339235092383888,-0.007843242108334425,-0.014352183783661432,-0.009671115677266973,-0.0009405813942393593,-0.017142913823409822,-0.01300148870314699,-0.010741218116377516,-0.010544636484133618
2022-09-06,-0.012444424200069748,-0.0020580541069981084,-0.005650651027831466,-0.009254570285405439,-0.00243230183269294,0.0009601429778129944,0.0016274759536227812,-0.003093359582174382,0.010416858106812477,-0.006623874930756113,0.0025469829995403703,-0.003773044739336151
2022-09-07,0.02012421536143605,0.030675976726884935,0.0180182449057793,-0.011613276074518897,0.0198111747118499,0.016305535662270554,0.01603294809568223,0.02765760968850106,0.019180020177985035,0.01598856178796959,0.03128749479452719,0.017965225300637044
2022-09-08,-0.0023969990279738562,0.009316652431287542,-0.0025868221773327482,0.004342524173835072,0.017632632632632594,0.017381069276072303,0.0029852906165244164,0.009715323641603657,0.0028228398734695404,0.003430814390620762,-0.000778039231788652,0.006536138147404058
2022-09-09,0.027906122240565434,0.018956723747500792,0.009827880257371246,0.02492356693492881,0.009104461086367088,0.008812782400980712,0.012969207440866493,0.015082513898315053,0.009617794112382505,0.01977093117364448,0.00402253414179321,0.015534996862428985
2022-09-12,0.005214037588684439,0.012889188997945666,0.003919865026168479,0.01836216739576746,0.008148818255521162,0.006666438015258347,0.0059815925211543775,0.009350595950317064,0.008364032358178175,0.016035167249805582,0.009562886351652589,0.010747950187698363
2022-09-13,-0.05490960253684407,-0.05156051535017048,-0.03339151359336212,-0.025219348355644988,-0.03724013461642095,-0.033036300746549174,-0.0376588965444794,-0.03565983904141523,-0.03801819873101575,-0.053085015478061326,-0.02662563099668558,-0.043482600074122746
2022-09-14,0.001703225693678645,0.012847085946700254,-0.00041822005968383813,0.02824644388168207,-0.0029983954423262738,0.0005509819030202756,-0.0019511713224221738,-0.012238516340657535,-0.01221577319962297,0.0036365484909441914,0.008153816535958924,0.0038157304636992073
2022-09-15,-0.0043452200210468694,-0.00512377944401976,-0.00836097884087772,-0.02576861261906993,0.003308319980669161,0.005586259631982671,-0.01042694336819927,-0.013189397530989133,-0.02182327897238867,-0.02302239703145892,-0.024915182560270366,-0.01135333876975586
2022-09-16,-0.010626185900915242,-0.008038966951288362,0.00238924483647307,-0.02133494645181211,-0.008992733414947218,-0.002816747239322348,-0.02085372509483474,-0.01579590832157718,0.00024763701240626546,-0.005562709623777251,-0.003745801300409579,-0.007628771153287639
2022-09-19,0.0057657549796943375,0.014148606916394524,0.006645870792987063,0.0005926913146143686,0.01134166968335304,-0.005388033741897669,0.013571950514594366,0.016553983498001523,-0.0019005076062690307,0.008154639196026325,0.013397140245389183,0.007754775041421302
2022-09-20,-0.015478567696129208,-0.016954220823490962,-0.005466659808065599,-0.006955012443935482,-0.014732517859263328,-0.011721985830199122,-0.012445918597008498,-0.018998647338646313,-0.026309218935773315,-0.005871572277047377,-0.0145410290977952,-0.011478411211166661
2022-09-21,-0.024456629233999938,-0.02367464292766963,-0.0038057473770871653,-0.014656213995555167,-0.020750526421182247,-0.01658922447173361,-0.013277678559997619,-0.02185638936645229,-0.014668218572728042,-0.015620059533355879,-0.013672458568465218,-0.01744371248347576
2022-09-22,-0.0035812687636801455,-0.02307561453101048,-0.0014148457470213316,-0.0035541768608592372,-0.01682770896605834,0.005297065755389019,-0.015053180050425441,-0.01202066816477032,-0.009401589407370792,-0.010183893717377712,-0.0035686237058356607,-0.008399783083411716
2022-09-23,-0.019369106084217158,-0.023020056917925413,-0.017001965410754827,-0.06895647494221302,-0.015847829005639857,-0.005106892168354693,-0.01875629347037444,-0.020469822082994082,-0.012391099114127724,-0.013080187768069296,-0.011570183904768161,-0.016754923980131564
2022-09-26,-0.016289999872994176,-0.0022537309256225324,0.0007209213153112071,-0.024545911407854115,-0.01578091544855753,-0.009533176523519815,-0.010501395104826838,-0.016220962427453856,-0.02696227793858652,-0.006950170376500586,-0.024108102531921305,-0.009892472968364041
2022-09-27,-0.005381956408505029,0.003148866490045643,-0.01728375410952021,0.011199914549415269,-0.004253927049628459,-0.003043734748844118,-0.003338946034260659,0.002228298420397845,-0.01316879591251563,0.0013021952914047397,-0.016850090980787158,-0.002552789569030378
2022-09-28,0.03413106904644114,0.027021205738667398,0.012018353388032477,0.04430364982138979,0.01971732928873937,0.02186649431128762,0.02201461487819656,0.025789283217161785,0.01890444492582599,0.010565565706809554,0.010747923496958967,0.019676152026220306
2022-09-29,-0.02435098589860185,-0.034549061099102274,-0.016509911994783688,0.0,-0.01256848382315201,-0.008398127201110106,-0.01732609572953414,-0.014737965042076695,-0.027830664931538518,-0.02605763379823911,-0.040091628532128,-0.020889000226280263
2022-09-30,-0.01216982440130554,-0.019681972023324557,-0.017375950751483127,-0.007988798561755384,-0.009138484467911545,-0.013762040280861587,-0.01310465177646758,-0.0026395656729442107,0.010665198332988401,-0.01915765377364831,-0.019311330436123986,-0.01546345923690029
2022-10-03,0.027980737220813845,0.0009828151170327981,0.017233470363261505,0.056512088707508346,0.02700923434321556,0.020559660960104864,0.030178764209519704,0.03249535629727385,0.01860593964342727,0.03098153835453643,0.029308267728479498,0.026401307996379186
2022-10-04,0.030672366762702907,0.034925417407880355,0.015174070907943094,0.04297538529638145,0.0372034242423136,0.02321998214964416,0.03480182463713999,0.036741446026322455,0.015812370860424974,0.03356203163561,0.021207165612564527,0.030986500591864585
2022-10-05,-0.00768631196941727,-0.005895621821617736,-0.005804991793461833,0.02066535180590634,-0.007730380490815314,0.0033210876093203723,-0.005435320923701248,-0.011263829426834682,-0.01851831549168037,0.003318398291024316,-0.022218995999884306,-0.0023281142122190124
2022-10-06,-0.005362261984529271,-0.007089461210186387,-0.014596107975440198,0.01777778157453236,-0.014023101356619772,-0.012767004519350311,-0.011499576277726575,-0.010558145593299817,-0.0328138389139897,-0.008189553491113166,-0.03297187346994046,-0.0103159016368074
2022-10-07,-0.02695696487552235,-0.034394987013461886,-0.014960888008834217,-0.007762920268125528,-0.023704156977668145,-0.021154248679281507,-0.019119700955106733,-0.02471207650401097,-0.023749129964424576,-0.04112743918387718,-0.020734157364073136,-0.02789392202918617
2022-10-10,-0.0026677032462627537,-0.006185463745637443,0.003608929711341524,-0.02053838883045611,-0.0045321309736524595,-0.0062796095071475655,0.0035225874454665185,0.002159232141685674,-0.011294291028903558,-0.01680887040865453,0.0017252546253809786,-0.007635309466267226
2022-10-11,-0.018724444669695584,-0.008155660602308101,0.00824123197117932,-0.007988033226020819,-0.012683060319408357,0.0053343852158525,-0.00023407147838561126,-0.007757572726801998,0.009372965129766708,-0.015327628294072637,-0.003601089032815863,-0.006332808130047107
2022-10-12,-0.0012578098713624808,0.0025966252283442515,0.005349744968159431,0.008052355710987946,-0.002305490893300899,-0.004897874604678942,-0.007841860966766867,-0.007528370983211685,-0.013348790123627996,-0.0030791087122935545,-0.03331244196500105,-0.0032985709508683847
2022-10-13,0.024144264373472613,0.010935197281489062,0.016555979223174866,0.040813966907629506,0.04126775821701112,0.0232977271764383,0.022059783131725075,0.029321797095384516,0.0188233784391858,0.031056923493219868,0.025032672259804656,0.026391283685325284
2022-10-14,-0.016400120926153616,-0.0373613162466202,-0.01803133665358525,-0.03729473168869746,-0.016804237630127172,-0.0067337730813514796,-0.021929744905823445,-0.03373063476929972,-0.025115381577951124,-0.02812430031976343,-0.01443077690950978,-0.022788977914090847
2022-10-17,0.027511348244849465,0.04058564790759811,0.010810188556961808,0.012456526329852613,0.025153247866820383,0.016061153237466597,0.02183133831132622,0.02493436242154634,0.03731127158393299,0.030479469750705812,0.020917041408805792,0.02569685641915309
2022-10-18,0.00750500142713717,0.013782201274056494,0.013038352337066517,0.008735039924572474,0.016042862084684417,0.005560410173699903,0.024136836539395246,0.019604958943536976,0.013131581546040882,0.008474547021610324,0.01828225790752036,0.011749838494022224
2022-10-19,0.0008054330498374895,-0.011212226693070648,-0.004627644075032689,0.029515952805617474,-0.016408718542602285,-0.013982119411418026,-0.0071041161161241595,-0.01178956125755315,-0.025077611411390754,-0.0028835724450195777,-0.013001142050313774,-0.007086542066732426
2022-10-20,0.0024141147914100713,-0.0193481447562035,-0.013947169770620271,0.0009477438490921308,-0.016052769149359603,-0.008492230873451523,-0.01964798873288276,-0.007243131367604794,-0.004913307176086179,0.000578317535053996,-0.02524701849272437,-0.00838525410609725
2022-10-21,0.0064218167647143165,0.029124742979792062,0.015323283127049114,0.028879380726161363,0.029750255623406163,0.022463024968029766,0.02745574865721534,0.03462083129600435,0.006970831259131893,0.02675480059447488,0.018500838418727295,0.024301252134484752
2022-10-24,0.006979014238301273,0.004143350177497895,0.01799458088137995,0.004716071088319174,0.013358193869390744,0.01928224283808011,0.013305082502029109,-0.0058077354508898615,-0.000576839481190472,0.013833077307652486,0.008371367050092449,0.012236614930868361
2022-10-25,0.026534445343454394,0.025036683320831976,0.013114403379578254,0.0010308274754886604,0.011955671267743773,0.007597938945263838,0.013463855692133597,0.024756754411306314,0.03953825454131343,0.019117910580096487,0.020050258038755597,0.015968577038605547
2022-10-26,-0.03163568656999172,-0.008050615975285558,0.006613545589735148,0.013610737978825282,0.002423703140954636,0.01108027892678165,0.0035133443918275997,0.007057614865361828,-0.0019433906049225458,-0.02226214221709677,-0.00046088221204032553,-0.007534187468909548
2022-10-27,-0.04741033554922447,-0.0038517643044549965,0.000838655114168807,0.0036106851058799183,0.008159736654588468,-0.00525098644868649,0.011706726293418068,-0.002560701448301672,0.0005563615393826549,-0.011384358796311278,0.007988850201671394,-0.005339901732513752
2022-10-28,0.025303310488901554,0.0008980055854141966,0.021927323420862788,0.0034858565774829042,0.02487996603770104,0.016448791984275957,0.02325082368283171,0.00999854125772437,0.023630858195399673,0.043485387764995,0.027435278418739273,0.02379066697200849
2022-10-31,-0.01672455132468942,-0.006415854379880237,-0.005876777447895387,0.008403127613318073,-0.006142038221405022,-0.0008279888720544859,-0.0028535851804258883,-0.008963015780337868,-0.0024445583790566605,-0.013196506038314681,-0.009346119710221812,-0.007223350902280101
2022-11-01,-0.0064300300673476585,-0.010136874669159579,-0.003162079998014544,0.0096665653395831,0.00264861241706571,0.0006026504876746053,-0.0009539456522947853,0.002564516883365009,-0.0016334626284195686,-0.008367898711855837,0.0038934662435587963,-0.004375822090691428
2022-11-02,-0.02818389753656403,-0.03780598002311275,-0.01737674317737381,-0.024100142492311405,-0.012621318292700412,-0.01701419447162167,-0.017610828076514484,-0.025986034925729706,-0.02617934819578349,-0.03454267155526769,-0.009695691751480107,-0.025096226493915186
2022-11-03,-0.02448979696339937,-0.005977535018677926,-0.0033686298872572795,0.018493191703442546,-0.010106907203899618,-0.004212366141760682,0.010475252836056326,0.0076030463483711674,-0.0005602224193138605,-0.029406958998594246,0.004368081523787648,-0.010296767185619005
2022-11-04,0.006826858521749246,0.008360210667138768,0.011829402277373502,0.01217918527457984,0.01831831749387236,0.006075910502840731,0.01603076554774696,0.03470975018914313,0.014009636453730101,0.01826294283950558,0.006148714327973481,0.014392940133537424
2022-11-07,0.017935013490666396,-0.006981934692395608,0.008907373251274553,0.01717341159685204,0.010026731920695697,0.010702732412694038,0.01072882579603407,0.007822905206057218,-0.00027630595390693014,0.016695580225781548,-0.019078849335388393,0.009565867528870342
2022-11-08,0.0010742886156394071,-0.002490099330437423,0.0028970587533616587,0.0009678229787126735,0.005839379688990398,0.004991927541841523,0.008742016583303425,0.017234520541257403,0.006080591210730013,0.009592736261942347,0.006989931827592999,0.0053952366309353295
2022-11-09,-0.013521936907291865,-0.03054333013450139,-0.010866297188812823,-0.0488825831880757,-0.01683603147805368,-0.010762435049134433,-0.013927730112902492,-0.01616654537129869,-0.01098895391889787,-0.026008447344461283,-0.007846729251401063,-0.020601965570000824
2022-11-10,0.060487150802447154,0.07308396469167278,0.023501238370625233,0.02225231199957478,0.050487313930509536,0.025410929875957944,0.041954356804436044,0.05534352113084973,0.07666661415582454,0.08217573205489881,0.04714811002382757,0.0549538009522359
2022-11-11,0.026261975997387887,0.023996250519818796,-0.001086833055359171,0.02906082401363652,0.008150263873771824,-0.012242244787900147,-0.0006025020851789797,0.012083062155078705,-0.0005159707638990874,0.017112274809535144,-0.011183526807544197,0.009678806374238125
2022-11-14,-0.003998588481190057,-0.01585229979452296,-0.007888973303228686,-0.00032218457674848544,-0.014217913919069902,0.0009012125288487827,-0.006128860433761485,-0.0013541194696936598,-0.026587558169222536,-0.008562276695962656,-0.011897950979942284,-0.008506706218896154
2022-11-15,0.014853495293751129,0.013656455925648237,0.008362867512734296,0.010526353929535714,0.0022624527980574793,-0.0012759186010613544,0.00687438952187458,-0.0014789943243327386,0.01246339236459204,0.012121422287417971,0.011000555053477301,0.008528974624218977
2022-11-16,-0.00988919599679916,-0.015269053081574335,0.004894647063303559,-0.020408288975782063,-0.004796501246074558,-0.0004506231443830444,-0.007228893602631348,-0.009750366065592875,-0.007071422425037888,-0.013697689841469685,0.00896930285149189,-0.007628508968492653
2022-11-17,-0.007590811982769341,-0.012137656222099502,-0.0002705115681932435,0.002170160356107953,-0.005387106863717017,-0.00045100943579134967,-0.0017193739223310134,-0.009597400961438796,-0.008968745060048633,0.0012900626984271302,-0.01748763911888984,-0.0030601525138564956
2022-11-18,-0.0030194856342726784,0.0013495791714872585,0.010691751663011617,-0.007903937181310217,0.008266546732049962,0.012109033273228542,0.007395602482177077,0.006669979183630881,0.012776223043377,0.0011366772738328201,0.021210183439064556,0.0045404358961596
2022-11-21,-0.008277700691991408,-0.014469141956890197,0.00950685431329501,-0.013532763868930764,0.0031101797905401796,0.0004456335246267873,0.0032179746965073086,0.003375450426131854,0.0070956945689977236,-0.010750273788766584,0.004502662009884917,-0.003635992692554102
2022-11-22,0.01486151494441601,0.011298995468425277,0.007295492453853303,0.03130904415982827,0.010146544271399716,0.008690536836963858,0.007718555504821367,0.022676314763587113,0.00495868612112238,0.01936220701039626,0.008531059916662587,0.013457032224430066
2022-11-23,0.012638050988611704,0.014446436922372907,0.0034236444199950977,-0.010834769578358716,0.004185412005958344,0.003976408837423451,0.0037799520787609175,0.0038984496623377662,0.0015579605680022812,0.008858639315260763,0.011182548138801263,0.006301629634760886
2022-11-25,-0.0055468543965870865,0.0005609303085547523,0.0006565086801961773,-0.003687075387639127,0.0033338771252338084,0.005940959673327084,0.003864874605482127,-0.00036397008968924727,0.005963004897474367,-0.005804284690388406,0.005813380258431922,-0.0002238850266730319
2022-11-28,-0.015936293130737522,-0.00616975743807624,-0.003803592607672046,-0.027430069314479444,-0.01716974688550854,-0.007509993707380702,-0.018164086474969365,-0.022338338141188907,-0.028092870827250205,-0.02140737048567254,-0.010290528380756614,-0.0159569343196575
2022-11-29,0.0004048371688452068,-0.0031744584721153934,-0.003817559864689568,0.0151090517138317,0.005917456485182493,-0.0024977946686312036,0.006133092861248635,0.0033528165820619904,0.016706668619611786,-0.009790485399013171,-0.007406453235733967,-0.0017176001087784165
2022-11-30,0.04229061510749932,0.03446557947779505,0.020087054269952498,0.004961388692943158,0.017086488761557606,0.023862148230267444,0.016488608095086343,0.024133847406762277,0.023474165100116684,0.050208614018627085,0.02496776186972194,0.03150087037758431
2022-12-01,0.0058241933513418775,-0.00013670573884871917,-0.004534324868764816,-0.003291263225808083,-0.005783485280888456,0.002877584548613976,0.0002948635437045599,0.0012085318119385846,-0.0020388579073299384,0.0013973124650787927,-0.0008397392320675934,-0.00073605166753965
2022-12-02,0.0025090368959008735,-0.0012998525252344573,0.004554978621605477,-0.005943722289644016,-0.004709034394702605,0.0025817194043884495,0.005700283626344005,0.010983660962013753,-0.004851764285488391,-0.005802401488417597,-0.004764078636282476,-0.0011538842043633535
2022-12-05,-0.015787311897371703,-0.0288438636961873,-0.012566579351395601,-0.029675640155926275,-0.024770587007307387,-0.009586310840605128,-0.016710738997333552,-0.01981877817837796,-0.01693628111048473,-0.016622384624453423,-0.005631411998920477,-0.017989034852715968
2022-12-06,-0.028755841134659565,-0.015590577792798599,-0.006166021029330393,-0.026360931230254736,-0.008846968457439264,-0.007584366709309731,-0.011826527265305531,-0.008891501778300337,-0.007569683604898625,-0.0214108700570268,0.006229713507126533,-0.014414876762632867
2022-12-07,-0.005035383309652697,-0.006019751805936835,0.0042242760841892935,-0.002343936755373588,-0.004030909331916632,0.00822462638277921,-0.0013074946443523139,-0.002211968157263988,0.0021042816130021347,-0.005066631542064881,-0.004643403442544991,-0.001701026827848784
2022-12-08,-0.002024266264799679,0.009660983884233643,0.0053899089309223935,-0.004464461272589482,0.000867262140465952,0.009024089211014719,0.005941607979503827,0.0073898086389541096,0.00734906394133894,0.01635811509217966,0.006502549046595307,0.007833864433802074
2022-12-09,0.0028398500563038276,-0.004356201845717056,-0.007714688451340823,-0.024309495915023183,-0.0025996493114156527,-0.012806904466683644,-0.008208953113911455,-0.009903396214445359,-0.0020845434668641527,-0.00614940394065977,-0.005196140808932714,-0.007470261368520803
2022-12-12,0.007888418996714996,0.0025105959740949757,0.010541599974121407,0.026245546715095935,0.013321950570883478,0.010653936165366806,0.017159297070900692,0.008644225387154147,0.008354910668696869,0.021846902836713422,0.022871227580423925,0.014417150605379847
2022-12-13,0.016857069690919158,0.0,-0.0014342107781633029,0.01897483494880392,0.0025721589285325752,0.003083234999946338,0.0037710306245193337,0.013834574918367482,0.02200960200492985,0.011811506210790634,0.0030367569352045543,0.007569804908952982
2022-12-14,-0.013025485357727073,-0.007440095522921131,-0.000653030577429714,-0.006130067352109192,-0.012543097641966705,0.001572755317308605,-0.0018783918011301415,-0.010747555143122312,-0.009627755205042332,-0.008422816980817815,-0.001238644727402316,-0.006393371581042917
2022-12-15,-0.03899207613368516,-0.016433702259902372,-0.01698658296063782,-0.006051315696630533,-0.01963033328676611,-0.01834380190428142,-0.02416780527260809,-0.030517609859617156,-0.01151200210515857,-0.03740397937637141,-0.012124387432504102,-0.02446179797803516
2022-12-16,-0.0002081450342695801,-0.018686976996477367,-0.004918223971562052,-0.01229398999309439,-0.007656007369752804,-0.014542499752604243,-0.004263319351056838,-0.004280840326961077,-0.029502909296703295,-0.01323634514834593,-0.01701528508381711,-0.011806117011975203
2022-12-19,-0.023408127911991428,-0.016054689044585735,-0.0006325368717834401,-0.0001196532455096655,-0.0026875588229406944,-0.0037341231014976772,-0.005264364022875667,-0.012994700979230278,-0.0118397236536395,-0.013334396605857002,-0.003977000697086397,-0.008479598757734519
2022-12-20,0.006836188426406764,-0.011643881614407325,-0.0008078322288975759,0.015091546199268002,0.004191718296220115,-0.0002230600824270068,0.0012354862818106938,0.006576213922597995,-0.0021832990813654973,0.0015148891292466882,0.00028755850107686776,0.001368536969730716
2022-12-21,0.01315507339701183,0.01593921133601328,0.00997052933219611,0.01899721280197797,0.015503819973658572,0.013165706795039256,0.01881954765197502,0.008711208828874106,0.010120367115412199,0.016559180556567465,0.01392653948544198,0.014952314279481627
2022-12-22,-0.008586432677793132,-0.025693650851505878,-0.0022677591690045684,-0.023042959396449736,-0.008807877066360659,-0.0013945287308660959,-0.012718440502511918,-0.009651842477554906,-0.004874166544980296,-0.025217129601661115,-0.006088782879154375,-0.014266306930161288
2022-12-23,0.009716933707311526,0.006845643663800249,0.00521442999426136,0.03188342824810553,0.005627973652598595,0.0005878898263074195,0.005930062327933028,0.006924795997867772,0.008979838187293643,0.001044278382979158,0.010257853945941253,0.005752545078480997
2022-12-27,-0.008995807157778257,-0.016224949835468405,0.004788522875502466,0.01068196307389191,-0.00029436674814187214,-0.002571457534407462,0.0030490509905314322,0.0008911371743514085,-0.0008093257878150073,-0.009470432450799149,0.006204975040380756,-0.00394376194631052
2022-12-28,-0.014566044270875822,-0.008403391423121076,-0.012443716369532898,-0.02238861154452254,-0.003536058469051584,-0.006482808086933911,-0.013071186979135674,-0.015268596201497564,-0.01592418185101374,-0.016123632244959496,-0.009530365763837478,-0.012427664909946845
2022-12-29,0.02763493050325505,0.025740601562719734,0.004289507873173726,0.010462567232915054,0.013897495153230466,0.010899326502438633,0.012320086938740538,0.010854213008949953,0.022215960276795288,0.0261877832095192,0.007216400718760507,0.018000184890168747
2022-12-30,0.0004167903819485286,-0.0027024877193985164,-0.004938405764290721,0.006327801677925349,-0.002624915465381128,-0.003593680304453839,-0.003955121478731116,-0.007030814503823368,-0.00912260288984268,-0.0013641091339992029,-0.009553128384806708,-0.0026340865414707926
2023-01-03,0.012919413109644617,-0.005961632761329105,-0.0037562293443620387,-0.03509772679602163,0.003508940951560513,-0.002871038013379068,0.002138124808855002,-0.0010298305373789285,0.0037907986449465803,-0.009482483031329592,0.0,-0.004209846018981556
2023-01-04,0.018720520910902705,0.014487039527450563,0.003904710316913862,-0.00011868158754579916,0.016025625941818777,0.002657934445656762,0.008839512930426396,0.017396607779215145,0.022929556077813107,0.0025961558581220068,0.009078213298324478,0.007720369408433347
2023-01-05,0.0014135463888582667,-0.009289770320950241,-0.01005897138111933,0.018248699090334553,-0.007456469765932727,-0.010234272075326456,-0.010776147951342852,-0.01583274053157402,-0.02927209290993993,-0.01942068639966954,-0.021647464416204576,-0.011413448418134298
2023-01-06,0.016333811096055806,0.023481049549899602,0.026690338757147103,0.018968875326653256,0.022247889184058955,0.009224162575113493,0.027387236792637548,0.03436305296504827,0.029068353752442544,0.02929517329227105,0.0201148621893108,0.022931859432607116
2023-01-09,0.0015875670617342408,0.006057499179223935,-0.009765274842267191,-0.0035403873433474953,-0.0036741510865525573,-0.016731981433693366,-0.004459481818622435,0.006345775172016399,-0.0005282690889530928,0.011625284720127915,0.006760651212674773,-0.0005668859645515667
2023-01-10,0.015055233795761458,0.01256875301761018,-0.001332639350331899,0.007106030563810872,0.005673763902187767,0.008396048933839273,0.005475132789297454,0.010014805521208814,0.0029055969826554673,0.006181501183490035,0.00027970083635064924,0.007013031619205856
2023-01-11,0.007220987795924172,0.026980652861805732,0.0005340353062386338,0.003072794379995747,0.00930876298300487,0.005649515083388845,0.009602951025919682,0.01566905010615094,0.036344595563392756,0.01732835028889923,0.008112020760853378,0.012647836672524226
2023-01-12,0.011044393578479417,0.0016647374017788596,-0.007868850700957775,0.019060412854195574,0.001956419116525998,-0.0031783298485505984,0.005883351679514259,0.0037362469039528,0.01118164444799219,0.007432571485175288,-0.006797980661791159,0.00364074281546789
2023-01-13,0.00325790912198598,0.009392927631261427,0.004704935487009232,0.001447282009342965,0.00753129243785744,0.004449168538803061,-0.0011697254296397785,0.006123940196524069,-0.005780292513513641,0.0028434585946719437,-0.0036320633488128307,0.0038794324712942974
2023-01-17,-0.009359994603933774,0.0007157055059712203,0.0006690501437953689,0.0021124869058173346,-0.006644614835809137,-0.00465102671862605,-0.008491440211278456,-0.01002505655686814,0.00025275458507345583,0.004521540656342138,-0.0014016831371170824,-0.0018319071239987217
2023-01-18,-0.012148267676683977,-0.013018502740657523,-0.02727641899468114,-0.018304798975074865,-0.018673169289019187,-0.01409289974440786,-0.01880091925513172,-0.01410494754392888,-0.015415871148801275,-0.012892709931585977,-0.02400704396442732,-0.015787743935620102
2023-01-19,0.005075342641132297,-0.016596605323173863,-0.0094846419584792,0.012430483544861648,-0.011644482222551433,0.002407437850698191,-0.020565777624986348,-0.007703515975978181,-0.004876516542602127,-0.011670313022867584,-0.010069068352312915,-0.007279970201183539
2023-01-20,0.03126821707526539,0.024246193004519023,0.007771468450574304,0.00993432668318217,0.01580458519780681,0.005028491934947921,0.013930076681064385,0.020086004471106644,0.01160671496849952,0.027056739664887308,0.005957709466027472,0.01862895019537314
2023-01-23,0.017514009012996157,0.015614280391459623,0.0031670145138491534,0.0013260182493568529,0.011598366343617217,0.0034350202973532085,0.010910541494156156,0.003261976428788671,0.002804622373521859,0.022765346174078438,0.0002890362075411712,0.011998495622915772
2023-01-24,-0.0027761677779699623,-0.0011337879842078236,0.004118102161632775,-0.0038628883015878746,0.0005592733804615779,-0.006623477124472532,0.006595217143391396,0.0006018910260974231,0.004322284060875647,-0.0004469551197016086,0.005054162100255111,-0.001073161389579469
2023-01-25,0.0035262637954533993,0.00510677819077765,0.0024605903630599,0.00011079894099741416,0.007825563613132358,0.00029990203200291887,-0.005559557432695095,0.0020457678343572816,0.0010129894796822025,-0.00208524862387216,-0.013505721029251072,0.00037482571601077375
2023-01-26,0.015535522608161267,0.020464281579251953,-0.003545271777326997,0.031575622570316986,0.005269063191805978,0.0018722206811003783,0.005490662906649568,0.00480368064384229,0.011380795606996674,0.01597139321025054,0.0033495343574250214,0.010990316298944869
2023-01-27,0.0069203807616793345,0.022681709776227965,-0.002874346852679066,-0.020191289188354222,0.0,-0.006802689832830611,0.004170162400316757,-0.0032268879839247866,0.009002184464193874,0.004187001807470336,0.0,0.0022976374974943425
2023-01-30,-0.01573517422736881,-0.017039695600398752,0.0012353646762957027,-0.02290906811375204,-0.0049654218302787045,-0.009031984586023278,-0.009788563844781106,-0.006834698858154686,-0.0121436657185362,-0.019092723983487825,-0.004499711137252782,-0.012546751360647534
2023-01-31,0.012127845179778829,0.022907023784221048,0.010829458589072471,0.008862400132924053,0.013584602013140712,0.012911890917279178,0.016974616019899136,0.021972720252843247,0.018314048503424107,0.013945923627028955,0.007436508503653183,0.014703243786738929
2023-02-01,0.011800992510554442,0.018964252263997894,0.00800094505611848,-0.019682052199873623,0.0,0.004724220268672585,0.007265624969198914,0.006615536276462608,0.007390964300807212,0.02353649386719825,0.0017368722591384333,0.010627809866357474
2023-02-02,0.06567370486118129,0.03062324568691288,-0.008610066002955996,-0.022799525515671548,0.0027350667498098336,-0.006791942061955436,0.00779806125237581,-0.0031684728052979727,0.02298856010157957,0.02730631666655814,0.0021672340743270624,0.014557059239092007
2023-02-03,-0.020036907669768733,-0.030801740333904815,-0.0039355557295901455,-0.0022052692130763996,-0.0019092364794357497,-0.0029303123343111803,-0.005223030331652834,-0.01801286936720292,-0.02079838583923599,-0.008323709610157715,-0.020905153892860184,-0.01062920061638839
2023-02-06,-0.012027560555043393,-0.0014537263835658898,0.001226047763598359,-0.004537212492652265,-0.00027345898468367213,-0.005576831468924626,-0.002430524077898899,-0.011030008966906535,-0.006347527525412566,-0.01220286283687122,0.008540541775577948,-0.006111373154138233
2023-02-07,0.018608687753103537,0.0023159338976666,-0.004217983394083857,0.03248794143454159,0.011481795874033196,0.006441818165883184,0.0031186852162281564,0.013455997577673129,-0.003931326731184792,0.024992635896041504,-0.0004379910299734391,0.013078846260476729
2023-02-08,-0.03141544229962612,-0.008515987746887665,-0.007652412144281251,-0.00894155112859052,-0.005946050004659975,-0.00293667245853213,-0.005635477076481044,-0.008014116178632458,-0.0027134082325865894,-0.012052500144834277,-0.016798148385986922,-0.010934878703945161
2023-02-09,-0.02185787616208079,-0.0018641545627419154,-0.004406692276062496,-0.008565510023454626,-0.011147204646613673,-0.008760781338493229,-0.00898950169337398,-0.014470027734137858,-0.009646160087294908,-0.005500080410209995,-0.01366792882970036,-0.008669202123765318
2023-02-10,-0.009551313860042931,-0.011740475422684415,0.009267140334408008,0.039166220981085464,0.0032994700686250766,0.009447528170984931,0.007099020852834315,0.0036705710169708805,0.0019979034730488454,-0.0046088966124393504,0.01988227249762331,0.0023337443342978936
2023-02-13,0.01419224152271692,0.014647272893915542,0.011374367652263073,-0.002549979609843378,0.011510112457525645,0.008302461848802567,0.009105230622912242,0.005241841375652978,0.009222240608082855,0.01731024691701699,0.006055250719198657,0.01173901269991906
2023-02-14,0.00035883316866969217,0.011974532255125236,-0.009078783575564353,0.00033358458424381787,-0.005418918122087946,-0.0059134362383271855,-0.0027165915919132866,0.0023044022937384057,-0.010373032259817228,0.004271136967203715,-0.004257014040995655,-0.00046022821846070094
2023-02-15,0.009146359448301666,0.01170122005269314,0.0019145836387626236,-0.01699800943236862,0.0010897105562892584,-0.004969884553038373,0.006226467338040331,0.004355813101726058,0.0027452355953681007,0.004671599003883475,0.006486727231204359,0.0032472128019216395
2023-02-16,-0.015283508028055115,-0.021832432166927984,-0.007233530217902184,-0.009832921039966247,-0.010067889113130057,-0.009989292945798534,-0.01034519493317998,-0.011324109520307934,-0.009208577575913757,-0.01735022446071821,-0.0076170124745951195,-0.013768571643778205
2023-02-17,-0.0010828392015255206,0.00019939698593196553,0.012922715883339153,-0.03561243288057403,0.00027470450951594394,0.008943544121144287,0.006545349326293914,-0.009382172113733489,-0.005023778867380924,-0.012500775543990317,0.010775089736097643,-0.00249837285259924
2023-02-21,-0.022041550204480398,-0.033406323131357274,-0.0038001283458448665,-0.004970907872379082,-0.020610051579222577,-0.012955583761632417,-0.02290594301275317,-0.016482072114483493,-0.019692032984765406,-0.023744751772066475,-0.018691624656477224,-0.020060866592698012
2023-02-22,0.0020321000944740764,0.005084479283063104,-0.0014985535397964433,-0.006661158048197446,-0.00112231296624965,-0.0033774065783231944,-0.002483236676595224,0.007503440981404985,-0.009013607888746611,-0.001465325795081851,-0.0038690847573705778,-0.0013781568733265415
2023-02-23,-0.0046090565528214,-0.0008203856156190348,-0.0012281163910566884,0.01508813552267374,0.0008428506112794221,0.002695871746687395,0.004680375476092902,0.0011174578178911876,0.009615289054413667,0.016581012285582508,-0.005228510970639366,0.005319308674862411
2023-02-24,-0.013891561975857836,-0.01573625118304134,-0.006693832266173261,-0.0012974765106961161,0.0008419141562612253,-0.012904374375565686,-0.005748946738860616,0.0066956447157404675,-0.018532683929920024,-0.017825968504052492,0.0003004315289234505,-0.010682457550727387
2023-02-27,0.0031931937289302326,0.012373288039369656,-0.001100367019401527,0.0029528710654129764,-0.00028025100072248676,-0.0030348949677266868,0.008872554957488621,0.0033252542090884685,0.0015735149143023541,0.0053639318654308266,-0.006755738004884715,0.0034061037553216877
2023-02-28,0.0016849325934211734,-0.0006866229384721034,-0.008261036434684565,-0.014368089312626342,0.001963099794832779,-0.007414879991627599,-0.002272790578140338,0.00454221329356419,0.0005238684761581514,-0.002192733919798906,-0.017533473390773713,-0.0036960236229666155
2023-03-01,-0.007663444027524835,-0.01257384405466,-0.007358171440266403,0.01971524380637879,-0.0033592856433918294,-0.001651369285803117,0.0039617075501194865,0.007821121903696993,-0.015441192760140887,-0.0073250988944454365,-0.016461467650981887,-0.0038360264799957022
2023-03-02,0.00941793846831418,-0.003340226889154585,0.013706559228741089,0.008788531901352536,-0.004775359498867426,0.0061437029385769115,0.011739034470257703,0.011398160658507184,0.013025018406469302,0.012323192920369541,0.018926975791311973,0.007777517699789405
2023-03-03,0.0218324755541055,0.02150400301961497,0.0008275473776939712,0.01359068763823612,0.0158060823939441,0.011194689158984916,0.010822833364120266,0.014266760042197069,0.016793569681013087,0.021502913804106294,0.017040194785991503,0.016037671817011878
2023-03-06,0.0,-0.00731331863974094,0.0026193813202606275,0.00045818574339850926,0.0008332682605460828,-0.0004646127373635345,-0.0018326248118822885,-0.01619369295534001,-0.00387123473326223,0.00478082672319502,0.0048301663669223505,0.0006928204409035743
2023-03-07,-0.010226487011702146,-0.013632750543680405,-0.009899659419930207,-0.01741122401857087,-0.025818665564788068,-0.016110157324566,-0.012852780138376318,-0.01970458412960263,-0.025129180858991185,-0.012428153415250054,-0.016373694514830506,-0.015328790849802099
2023-03-08,0.0005535797732143521,-0.0018149001503238171,0.0016664792018115104,-0.01025879534906926,-0.0037050901089007438,-0.005353065498195697,0.002349613272178086,0.00490259250435332,0.014084198249184166,0.008270066401754983,0.00763603765893861,0.0016321426072882783
2023-03-09,-0.022496914281705416,-0.023846180983215004,-0.009288748270625313,-0.014134321940578731,-0.04061776789559812,-0.010130674882712132,-0.014747722760224624,-0.02573479081702501,-0.022798540302479187,-0.014335875843963897,-0.008032887677908884,-0.018449953340476277
2023-03-10,-0.014148154007106117,-0.009957634035980156,-0.0048977296382911595,-0.012783758190264782,-0.018187191952171444,-0.007355747240075261,-0.018635898973370923,-0.02128213182406191,-0.03191209867028888,-0.017583081550494373,-0.015737216422399558,-0.01442945232930426
2023-03-13,0.0,0.0020985514036493402,0.005062240575924859,-0.02033152136466987,-0.03947771937928246,0.009343461550637588,-0.005656547236428278,-0.010232757595297293,0.016066377077735616,0.005450258846999789,0.015367996135708273,-0.0014251425514716365
2023-03-14,0.02831996932716785,0.016968524895033976,0.009095015221449287,0.009882569986422451,0.020233950625912822,0.008937772472600525,0.010564729834882547,0.012794235636449658,0.010359859110133485,0.02307559480719812,0.013147783096383314,0.016529887305069657
2023-03-15,0.010792701996929832,-0.0014909054876837136,0.006516613066140264,-0.05370007070015359,-0.026650067190589932,-0.0008700475666940655,-0.024628088178356267,-0.03241046201853448,0.0005399578051439313,0.0005727115963409801,0.013580798728345833,-0.006254147562587686
2023-03-16,0.022459202493375408,0.018061628864543877,0.0006887510873878622,0.010858114651748352,0.019101958185003598,0.009341341685346727,0.012882794463104918,0.011473052606508993,0.0,0.02805206287474249,0.006699479059141922,0.017545033361856754
2023-03-17,-0.009542645713793929,-0.012782098826686683,-0.007296151690770025,-0.015728607054800392,-0.032177275173899456,-0.012862666338025686,-0.016381731926440768,-0.015514976093255806,-0.022923828467895535,-0.0013924030524278264,-0.009612569994479792,-0.01169260197195876
2023-03-20,0.007473906812173858,0.0043290231016144265,0.013864623558430322,0.020019233733913788,0.01112658660769128,0.012674301198485116,0.013243382047392727,0.020576430429964487,0.010730009751427572,0.0026967279374150444,0.007821844610012674,0.009615524935689512
2023-03-21,0.021349744754397104,0.027628706690579152,-0.0008245434163868248,0.034620600372763155,0.025344782758728757,0.006065075260155206,0.011583642811784811,0.012120296683438836,-0.005775366205600374,0.008081900006074338,-0.02014936243306864,0.013130745594499116
2023-03-22,-0.017537813997023255,-0.02227899656226029,-0.009215859616775957,-0.02127125412708919,-0.02315387150530679,-0.015110066318171578,-0.019152972521364275,-0.017769620851796786,-0.03651456141206033,-0.009952340827169559,-0.019649530414242777,-0.017046661424809928
2023-03-23,0.01622794909183889,-0.001054745152106129,-0.0038872126223946646,-0.013853929237477636,-0.006726442394006327,-0.0019080580730477248,-0.0028926001248268385,-0.00117994414377387,-0.006029369665326856,0.01626551267525822,-0.010254828197789334,0.0027034105624375027
2023-03-24,0.00514552119044942,-0.0032386141643482302,0.017003576147568644,0.0038664681107289933,-0.0006449301975623989,0.013857989848205632,0.004144593274439945,0.008137395948016879,0.025707779160738076,0.0026100340069368233,0.03124027595895318,0.006562153533383297
2023-03-27,-0.005648839730593713,0.0020485276739921066,0.005344620342891959,0.021312192288363008,0.013875368991633774,0.004084833365743501,0.00835822004155462,0.00742099372923799,-0.0033795573635931886,-0.007741757619406875,0.0012176058138595458,0.0018697592531311535
2023-03-28,-0.008166061182067641,-0.0011984860554512533,0.0017719554472630517,0.015462285834794365,-0.00031809741555921534,-0.006023953634029189,0.005116858549885306,0.0047819941755395945,-0.0033905955459794246,-0.004695188075671819,0.002736825253272457,-0.0022446078010766035
2023-03-29,0.013245114626925014,0.018983724397812596,0.005578807993293244,0.013864659692014447,0.0146450041727193,0.0027547667889267213,0.014558850653054733,0.013890365848995945,0.02381624622697842,0.020950324978947332,0.014556668935599149,0.014534807321999521
2023-03-30,0.004769394887605305,0.00872662331405305,0.0028418909663197045,0.004395758098607594,-0.002196564884172858,0.005416054537528803,0.0021074466297990035,0.006850342542884524,0.013015712362658194,0.01161921678013389,0.004334112533081802,0.005855336362785124
2023-03-31,0.01916309377439518,0.026707578829762824,0.008095907301546523,0.00692909512333717,0.01100643343884622,0.010695773694610278,0.013218388503060785,0.01625297380067403,0.021869872717723338,0.01430675922769531,0.007291963547133573,0.014094400618597902
2023-04-03,0.004139972861511243,-0.009161291985456899,0.005220145420966826,0.045273585580211106,0.0018662475514328314,0.011200166663109412,0.001779225666887596,0.006322763943903187,-0.009363409379503196,-0.0015890108410097081,-0.0067958314821798815,0.003810560950452402
2023-04-04,0.0030923818000436754,-0.0016198841707211198,-0.00199707431720475,-0.018133698631960127,-0.009314042909475684,0.00015266998951068977,-0.022395565990725896,-0.014414275052228587,0.00027042002440125223,-0.005505269150227421,0.00505719532041371,-0.005548187475522437
2023-04-05,-0.0032538921926283937,-0.020482591274931128,0.004669572549208523,0.01505702573159673,-0.0012533549184705617,0.017261257600725166,-0.013018501611532729,-0.002249950609106932,-0.0051297953173194966,-0.011404562386663541,0.025898901149274067,-0.0026180599064326016
2023-04-06,0.01254291241175598,0.0002069604676311343,0.000796951502750165,-0.015181269920445883,0.0037651615832992036,0.002477777300639916,-0.0003066769960931026,-0.0023805860743244533,0.006784259730107101,0.005666841647776977,0.0070686519002503,0.003900775053511163
2023-04-10,-0.0022060768450324897,0.004416189002943494,0.0,0.008001974146655266,0.0021881998853148232,-0.0006742188428088269,0.009102920387015878,0.0047723295863220105,0.005121385213200602,-0.0005365285098778427,-0.0020053271230183745,0.0010264366091476962
2023-04-11,-0.0025508582016970927,0.0015797165981750183,0.0029193492169734547,0.009455873332959497,0.008733751147903979,0.0033725233738974847,0.005980442911581063,0.0077489847456551075,0.004826870199102329,-0.009396696945296212,0.0008612477243350458,0.0002686490863097468
2023-04-12,-0.01040075575208732,-0.015500692917284953,-0.004498738965604376,0.0006938412160888419,-0.0021645798820361106,0.00029886717487115355,0.003324806020076343,0.0007440899644757248,-0.0029355906519753505,-0.0056914149216583665,-0.0010037835615233082,-0.004075990587934397
2023-04-13,0.020847516881003614,0.02208443065267418,0.005582555411748347,0.006240632881818531,0.008986695919875887,0.012992957937103311,0.0037153817430648495,0.010286312462568947,-0.003211922473498885,0.018603161741449048,0.0001434209101041084,0.013282620818763524
2023-04-14,-0.0003375224133893573,0.0012950058865845993,-0.006344392169461699,0.001837720296538059,0.009827904921973607,-0.008034730787113586,-0.0012004806723971972,-0.007237417337043306,-0.017186138948041885,-0.005552675184935296,-0.011195676775625718,-0.0024427152664936447
2023-04-17,-0.00574021870429442,0.007080043388343782,0.006384900482083067,-0.011808119586557031,0.011557192927744708,-0.0008174757837166036,0.00791353136630324,0.0058074157451537545,0.022677784789003175,0.003632743988654985,0.0055160428660112615,0.003588251096636963
2023-04-18,-0.005094187709401399,0.001622084582030947,0.0030395438172254874,0.003944508733700669,0.0030067488310410173,-0.006842315330038318,0.004770265061623924,0.004176856789048555,-0.0016030149401949911,0.00308307985993328,-0.005197143961464867,0.0006521156043506338
2023-04-19,-0.007509879689880483,-0.0009447541402911597,-0.0006589447437650442,-0.003466693532366616,0.002397875166322505,0.0030702377202254105,-0.0007911905000179686,-0.002813727149148293,0.005887120593607742,-0.0028732894865474146,0.007691430622707163,-0.0001687947807026413
2023-04-20,-0.010318301691384257,-0.015401513374747822,0.002373281632314761,-0.008812619008624067,-0.0029902640094204846,-0.004106178247274439,-0.0017818851023764237,-0.0011043340052868666,-0.01197092735869032,-0.00656733097761486,-0.0002880536229424857,-0.005457237386333191
2023-04-21,0.00243279210090086,0.011045756060122258,0.007235230975938256,-0.005849240052768101,-0.0035995128582135827,0.0067469267207718175,-0.0022808646425768186,-0.008842843220284058,0.0010765229652296426,-0.003238036619399698,0.0028808812409721885,0.0007769577714766829
2023-04-24,-0.0010400850647360738,-0.00013576745130050583,0.0040483260347121686,0.015297841898770148,-0.002408102205614826,0.005584539039048764,0.0023854494183683794,0.006815495126800242,-0.002689159179311895,-0.0043988921386876045,0.005027452720817838,0.0010433156488014461
2023-04-25,-0.015616902307899472,-0.019816764548761245,-0.0013004852911470133,-0.018776044423485905,-0.017199721411639612,-0.010662901923432222,-0.018443217755179764,-0.021661547664101444,-0.009169451791282146,-0.02134450796881915,-0.0010004607749186656,-0.015873908717415786
2023-04-26,-0.010576439426556283,-0.005123265038681879,-0.007814592501322104,-0.013347532857667321,-0.009517899253751572,-0.014220446310231893,-0.01889059658708503,-0.011825545237545976,-0.008165484552307034,0.014863794412416143,-0.023462307127068205,-0.004235687700674062
2023-04-27,0.05807959152146225,0.026375876438978096,0.011157994554828576,0.00359151381490741,0.0161189548703764,0.005238761378559831,0.019769276228148502,0.013622034225845736,0.02414911466242664,0.021217008278006322,0.012013068061701437,0.019907997056736182
2023-04-28,0.008587330210869437,0.002576914075277603,0.005322427099479166,0.015507295184397973,0.01189728860886996,0.008534713028990115,0.009692893103199651,0.011680462150757132,0.01152215320731087,0.01085733077055906,-0.001447591221488076,0.008535321104913729
2023-05-01,-0.00016712782421612893,-0.009874680316390716,0.0007748206330062679,-0.011276802086758742,-0.0027129869487242386,0.005167478524341407,0.005400181541693527,-0.000496485379594569,-0.009271407013321187,0.0005966547008273704,0.0017394813146383026,-0.001009727060280019
2023-05-02,-0.018533832147768048,0.0010250563015758996,-0.0027096650672414624,-0.04348347350778381,-0.022672318419857396,-0.004321245361798898,-0.01044371509616493,-0.009688291590964848,-0.017112611079219575,-0.009342774216117511,-0.012156321665472425,-0.011239201551450528
2023-05-03,-0.003912812473987559,-0.007915791544407913,-0.008151297609184205,-0.01887943938187031,-0.011444597728690775,-0.0013470460738944645,-0.0038194735025683935,-0.011037357366265321,-0.006256753572792317,-0.008427541513617132,-0.002783476673832941,-0.006864131430750708
2023-05-04,-0.01605469350130584,-0.007703179564660045,-0.0024781651791151438,-0.011140884352143443,-0.012828487030677738,-0.007942399255979504,-0.010896945181904094,-0.0064680064204187815,0.00930762705440591,-0.004789185669054619,0.007639326596745377,-0.007082850981939615
2023-05-05,0.01249787159484339,0.020239936559058647,0.009284539321286367,0.027141416922285,0.02472273521858881,0.008987751177284675,0.015097326690820756,0.016849639426528507,0.015459532118727193,0.025078007700713334,0.006414977648140141,0.018512606346502203
2023-05-08,0.010114765957899507,0.003396846301087608,-0.002980007348762248,0.0,0.0015464648144922766,-0.0021706014596987178,-0.003617526904994617,-0.003264026218244176,-0.006944693726824602,-0.0005288303279655793,-0.003042253191402944,0.0002665287302792141
2023-05-09,-0.0062796059672523,-0.00027084047432412994,-0.003118909522374924,0.00037395562252462433,-0.0037059211848822216,-0.0066766879634331255,0.0022186655239915254,-0.009067709698266757,-0.0032273582298781855,-0.007674263785754087,-0.0013076442151053191,-0.0043855750163579454
2023-05-10,0.0088811733166001,0.005079448961443855,-0.0015642794425753115,-0.011338200504846685,-0.005579590321054484,0.0027943758888513415,-0.00362270401705711,0.0006354599667963701,0.009444143325607612,0.01220032468346055,0.009166229479769639,0.004672756551882706
2023-05-11,0.00998825509395318,0.00464972543497999,0.0030030719667388794,-0.011972437894126275,-0.0015587042201870016,-0.0030878108339715826,-0.006060115988708703,-0.009780343312157602,-0.010424995811548543,-0.004478924984041677,-0.01023639513856478,-0.0017441049146068588
2023-05-12,0.0008380732622168541,-0.008451204221461506,0.003905261093870349,0.0015306299445165816,-0.004058706801052914,-0.001359848378579387,0.000711387903739924,0.0017957415599001436,0.001890915595230469,-0.0013231726715055014,0.00553532657237521,-0.0013103448116247307
2023-05-15,0.004689306784026126,0.0012851943302645275,-0.002463815080485321,0.005094410230645385,0.008150431090727883,-0.0017398925533622656,0.004874087032511465,0.008450865047908929,-0.001887346781767163,0.008281121910323375,-0.012603141357171,0.0034500680249407445
2023-05-16,-0.0011669537769563032,-0.004053549833152981,-0.008449283063552082,-0.024581973748895147,-0.009328275345696024,-0.008335834694201849,-0.013540658750215373,-0.016506002018495614,-0.02674215884313358,0.0010509892733714388,-0.022153715259308537,-0.006682800209454776
2023-05-17,0.012182936580621417,0.02082499909660762,-0.0005244386899588838,0.019225883994866466,0.0200879229696016,0.001222688273033068,0.01720942468903175,0.0065840733871385115,0.013044846752654937,0.01332380492310059,-0.0036010243576012346,0.012139093652264288
2023-05-18,0.017972113596983696,0.015549111174458341,-0.004852865266839257,0.007264796110985738,0.007384721971702035,-0.0024424517481284047,0.007250676055870597,0.005899656158076638,-0.0063016708369988406,0.020467656958085056,-0.0030115826543637425,0.00963311895178287
2023-05-19,-0.005345153869055985,-0.008375203885067739,0.0006588985418203297,0.007718649412714829,-0.004276206792449111,0.004667151935910052,-0.002399360788855165,0.002550046144185192,-0.001654047705648476,-0.0004443919546940345,-0.0015104034015889223,-0.0014548509682157373
2023-05-22,0.00911905276614089,-0.003101345494726515,-0.0151476522226065,-0.004143773371162673,0.0018404865253967007,0.000990160175892596,-0.00020047438925652195,-0.005214272072393444,0.006628095077792162,0.0019051290121754327,0.0003026267543948524,0.00040603477346823347
2023-05-23,-0.012425333964292906,-0.009134279235283316,-0.007355629999669988,0.010717641396705613,-0.011634980095154734,-0.010955758799985227,-0.01202895106738544,-0.015469172341496584,-0.01234590733751173,-0.014767417377490988,-0.003478072943692956,-0.011222767954280233
2023-05-24,-0.004575139297770425,-0.003674080276309555,-0.006467485397785078,0.0043660261731144345,-0.013011246116958586,-0.006846173880373674,-0.012885551355236058,-0.011427093718304526,-0.021944356281737076,-0.007333647710398572,-0.006525101505694408,-0.007244997517253493
2023-05-25,0.0,-0.004491881627783911,-0.007594366332200231,-0.017761579224260582,-0.0003137673891513426,-0.0102238113727392,0.003289273299224682,-0.003546593743362303,0.0022718508189465414,0.03836438657421337,-0.013441179884967847,0.008660024246830433
2023-05-26,0.020354678075926058,0.023504543173336945,0.0034162785084288494,-0.003920366523734176,0.008163224886031273,-0.0020345535590630126,0.007478554740965704,0.00500928400578271,0.011617984708758744,0.028396792336775167,0.0,0.012950739159889313
2023-05-30,0.0016086702500659467,0.006712078503986918,-0.011439415078622117,-0.01028298041857989,-0.00031157471927778513,-0.006194620279150853,-0.001525452884074574,-0.0053777306916074075,0.0030813159672162804,0.005340273985776189,-0.003870617920831987,0.00038091223939451524
2023-05-31,-0.00032126810061039457,-0.009020344446295847,0.0011019658307911406,-0.017573072330410056,-0.010591772802502342,0.008600282411183269,-0.013646846617009656,-0.010681766868411158,0.006422976644403722,-0.008330335460763671,0.009170011167194625,-0.0055451115302845855
2023-06-01,0.013496136082636223,0.011806452066284168,-0.0008253352099815148,0.012403878075954111,0.010705159418881838,0.006571174139391678,0.012803293266403948,0.013329785219674317,0.00027713791002748067,0.010165726742416892,-0.00739250879220299,0.009500885814436755
2023-06-02,0.0012683046758170669,0.023468211705701236,0.013772268446898606,0.030435811181815486,0.021807014431094007,0.012823716208766767,0.029055109429890758,0.03354363342228672,0.021081972812504235,0.005724615451706105,0.010395718614896632,0.014461138742315915
2023-06-05,0.0025332085094731394,0.0029937875838899064,-0.003668221213942058,-0.006633128633979135,-0.005182894244029068,0.0036061814248185,-0.006934938813162095,-0.0007635990562259165,-0.004618471870682761,-0.0057518386726531645,0.0047604747019767135,-0.001916284000555435
2023-06-06,0.0041060701179584935,0.010414494285609699,-0.005044756528892913,0.00806316365482962,0.012565012115071994,-0.008333785522263382,0.006284967407039321,0.0063685675264504304,0.006004413530401598,-0.00024127354837355508,-0.0007642366573746839,0.0021773131532851764
2023-06-07,-0.011167023793532072,-0.006787534837223386,-0.0032890234966805876,0.026496782667418284,0.003934332012991648,-0.00393210585016035,0.016060258379329007,0.01189728724005712,0.018448367085696304,-0.014948844150534213,0.016977587946387596,-0.0034575769195170913
2023-06-08,0.0050898501534586416,0.014807124774369074,0.006874600208988779,-0.004261404960672732,-0.0009042482284336018,0.006424677986664129,0.0017562497088199347,-0.003627243764068422,-0.006126978675195627,0.010831184902251989,0.00436155361691859,0.006048478317049355
2023-06-09,0.0003165398547506637,0.005175611755355414,-0.001638616295256412,-0.005502604389257093,0.00030195156735657314,0.003076282919393325,-0.0026297171042309886,-0.008285267775759997,-0.005092331164938679,0.004963796660047315,-0.0058399354790165114,0.0017943358319782998
2023-06-12,0.011865144046335097,0.017183587857487304,-0.0002737599960594972,-0.009590718234991136,-0.0003018604201295849,0.0036037260244188296,0.0071288843968808635,0.00455696483626955,-0.0005388389927710735,0.021745868346082275,-0.001807595196041345,0.009072020142689263
2023-06-13,0.0032833776227212397,0.01036781362511996,0.004104673157273808,0.004717673783955156,0.006035151624121715,0.005042387939036441,0.011635723689680022,0.02318539576637213,0.007277558194187517,0.0060722805331447915,-0.0001508845415738591,0.006592739059900987
2023-06-14,0.0017141040069605928,-0.0007244337996600292,0.006131613366356037,-0.010255920074156766,-0.0038991709780056283,-0.010262223622220068,-0.0026837029842176063,-0.004186944993485042,0.005352000466731566,0.010313526866269518,-0.0006036927577955931,0.0011908621011540443
2023-06-15,0.015868372340848147,0.0065236844384146675,0.01002164364348368,0.010986500196272564,0.013248969957418977,0.015514583049756947,0.015088763923422954,0.008533346565041011,0.004258739097066977,0.01287636928686764,0.010872906508879288,0.01239787076504073
2023-06-16,-0.008269687375736856,-0.0014999466386836913,0.0012068001967184827,-0.0014819688213179028,-0.002080312541809959,-7.536545237918357e-05,-0.0016093200622736559,0.002452085682074445,-0.0010603676808254026,-0.008246118153811932,0.005377664651726732,-0.0034062529744640635
2023-06-20,-0.0048720977458774906,0.007491694441323693,-0.007606839200290039,-0.02238197906991557,-0.007478353928156434,-0.001124047418861629,-0.007426622144099171,-0.013533806350250588,-0.010741492149115794,-0.006758245721691369,-0.011727759940259652,-0.005188292384473714
2023-06-21,-0.009947122278642029,-0.012015163037423005,0.0035333987741434925,0.007912180678840475,-0.0012056028071298908,0.00015176588574949967,0.005563481504858858,0.003240027405932544,-0.0043324704476332965,-0.014796583024213605,0.008032795048599661,-0.005123619864388362
2023-06-22,0.007849303676815689,0.01276629118621564,0.005823312260645475,-0.013420908202178894,-0.007845484983741713,0.006842151262377971,-0.007249824001673066,-0.002360007741877501,-0.014142113930610267,0.008159783927331299,-0.007668117271106056,0.0036097822739908914
2023-06-23,-0.0021807028967006925,-0.011589771288167627,-0.006597259255371024,-0.0071870305126239264,-0.004257593047218844,-0.0033221987620321025,-0.007590968456838154,-0.008092756829184866,-0.0107584744290673,-0.010850381363583184,-0.014696953222021691,-0.0075602872330049475
2023-06-26,-0.009990661511290355,-0.012813565178404152,0.0013553414487781357,0.017967850318905354,-0.002138356980692424,-0.005681769836205053,0.008326875386580168,0.010418084795354332,0.0223088359517003,-0.007174566916111957,0.009841571246331338,-0.004085668964951439
2023-06-27,0.01687158580015158,0.021490237706686788,0.0029779170310637593,0.0022859943862274523,0.007958474543068084,-0.002285816975106658,0.012002966203667809,0.01416150527551241,0.010911121403776036,0.019708526669463877,0.00030463924502366346,0.010963382020643841
2023-06-28,0.004496836013063277,0.003955812761694988,-0.006747888415490011,0.010135395406941639,-0.0024295109602514575,-0.0032072671671132813,0.0,-0.0068594677811721905,0.0026983954672794574,0.0005856850906635902,-0.014766372756869428,0.0005043104234006002
2023-06-29,-0.0054028547217371825,0.0010746749743000272,-0.0009509807438770057,0.01153892868877171,0.017351677682367894,0.006511877985046155,0.00967843711846661,0.01258022881335319,0.00914944526072059,0.00175611789713348,0.0,0.003941423498616148
2023-06-30,0.010088414096600662,0.012702744641066133,0.008704083124770667,0.006447939780349632,0.00867765622611838,0.010275388371112415,0.008551790885650945,0.009378886047597623,0.005066953474361702,0.01589348985427108,0.011124703161278449,0.011800624690042838
2023-07-03,0.003380612269273664,0.012072498157656097,0.00781977914991172,0.002340454306196893,0.005635938341550739,-0.00821179740203537,0.00018638956800365314,0.0037407074798934126,0.007959535077668445,-0.002128101276565375,0.007487853099973796,0.001150513786585261
2023-07-05,0.007656977186840219,0.0004072455497778904,-0.0017392681276652278,-0.00553072153948464,-0.002064655894617351,-0.0005319152177848396,-0.0054033253687855165,-0.02464534016183617,0.005001153539051062,-0.0061676278886336755,0.011375754565863039,-0.0014870254124098592
2023-07-06,-0.007902704357782064,-0.016111300483439006,-0.0025461716854483507,-0.02249443239493898,-0.008572428188776793,-0.00798041354149559,-0.0074936449225903035,-0.007272278800440568,-0.005500136418701951,-0.0026679906120238295,-0.012147626513358434,-0.007830715743746053
2023-07-07,-0.003523420239369135,0.0012414221243792767,-0.013032368569515507,0.02149466671367528,0.0014910518107855708,-0.011645873778291849,0.0022650821216319006,0.008691416529998275,-0.004740682602646484,-0.004361519142423997,-0.007287241395242616,-0.0025247359931801494
2023-07-10,-0.0026133911121409836,0.0030702565846738583,-0.00027222657904935055,0.007797701181927685,0.0044656025354143924,0.00790699644275028,0.014218459550988438,-0.00024632575685978875,0.003440240526087157,0.0026283024685971323,-0.004281808176193946,0.002531126419153873
2023-07-11,0.01741670627879377,0.00835818087636886,0.001497766593211658,0.021984967388492205,0.011855213672802067,0.0002307687846099249,0.01179099664663319,0.009849984884450214,0.011339480999005724,0.002155466305346021,0.01244047891172717,0.0063686144810561895
2023-07-12,0.012119619909074952,0.008989812185125068,0.002311432141477443,0.00925383020049253,0.006444037285433968,-0.0026913523249649796,-0.0017433271811161388,0.01316740766550728,0.004693819103279484,0.011335535039949995,0.014563047768823223,0.008045754168282349
2023-07-13,0.014668401773550999,0.009372163132196132,0.004204966960733358,-0.0038105081054180534,0.003492307703053532,0.000385419263293052,0.0012867308118427179,0.007821829989014706,0.006747895724588782,0.013047233229727118,0.0034389697722472246,0.007936793149778687
2023-07-14,-0.009440945922270183,0.002579176034903652,0.0033770793540972566,-0.02641647863008978,-0.006670169365016632,0.015029084511688273,-0.0029377164618747953,-0.0058506383918300875,0.0,-0.001475087108644746,-0.003874026547797227,-0.0006226748340860677
2023-07-17,-0.0035740828925862056,0.004059140373688042,-0.002961546694700168,-0.001964383712505846,0.009634659126210865,-0.004555708609842779,0.003774979616709029,0.0009607187655740201,-0.008507432100963164,0.01278484401284019,-0.011518335004815805,0.0034722161018971853
2023-07-18,0.006875054254086521,0.004099532292207941,-0.0010805313245673132,0.010087359308862176,0.011278283765880914,0.007398606722100798,0.005595394668818088,0.007799499571306434,-0.008320346583865046,0.011332843634473733,-0.007718078976435283,0.007430576751312978
2023-07-19,0.002820105389359062,0.0035156758800427568,0.010138085712987799,0.005845884119521916,0.004289265729042535,0.004618817276378806,-0.0004562644144929795,-0.005357783460790522,0.011012252332907035,-0.002496261565316904,0.010217923234671522,0.0022237158274738267
2023-07-20,-0.01983427150364614,-0.034073592102429884,0.008563981589638114,0.011744629112666827,0.007403171359157357,0.016581370505807103,0.004471745729228704,0.0023940854692188207,-0.003371761285525965,-0.019965535651592203,0.018267164928919,-0.006634425064858895
2023-07-21,-0.009966763947278467,0.00023399036632931747,0.0034499220434467404,0.008855935231569356,-0.003391512580919853,0.010083101333140165,-0.004724184118551467,0.00011929290577827878,0.00442387277016687,-0.0005107687144225714,0.014974082485575968,0.0
2023-07-24,0.0018305624421912636,0.0065505633843003785,0.003834246804274466,0.016132863234017192,0.009642515963940168,-0.0022019775282169363,0.002282042639772497,0.0031047197298512685,0.009585538629430568,0.0017601055179634617,-0.0026293455748700456,0.004467271138958395
2023-07-25,0.003197075106123215,-0.00232440447527138,-0.00026329673018166133,0.005253381866414886,-0.006460545827864261,-0.0004414382056741051,-0.0012750400000812734,0.017973901482135624,-0.007441636925891726,0.011448635950842778,0.001757660838164643,0.002730205902592653
2023-07-26,0.015632073885317288,-0.00023286360212582125,0.0011856380754711182,0.00034849924404056765,0.005937445681509779,-0.0006625678228677767,0.00702160026901999,-0.0033910802360657133,0.00361946784022682,-0.013448374203192559,0.0,0.00015357194574394661
2023-07-27,0.008368504780132735,-0.010369352858230707,-0.008816835642219245,-0.006384976910340012,-0.012647744104148151,-0.0073643299102582604,-0.008602760071125926,-0.0064532359917450766,-0.02112325405295723,-0.0028966917052618557,-0.01769023902394573,-0.006630048719616699
2023-07-28,0.01970937639679038,0.016953257112940046,0.010355755601794137,0.003037597021810612,0.0019924798375137165,0.0029678719410635157,0.0062111954906836075,0.006967502771453304,-0.0028945436606457875,0.013614291845725601,-0.002232485427953068,0.009790335605143863
2023-07-31,-0.00029084616737917734,0.005672641159603309,-0.00459924114968302,0.018986504625118528,0.0036932862213299167,-0.007693194188543306,0.002360162351285,0.005277452249004666,0.007917410350563037,0.0023041007079718234,0.000447558387469682,0.001904141921175606
2023-08-01,-0.0013082707629475943,-0.011338887457392977,-0.0054127011132342195,-0.004686602312213295,0.0,-0.005217836760829098,0.002988617713264752,-0.0044332307030855445,-0.0018328988073653685,0.0016820836578961273,-0.012225943325378186,-0.002861509882740698
2023-08-02,-0.01877698167331121,-0.017931016904176644,0.003583902946225015,-0.013093100555097159,-0.008491571434345535,0.0006745123717410983,-0.010474058051201163,-0.012420854367490297,-0.004197112639262146,-0.024741082655523994,0.0,-0.013910870418613386
2023-08-03,-0.0025222477588344727,0.0023712062646341625,-0.002777537850412126,0.010124815513483432,0.0005710520134636354,-0.005017284293572177,-0.0062961165055601676,-0.006169719896615411,-0.013698776538311086,-0.004075112566297223,-0.02279259729591232,-0.0028658701146622167
2023-08-04,-0.0022307536031888064,0.014548499823511918,-0.009946936862693767,0.0013822381478763024,-0.003994283837461365,-0.0035375074327023137,-0.00606051739121527,-0.0022686292031660615,-0.009882414237430748,-0.013600720587937154,-0.011584790043615567,-0.004522815605686459
2023-08-07,0.015501623726449809,0.010259513986082602,0.008171885012153046,0.001150548948190222,0.014036515748685696,0.011556013213312566,0.012287529093404581,0.006581517862254804,0.012678604773221025,0.0028043899797072225,-0.00015631863609766317,0.008728491776003544
2023-08-08,-0.002788647292353841,-0.007962634668041924,-0.0071754219198020275,0.004941472152944604,-0.009039747453849278,0.0076905756170051465,-0.004563397460533247,-0.010580156607339908,-0.005061216972773064,-0.007690505268281744,0.00468898722900235,-0.004348656336598977
2023-08-09,-0.01074497194436197,-0.011865338449175256,0.0014722197451364494,0.012578661051136919,-0.007411952350415474,-0.0002963895402668948,-0.0005501239458757246,-0.004085084895537494,0.002409632010937912,-0.012916845851540404,0.0021780031617577578,-0.00668524156652317
2023-08-10,0.0034222424388590245,0.002413362486474835,-0.0020045406906163965,-0.00011306028389512779,0.0008616866059254491,-0.0006669255244694527,-0.0027519875871898636,0.0007238772832993678,-0.0032047809059937427,0.00011905506935749877,-0.0031046618467407416,0.00035894680416892477
2023-08-11,-0.004744912813148594,-0.0034057943402644453,0.001606787054330594,0.015360483011720216,0.0020087180267664984,0.0062300617377317735,0.001655763809451205,-0.002772888190218592,0.001875513167375109,-0.007374889035555832,0.005450127639651692,-0.0005830171032084053
2023-08-14,0.007300209811957004,0.003063740619632105,-0.004946524507986716,-0.004227196662414001,-0.002004691167480366,0.003022182421599018,0.000367331157341777,0.0021759973549189127,-0.005349385029814413,0.015937666430204223,-0.007898570060369425,0.005519965181954856
2023-08-15,-0.008874415292988158,-0.013627705513191257,-0.010748376166809459,-0.020777335576167677,-0.01836460212094726,-0.003674434470423593,-0.012760454489674666,-0.01628439879506116,-0.010217357906717184,-0.00984896244291944,-0.01623461746680377,-0.011648832108919538
2023-08-16,-0.011938343915739558,-0.012386793962940623,-0.002308808343276514,-0.008669857022284289,-0.0014614406046404849,-0.0075968032644289085,-0.005579284591960776,-0.006744639565545829,-0.012225361600982865,-0.009530036626674843,0.004442899594987004,-0.007338229443924149
2023-08-17,-0.011478591639041302,-0.016944033876941877,-0.00966528299845859,0.011967804281080685,-0.004976334367327695,-0.007952785690077735,-0.008416067718288955,-0.0019751481560676964,-0.007425491137272089,-0.009501554031407511,-0.0022116567514525176,-0.007619657523226575
2023-08-18,-0.005958918896498577,-0.002269760753884742,0.003711494848041008,0.009893109339750294,-0.0002944387440905194,0.00037456476830088903,0.0018860942133582803,-0.0001235723445093262,0.0027705696441537864,0.0015178645083628872,0.00522491622796295,0.00048122835497954597
2023-08-21,0.007224111261284083,0.011496610829043297,-0.006710647099084754,-0.006305747567335929,-0.001176806979052758,0.0010484727751256528,-0.0012236608116307224,0.00012358761652087047,-0.008565491274766246,0.019095654615559177,-0.00630034307164784,0.006506230353820808
2023-08-22,0.0,0.0014585438814811447,-0.005652544757824174,-0.0077051946703476926,-0.009428612105281009,-0.003516156253338454,-0.0023559498563539005,-0.0008662061430652068,0.0030655694782912857,-0.0011304421973240553,0.002853146623626568,-0.0027087028977309524
2023-08-23,0.016175875623490654,0.008011209505873529,0.0066554031293903915,-0.0025124765426419726,0.009815322315634534,0.003003540006896399,0.01029656292593173,0.0016097344153351845,0.014726311657535573,0.018044424102498846,0.003951315996802096,0.011137812060772134
2023-08-24,-0.019222334477946634,-0.019567774249115266,-0.007988886177953458,-0.006868637724190996,-0.0035343657511263116,-0.008683089829827684,-0.012155299181294321,-0.0042029395401103065,-0.004654893678719851,-0.023047735377408007,-0.005824942046010029,-0.013859143561956944
2023-08-25,0.0010718503438096327,0.011176721154562586,0.005553851407006816,0.009682792713725297,0.004729635938280685,0.0073239932485051895,0.008424200331333953,0.0029792554690495354,0.002750985102153658,0.010179111582544031,0.007600853074678504,0.007049943717474472
2023-08-28,0.012236102350029698,0.004008280367099104,0.004556700623237431,0.006735900941493789,0.005589628883617026,0.0023238569193524405,0.008165997102409728,0.007301981027452831,0.007956236698302588,0.008179705731707454,-0.0001571374452036256,0.006341159477345704
2023-08-29,0.022212420310276926,0.024981887245026257,0.003574166921809896,0.002721689594421095,0.009069726101316844,0.00897383862809309,0.007634307376139349,0.016587014848732817,0.011431648779482328,0.020048320429066013,0.003772481978686404,0.014454976099873784
2023-08-30,0.00014780000221636946,0.004308012016479124,0.0016435399199259404,0.004976173034455744,0.0005798767460378773,-0.0007410151467491799,0.0045273754625803075,0.0022963034379201996,0.0034982236515901377,0.00755037658587554,-0.004541226610378479,0.004118729077884575
2023-08-31,0.0010345637605027047,0.0031143559912416574,-0.005059370066548219,0.0006753336852567404,-0.0037670144451674714,-0.011941916362074978,-0.004506970713959446,-0.0004823196093961535,-0.00724030071800108,0.0048625489001614675,-0.009595678431224774,-0.0014633606725770187
2023-09-01,-0.009301450900503494,-0.006092220970902784,-0.008521349218555851,0.020467833495480425,0.009016614500812148,0.0027024285963102024,0.005266517773384161,0.011219707871053863,-0.0005402849617908156,0.0030740272255287415,-0.005082571395208624,0.0018653099752830027
2023-09-05,-0.0001493642844356824,0.0007072254405044998,-0.008594471954862848,0.005289900447018825,-0.010088993741150243,-0.01033161000687366,-0.01681990527156807,-0.018492134278923378,-0.010000046827927545,0.003575433186825183,-0.015325740975969615,-0.004322194489414399
2023-09-06,-0.0031301785393331727,-0.00889347064353474,-0.0011183275754257371,0.0004383596051393823,-0.0005825261038904239,-0.005446683453112056,-0.004300167510075559,-0.002187997861122115,-0.0019108425750907765,-0.01057515823613453,0.002269744984329858,-0.00672223234467384
2023-09-07,-0.0017941381888774144,0.002793172023157764,0.0023797005138965766,-0.0009862220654394127,-0.002622370898349713,0.00448764501733856,-0.003286211546399742,-0.00450718364083047,0.008205433123026795,-0.014460562244494435,0.013102684982408963,-0.0030703020367922607
2023-09-08,0.0029958806640868474,0.0,0.0012564357656750236,0.009652426243375034,0.002044984517714399,0.0,-0.004992507224506393,0.0009792191130595373,-0.006511334300735472,0.0020878012023315407,0.008781751969616725,0.0015061973984484833
2023-09-11,0.015083630329429942,0.026903772769837797,0.008647445426615663,-0.013145168766346194,0.004664594446521564,0.0068907205878046,0.00028409521556360673,0.004278521757542508,0.0005464175033624841,0.005208718500858911,0.0041151349704404705,0.006576574834277427
2023-09-12,-0.01044578950008268,-0.009060070576999646,-0.008573308211729302,0.023557975905396766,0.006674272761494127,-0.0012785375234563023,-0.0035963612966383174,-0.002312697295500876,0.0,-0.018135869960178685,0.0012610618479007574,-0.005485640985070206
2023-09-13,0.0032710409217437952,0.00791980882824439,0.003068574991454298,-0.007528479302101765,0.0,0.0001506655957770331,-0.006649058324996071,-0.005856334032323884,-0.010098301436979429,0.002521627772330337,0.011964703192298476,0.0011658960317628697
2023-09-14,0.013929719768341231,0.009822176159361984,0.010150182278371389,0.011703487855633465,0.009224885039181174,0.0031622324359530385,0.009848997176533425,0.014113775758134217,0.018196922535584692,0.0072526331294098245,0.014623568507665441,0.008622478533369948
2023-09-15,-0.013299938350385454,-0.017107258563134886,-0.0082586484696201,-0.014460035949023675,-0.0051413746641968405,-0.007880449868262751,-0.005775986205159067,-0.011134309899514028,-0.003790983161026995,-0.019220738890580513,-0.004293224067249524,-0.012048317343959836
2023-09-18,0.0007127113834515253,-0.010875594392138477,-0.0003494697927478585,0.00847420804698773,0.002739699912363225,-0.0015190703410892237,0.0011092854421856924,-0.004156626982713907,-0.008739955650077902,0.004806097842033896,-0.0007450874053742673,0.000586503123567006
2023-09-19,0.0007418740783520228,-0.005011157684538858,-0.002376237032086004,-0.009336665869829175,-0.0011503337559851667,0.0008365470464564151,-0.0042028231828323825,-0.0008639375787716785,-0.005251413233658742,-0.0005315483482474237,-0.005437274891737065,-0.0020739709178729804
2023-09-20,-0.013641951077277836,-0.009954410148111936,0.0009807743348151376,-0.00931510994691398,-0.006910524592851908,7.615731794086145e-05,-0.003933036325504902,-0.01050564962736944,0.0019448161476005588,-0.015715533889180566,0.0009371169129517298,-0.009193264252657651
2023-09-21,-0.012327000291471268,-0.027290776845138254,-0.012878204619185873,-0.013716828034242234,-0.016526718535570528,-0.008740663999946552,-0.01637120357651667,-0.02010984900659374,-0.03466435625215236,-0.015246025259610718,-0.010455741273978525,-0.016528288661974977
2023-09-22,-0.0012176396900814845,-0.009844307701408983,-0.005388279530203821,0.0016822498422481846,-0.007664893113077831,-0.002070300276244219,-0.003426733805740767,-0.0010198580626613607,-0.006894575680990611,0.002133407249040653,-0.001892394736195846,-0.0022486477088833334
2023-09-25,0.0024382482880527245,0.006151861862782271,-0.0035645262473849026,0.012540886381462668,0.0023765361772265514,0.005455374100598487,0.0050104211647075125,0.007911019707655509,-0.0017357011731869987,0.0032238104954505076,-0.0014219215800204132,0.004205356452049891
2023-09-26,-0.011097531751020462,-0.0182189682906837,-0.007440172650401533,-0.005750326838362074,-0.01333702990041219,-0.008482439607463754,-0.015249254262195366,-0.014432127404332085,-0.01767590407742503,-0.01800669997034854,-0.029905100605729262,-0.014691469715143013
2023-09-27,0.00261348286814278,-0.003837051906193656,-0.00821658451484597,0.02491364497490256,-0.0015020829034447791,-0.005009551165718884,0.007444799961314752,-0.00012863269847329661,-0.0088497184062456,0.0015434160065166402,-0.019246491863002646,0.0003992031649857619
2023-09-28,0.011039650079863295,0.01117690560888529,0.0030519335375285284,0.001085261274276883,0.0072201733569996485,0.004802380884745494,0.00423668261223864,0.010791760165563824,0.010416701760217695,0.0070892897028993485,-0.021619810486174562,0.005797397590904252
2023-09-29,-0.005611376037046201,0.005308335865266578,-0.0028978390226833683,-0.02016280160399353,-0.00925924384080945,-0.007554621861161626,-0.005298207393514054,-0.0016523352845194683,0.003534550939328973,0.0034277159391642442,0.0016998606913902758,-0.0024267961311514874
2023-10-02,0.007472911805210147,0.0008074918332110492,-0.006830621169656492,-0.01991359344831023,-0.008441232308026736,-0.0013982524636985127,-0.009765078711176822,-0.013240048127383997,-0.018197731528638572,0.010736224509034331,-0.046496005837800114,-0.00039770894247748156
2023-10-03,-0.013472442195634593,-0.024331254066051855,-0.007169695012768984,-0.00067732358835626,-0.01581046284012133,-0.008867377150655886,-0.006972779384573302,-0.002709192419491413,-0.018236036515815512,-0.016959253716723355,0.011568073091118736,-0.013385947931109143
2023-10-04,0.00951346575849299,0.01972126001578456,0.007958618889628344,-0.03140166999923155,0.007414413224657412,0.004237836536290951,0.0032099544002313074,0.01177221127568373,0.010657640432124582,0.012463041392115182,-0.0010557116294176438,0.007281760752286592
2023-10-05,-0.0013680528928602387,-0.00499064728354448,-0.01973983917520994,-0.006180742052682264,0.004599543971618436,0.005470503786868308,-0.005899498378024726,-0.012146681244439406,0.007231225463827151,0.001334135359079447,-0.005811748054405652,-0.0003766382313598049
2023-10-06,0.01841706241204677,0.007022243874730716,-0.005519039389018765,0.005984478510957736,0.008547121272448166,0.01049279399384817,0.013679416331283667,0.009448567889777548,0.0038884481717595953,0.018712451018262355,0.014171789425188486,0.011872627045437678
2023-10-09,0.01076075543176147,0.001058435843491079,0.0009000245214600966,0.0333604924507509,0.0006057049803942505,0.0034614229014509057,0.015677716581800505,0.0012821612916000813,0.01311102455141655,0.005171894063788596,0.009956133177540627,0.006402271751564159
2023-10-10,0.005766572202216658,0.010946543614970938,0.010190325363499397,0.0012417128560195945,0.007259301980048427,0.004752439714127199,0.0060571232625281635,0.010628558715195746,0.0035294143034223513,0.0015376697868598743,0.013663248335837652,0.005204839419969964
2023-10-11,0.009115264002177659,0.0035682050335534843,-0.006824175727677906,-0.012852342252758997,0.0015015123647259543,-0.0044250085518307,0.006020347235865309,0.002407725922027426,0.020222711675928373,0.009270548021211411,0.016208939240483833,0.004096402013420208
2023-10-12,-0.011800961151179457,-0.010912092761735437,-0.010903470211446775,0.0011421519781034117,-0.006296992587815464,-0.008582187694694876,-0.009073126605171788,-0.014916060114452234,-0.013214774011598873,0.000936204007603747,-0.015446720159375316,-0.006096673864771973
2023-10-13,-0.011204592970930127,-0.014689431478552839,0.008758656197804804,0.02201672040402891,0.0021122786311627006,0.00626070172103832,-0.008864300951897275,-0.0037212549466298928,-0.00029109565842722063,-0.014320881988397538,0.011255022072755638,-0.004980730214486528
2023-10-16,0.016102747162914488,0.01616630216359094,0.010329308715020469,0.006697261554651446,0.01053919152806948,0.007527285512437976,0.010614194464568572,0.009788851992719394,0.010192108265885791,0.009607066291520416,0.010286771874806533,0.010521349064222862
2023-10-17,0.0035216538743736425,0.002352721780914502,0.004296950351149853,0.01042232105748142,0.004767353459680379,-0.0013721663245641613,0.003111936029588369,0.009821586951853645,-0.005188669297429449,-0.004640326993125221,-0.002670692290363319,-4.5823920607812596e-05
2023-10-18,-0.017253997106742025,-0.023468620799316442,0.003688395587947202,0.009107987560446729,-0.01720047134382585,-0.008702998716832,-0.024139465390361936,-0.025893866125738407,-0.022022580265417036,-0.010268006565072096,-0.008702923650326322,-0.013325091889134666
2023-10-19,-0.0010414757284736842,-0.025549980138564132,-0.007349743064444025,-0.0017399150251286022,-0.013276828062490087,-0.009857556936276435,-0.009239128207278569,-0.011669943691903772,-0.02459263871134565,-0.005723656387636611,-0.009961154232289715,-0.008786451177968946
2023-10-20,-0.009234618905186065,-0.015511442295984001,-0.003850093497835605,-0.016775564185174008,-0.015290629739885153,-0.003966705057075082,-0.010327989214334421,-0.012070717479698567,-0.00516409688670505,-0.01691050513861536,-0.010402479097796014,-0.012288052505455282
2023-10-23,0.005261631309250614,0.0011864289404694972,-0.001932487004568717,-0.016175304001090685,-0.006211225444456181,-0.006246996636232627,-0.0046604578674577235,-0.011155143996436578,-0.008549455613802603,0.0011589044322102282,-0.008443774290034622,-0.0017331547268149006
2023-10-24,0.011814082039221407,0.010667159723935837,0.008489674844718742,-0.014076830595911027,0.006875000699994249,0.00306446565914964,0.00753257675907304,0.011818401105553988,0.012626980119669229,0.006884722137584287,0.02572106358754933,0.0075393921339754755
2023-10-25,-0.04330469281737748,-0.02019686058698189,0.003396909839278761,-0.0018275567677261684,-0.0037244344877356284,-0.008930591130273058,-0.012830841793991743,-0.011680357950241582,-0.020985434791465085,-0.011799468246720624,0.005591454073461399,-0.014352341080479447
2023-10-26,-0.021782791939139345,-0.01562602653609757,-0.006476339008820053,-0.007781170140685023,-0.0021805898044168215,-0.009880720223349071,-0.004196204172071782,0.006983708676618017,0.02112469961170782,-0.019104820260777533,0.008593206668668252,-0.011974465339797513
2023-10-27,-0.003632395552932377,0.010470145960812527,-0.013629607056022452,-0.02398791402511924,-0.018107956731770458,-0.016924727901587833,-0.00883849606049969,-0.0004002399079415797,-0.015820120828951012,0.005805681988511724,-0.018877533018923365,-0.004532738343679399
2023-10-30,0.020605565443524654,0.009158573235508838,0.01562023721961081,0.0033084496047357526,0.017805891284097042,0.00560339681600408,0.012442921200508827,0.010273467624250188,0.0030914414931348944,0.010737137639196481,0.007662186040440888,0.011955873258366223
2023-10-31,0.005124850650755075,0.00755148828963037,0.0035493378632249772,0.0032976380510354453,0.010934225828074018,0.005733544795476275,0.007373933630534513,0.004490271202990392,0.020030567201234195,0.007123091705430573,0.0086176818456829,0.006280166964760081
2023-11-01,0.014678578824184774,0.012360402093282374,-0.0010315041278338155,-0.0023477557836815155,0.006489515466945095,0.002087725129578333,0.0032534395883763167,0.000526005271262342,0.00513607797916471,0.019328203615019524,0.011392207991155034,0.01066469332251252
2023-11-02,0.013248039034057246,0.02610737752270631,0.012981216796847495,0.030238906698094814,0.023641386860452585,0.015865332321201908,0.020571610047697808,0.019316673136984486,0.030958789850497936,0.016928035920307893,0.018717993148182455,0.0191643412765532
2023-11-03,0.015329290793600014,0.014050384198605492,0.0011649822184718328,-0.010049985217249313,0.013197180863684599,0.004969353698532908,0.008837094906085197,0.0157277477985851,0.023615134959387385,0.010293252878936343,0.005853566629343776,0.009123381010599285
2023-11-06,-0.002664539198892757,0.00124835309746274,0.001600113654049995,-0.011306337029395985,-0.0029603534033867396,0.0066712407085463,-0.002657407881732743,-0.004949881518087507,-0.013671271183010147,0.006578886690008945,-0.0025865716915906,0.0023005628213188523
2023-11-07,0.005342965383757559,0.011158217074945354,0.002468718953713145,-0.022170321427779194,-0.001484335086103572,0.0007018673021659261,-0.0024670986953793106,-0.01938771333137923,-0.008374304529817023,0.010931714134206683,-0.007293224947673926,0.0028459733736811987
2023-11-08,-0.00472399750290875,-0.00265063749149963,-0.003911138700061767,-0.012529843680153974,0.0011893280190122812,-0.001402501058412109,0.0022751653372368175,0.0031216366972315335,0.005824279880910277,0.005664491424710372,-0.007346942087127051,0.000732411733296745
2023-11-09,-0.0002966877111389987,-0.018667548637096187,-0.00407242859604251,-0.003021102681824317,-0.004158058007020293,-0.020675705690488155,-0.002171403770600766,-0.008558021285853812,-0.015344655737537738,-0.0046651339181575935,-0.013157855303233212,-0.007798757139632295
2023-11-10,0.015875692885557458,0.01662863767732925,0.007009527422667583,0.011030298632700664,0.011333264924717312,0.0059751914024972486,0.014442568150895507,0.01177088779506641,0.011173389238391396,0.026121830025718662,0.0053333033323086365,0.015604934498928635
2023-11-13,-0.0021907465990829156,0.00427539918731723,0.003190183317660633,0.00719347371632284,-0.0014747367657113042,0.005781257919363458,0.0008775709257649034,-0.0014219463634262963,-0.008432867317523463,-0.005849129504116979,-0.011936358552802062,-0.0009532525822033566
2023-11-14,0.016246887707913826,0.03368501029897364,0.010262853940230299,0.00892747267055638,0.01890140493904413,0.0067715440762499135,0.020070273979782005,0.02951470758352115,0.05395876476376538,0.020003472220711416,0.039932867345886525,0.019400699264744414
2023-11-15,0.004896995407429827,0.0011935534327098818,0.008012348842084238,-0.0018876150028702687,0.005507425571149804,0.0007821117617461404,0.002101172899749759,0.004400667907953348,0.0022260899184944893,0.0012633659950300746,-0.003065377299049654,0.002117015713398729
2023-11-16,0.0044433718311978065,-0.010253234696284474,-0.012348829908775727,-0.019503545749820828,0.004035567636940129,0.004298252975396544,0.00019048458780046573,0.0030045004069034764,-0.00027771592733438766,0.0049926392377834805,0.0053405244496345095,0.001223302684197236
2023-11-17,-0.000142994006944841,0.0066855618037948705,-0.0012933683383289374,0.02097641472548384,0.005168156891171227,-0.002023167855225716,0.006384592482198581,0.0018722128634445223,-0.0011107065945118455,-0.0020744467534361544,0.002736675680699019,0.0012436122722896403
2023-11-20,0.011274549785321053,0.005145373590338398,-0.0007196919817700209,0.0014169306327151965,0.003998795220190754,0.006081870383221277,0.003030245434404444,0.0017441600049861172,0.007784290782295145,0.014496682796087734,-0.0030502546743258474,0.007697696229948647
2023-11-21,-0.0033870814542598104,-0.002559470668612951,0.0030243386804675865,-0.0022403073455125044,-0.0005689488517021113,0.006044980994491134,-0.0007553475950848876,0.003855158475121856,-0.004965550294903975,-0.008088434872233319,0.002093363156528305,-0.0021793547156037096
2023-11-22,0.00821318224612333,0.0030432350638505135,0.007178734627620864,-0.0004726352375236109,0.003985135882976998,0.004776238057173643,0.0021730129347898863,0.0006191996739586259,0.0030497107028946147,0.004457682035736488,0.004820961479822916,0.0038607637513985438
2023-11-24,-0.0033710174535561688,0.0009523335468615279,0.0037061805069180664,0.004138228523544285,0.0031186850353925877,0.005367090884209169,0.002450866187373224,0.00433360762154078,0.003869437987076507,-0.001948247623634658,0.002558724159932524,0.0006153298435043197
2023-11-27,-0.00620062197028548,0.0016046698713676477,-0.0028403362070646976,-0.0035324630448057004,-0.0033919518805658466,-0.006253373653988592,-0.005642332873540767,-0.0012330859691752627,0.0035793319896217923,-5.4406107228732736e-05,0.0015951293823863733,-0.0018010381794719699
2023-11-28,0.0024108199232382166,0.00575629291179558,0.004557951109405156,0.00023633893939667416,-0.0002831353005006143,-0.005141675357936193,-0.0023642810038387863,0.0019750159587723637,0.005486953934270344,0.001898253190995014,0.0031852439476738326,0.000990212131261936
2023-11-29,-0.007214731468737079,-0.002714224679523758,-0.008081852713328286,-0.0074425728166097604,0.007091797177944725,0.00030852457213947915,0.0037919649422619717,0.005173826213815014,0.0076399763389176645,0.0007577617831999728,-0.007937727340354472,-0.0007035020790051583
2023-11-30,-0.005842063394850938,-0.0014197705870890864,0.0100057653929293,0.0066652377422598,0.011267802491908618,0.012569453609221792,0.010954692218374307,0.009926424419183455,0.008123567871644921,0.0014604471743757674,0.004320573627124791,0.003937566357772981
2023-12-01,0.0020067495655295975,0.013686223866970604,0.0041041186977262,0.00520213601632924,0.007520791131187865,0.003960053126848884,0.015786911272247517,0.011406309705245476,0.020950831210146292,0.0022681675050215677,0.012269002304805321,0.005915794115564088
2023-12-04,-0.010012864723352166,-0.003799335597516551,0.001268394089788849,-0.004587125824458305,-0.0011055887942927889,0.0018962757527254404,0.0016553769105274174,-0.011637624475151265,0.005524603495786762,-0.012178006527742924,-0.003935128781469843,-0.005249346358470519
2023-12-05,-0.004623546625368347,0.001760431492995762,-0.007882759332632494,-0.017487997843690373,-0.0049821991885505845,-0.0012868551553875118,-0.008079279574322529,-0.013716673102637578,-0.004186037736097381,0.0060003465078322105,-0.007111189177579247,-0.0001970564017446108
2023-12-06,-0.0026129826167580195,0.001464250110045029,-0.0025539381495298663,-0.014912724260643162,-0.0050069242458044005,0.0007580986358040054,0.004442840941961679,-0.0020925750116567166,-0.0034158039950443753,-0.008458849398407131,0.013369243022762545,-0.004029771543733407
2023-12-07,0.02095770891345361,0.008245941795693268,0.004267462417619772,-0.006836729729163049,0.004752353382361241,-0.0012121237064632862,0.0009215587202522357,0.006783434448129011,0.0013181036815381741,0.012140276427447416,-0.0021987565334223858,0.007630426110675437
2023-12-08,0.00470410643130581,0.004582322549079532,-0.006940647628416952,0.010817475836215174,0.0052869830369128845,0.0016684427919793077,0.0031300495715356202,0.003675259548762577,-0.0021061897140449704,0.00853676803472081,-0.0018889504676224966,0.004299109572013071
2023-12-11,-0.007661882239174189,0.0026561722387823394,0.009556456312990846,0.0012159813181145118,0.006089011662311794,0.006587578140185624,0.009544853156945532,0.007079050890587801,0.0034298926773019822,0.008732677590681526,0.0064660520998947035,0.003889530902242866
2023-12-12,0.004146686590091431,0.0031096243480306374,0.0032496888188031647,-0.013725328763320888,0.00715260251095895,0.00428749035828524,0.004545437169428901,0.005817562102526708,-0.00026270709129450065,0.006638682425605058,-0.004074084816884871,0.004567212463758574
2023-12-13,0.009397719627785683,0.013089291652407908,0.01816614795529392,0.013916335036882721,0.016115954905217222,0.018425639869261268,0.011131308601352252,0.012170187426449486,0.036296517328668454,0.00881081850879073,0.03775967977144701,0.01379020038990153
2023-12-14,0.0043728362905324225,0.013430002248402184,-0.014660998870595132,0.0293938849855222,0.0099461580284399,-0.0048539570291649126,0.01288811989685934,0.016547415032552415,0.027664922306097184,-0.0024580268482291556,-0.01303833132162302,0.00320929808177417
2023-12-15,-0.002528318370873195,0.0020690119250530437,0.0,-0.0053096545935551465,-0.005855842009812928,-0.008498834148673473,-0.0013255046743196885,-0.0025764560410085346,-0.012101846195263888,0.005032961250896584,-0.017357864608096296,-0.001646461952551359
2023-12-18,0.012336787048462972,0.006204671593904143,0.010409479055192072,0.008167760267310253,0.0033364028708866567,0.0016319132238094003,-4.4436351209764524e-05,0.0015489979441447588,-0.002753745378805905,0.0029905088288550985,-0.0022564190606848555,0.005625087750699143
2023-12-19,0.01017838255678738,0.007833396969873396,0.0019597312799291,0.011998120404014934,0.0075088018178735005,0.0067273783237931095,0.007740131409675666,0.009207856196352227,0.006840575030813367,0.0038051005326187326,0.005693546282562023,0.0060808128834979325
2023-12-20,-0.007729450482059641,-0.018246026417573447,-0.019418998591041903,-0.009273181378220308,-0.01783325728825136,-0.014478662206599324,-0.016156015636674126,-0.015323324644668901,-0.012581793295695198,-0.01511064274287044,-0.020286211485891825,-0.013857131128872546
2023-12-21,0.00987631881232498,0.015216204372754838,0.006981212003411175,0.003909661172156742,0.009755870215397477,0.012205446351355453,0.010319412581074605,0.010572614742564879,0.00840977906265361,0.011230065016853974,0.0017656314555818398,0.00948181098642098
2023-12-22,0.00013736792668739284,-0.0073558064259834355,0.0076402589152035905,0.0029506014503890565,0.0021469777948173174,0.004986974849618742,0.004796216347027649,0.006229992261217454,0.004043336922937568,0.001303332316371586,0.003364774090253375,0.0020095969293656424
2023-12-26,0.0038564803989915575,0.004234490672236024,0.0042121498267364554,0.008590498763186183,0.004017330468197855,0.0022219038386221968,0.007071366663565115,0.004672935131975198,0.0072992967482017335,0.004165622046940376,0.00606833295115794,0.004222668065925861
2023-12-27,0.00013725234382078177,0.0034398367011176934,0.0046139872884318756,-0.004433682925334637,0.0032006032324813916,0.004212234548693683,0.0014922058993420695,0.0024417919613681782,0.005747200903563954,-5.191052008479691e-05,-0.0006349258445685901,0.0018080348792433032
2023-12-28,0.002743485259300682,-0.005197288750142914,0.000417578546388242,-0.015235065260716274,0.002924991386858089,0.0025756251109223527,0.00026293402700328095,-0.0038278609610160608,0.006211237738435349,0.0011927181670938758,0.007147421273585586,0.00037771224607752174
2023-12-29,-0.006018960746879687,-0.006169498488584613,0.0020866806838208962,-0.002261015559309243,-0.003181297504630698,0.0010274398485288216,-0.0012266568250191012,-0.003959016929387382,-0.010864051853763823,-0.00305585973867073,-0.001261640983430401,-0.00289492035951755
2024-01-02,-0.00564299614196051,-0.009283551053256955,0.011245427403272501,0.01073468637161512,0.004255126760643435,0.017597742815536277,-0.010088633078823905,-0.0017535565336859182,0.00923600174633843,-0.026184532730464616,0.01452706985707497,-0.005596449629076128
2024-01-03,-0.0037369009567996825,-0.02020876239877456,-0.007825261699021091,0.01628515460664448,-0.008474299689427145,-0.001657216129090644,-0.014888091589633445,-0.01077395855725094,-0.023744696010636557,-0.010189835182619622,0.00373531150274542,-0.008166614663216887
2024-01-04,-0.003334391558634908,-0.007028875021824699,-0.0013836508805518122,-0.017533604453060514,0.004006175852619531,0.004980360443755494,0.0012594306453506121,-0.0031964597716322984,-0.0025336981219608035,-0.007330437331280137,-0.0031012181389421523,-0.0032210082433131726
2024-01-05,0.0041817147318121695,0.0015665901617885059,-0.0022171349596393775,0.0008271720806827254,0.004256470197329554,-0.0008619168922000542,0.0011678787612388053,0.0016625979216671194,-0.0020319386532390293,-0.0002717012655943929,0.0037331153108906,0.00136953399109907
2024-01-08,0.015547100920445311,0.017031694297636735,0.007360224848608654,-0.011572983512067703,0.006357644173046406,0.008841354642174393,0.006551200921316447,0.004268547930363686,0.013744039800826835,0.02509261100801119,0.007283525815722669,0.014275985591319929
2024-01-09,-0.0020503282489443553,-0.003702554557632687,0.0026189827260525433,-0.016009582109711817,-0.006317479883874433,-0.00014259226388224633,-0.003120575239449752,-0.011452168068615265,-0.007029857940544115,0.0015894212431017962,-0.008153880984656192,-0.0015171280196250025
2024-01-10,0.009313731553419746,0.008003985780391742,-0.0020621816021224593,-0.00983476965322072,0.001589542254238241,0.004560769065082626,0.005097853234615535,-0.001313809606169114,0.0015170179138805917,0.008516691295107348,-0.00015508035478717375,0.005655465289015282
2024-01-11,-0.0032569096772618877,-0.00130446397806816,-0.00013783031918512823,0.0025751366756574523,-0.0037027663063042837,-0.0007093742463745167,-0.00231352152184483,-0.0029895724606664453,-0.009341140238695922,0.00508789820887201,-0.023270307396316303,-0.000440541101633829
2024-01-12,0.004901274241496667,-0.012039910103514795,0.0031694099543173593,0.011252410704203353,-0.0018582112741512002,-0.0024845723539519415,-8.909860921713086e-05,0.0009594321357453417,0.007645436297527786,0.003235552910121342,0.005717832759712493,0.0006926499838006972
2024-01-16,-0.005690192811615313,-0.0011498499543436402,-0.005494534439025034,-0.023826812517728668,-0.006915107923677111,-0.005978007128686347,-0.01007938647396378,-0.011503873006951548,-0.006070025618412189,0.0024968706489767456,-0.010896959347606594,-0.0036711749975992802
2024-01-17,-0.006131708140707626,-0.008747502823908349,-0.0006906395685305489,-0.00830133775209152,-0.0018744217048758394,-0.00200461490802073,-0.006758076448477923,-0.007273474105212063,-0.018320337528513586,-0.004929438500906436,-0.014529799251759012,-0.0055587608851758175
2024-01-18,0.012201917631834425,0.0056896964723285315,-0.0012439652740834362,-0.0016240640042788357,0.001609801063419125,-0.00014333581470149515,0.013517204964889062,0.003174947818196383,-0.0064800998622475126,0.020284773918348042,-0.010693343036345171,0.00889287749048795
2024-01-19,0.013544634380493026,0.009640977631453218,-0.0029060126514025564,0.0032534117574840593,0.01607288073828439,0.0005741102745993043,0.006534266440763492,0.0009737778116145623,0.00965286275185484,0.023049989866003928,-0.0013102645429554638,0.012466082821091184
2024-01-22,0.002004570572018416,-0.004402820085554704,-0.004858074287755421,0.003742135556385806,0.00474557848941326,0.004374080938235547,0.007736689552402698,0.0029185886099472036,0.00465101271999302,0.004396352545559923,-0.005083642065365268,0.00211432182760829
2024-01-23,0.009869165534269086,-0.0024120365051054637,0.010878960117307823,0.0021126958582047273,0.0015742148187682936,-0.0007140457466292549,-0.000794161876163435,0.00327388135768536,-0.005401327845545256,0.004028864394246989,0.0018130006570782342,0.0029166087638985427
2024-01-24,0.006207377108089274,-0.003799699845240312,-0.012279431796945572,0.014261123568857004,0.003929870472590302,-0.009144998034317564,-0.006182033606819681,-0.013536160949167542,-0.013705544330852915,0.006885973330057915,-0.013655752459567627,0.0010931330701964281
2024-01-25,0.01627471266429148,-0.012367222470889061,0.0096383894301868,0.022496258936424374,0.004958488134207961,-0.0015142218825422438,0.009597195471798159,0.010536550230541453,0.013633976194979747,0.004182044033683274,0.018015161066831542,0.005438906348074424
2024-01-26,0.003228800531585252,0.0045641443619661715,0.004842051385214763,0.007413688331421975,0.003635151694629135,0.005704893203847705,-0.0015841306888371154,0.000363741975233145,-0.004397221978104993,-0.011513960878773544,0.002949258608295091,-0.0012704629601297812
2024-01-29,0.008367843002864417,0.014620185028917376,0.005782867124264568,-0.0014243066441733676,0.00258741058710954,0.007036749691700317,0.006523620114206707,0.004969042350173369,0.007274597518471593,0.009169814549756516,0.006371459699734849,0.007919437313017141
2024-01-30,-0.0067661620917478515,-0.00057407643284757,0.005612562614526917,0.010341172712857727,0.012645255079147155,0.0022816286302593802,0.00035047897295492625,0.004582661197489291,-0.009285444493307704,-0.008251598280492711,-0.000324744606615468,-0.0007735560553606691
2024-01-31,-0.024679031584247002,-0.018209069889785212,-0.007350900971048957,-0.018705859470407926,-0.012232569383868741,-0.0013514880741533064,-0.011557539456351629,-0.013085287379710042,-0.007289748494172743,-0.020998450394868806,-0.002111059293804174,-0.016317261592246002
2024-02-01,0.010279591093097729,0.01924907995324987,0.02043335415020131,-0.00011999478438506905,0.0015479178251003312,0.012964736695857404,0.017007652433568943,0.016664663531022583,0.017571386887107243,0.012596104503500571,0.019039994690990936,0.013088179485211349
2024-02-02,0.040177462932778685,0.017851920341165117,-0.003225368173699006,0.0014388229911062034,0.004121503351955935,-0.0014767333941330119,0.006706721518890735,-0.005862546115322553,-0.012628939333320655,0.01034130318520532,-0.01804527139908929,0.010527360256687768
2024-02-05,-0.01404561353025513,-0.014098749238176222,-0.006202078448767523,-0.0025144956009427455,-0.005900247482856891,0.00309855594923647,-0.005450841555291852,-0.025394215490721406,-0.01983806470286753,0.0022744860108343534,-0.02081649493670501,-0.003641195932157837
2024-02-06,-0.003052679217180554,0.0060632085255325485,0.0023064201171640875,0.0032409734537748314,0.002064525180683008,0.010882594461094186,0.00896055649988714,0.01765883895271836,0.015179766939322104,-0.004587884010708199,0.0036538399558956325,0.0029032539728739426
2024-02-07,0.005103344274462129,0.011200849172788185,-0.0009475040353688069,0.0020339841140564197,0.007468370099456223,0.002708679054071572,0.0066389280396805805,0.008008829494870584,-0.000524859662886179,0.01323277696766234,0.0006619283459510239,0.008340432670724374
2024-02-08,0.0038080244523752693,0.004385611794159416,-0.0002708458438318573,0.010268883369493054,-0.0038343349327117915,-0.0017316705182516268,0.00017133314625250584,-0.0013244400144732937,0.00551190618773334,0.0031305178608327378,-0.007110988808870067,0.0004416873871995186
2024-02-09,0.0011379841534218116,0.007109849494869369,-0.009215455532424865,-0.01536490440135585,0.002822811030082528,-0.000763190507208189,0.001541531439720245,0.0021699208739995868,0.0026104170007696936,0.013458231777467855,0.00383084531900324,0.005779462124994028
2024-02-12,0.0031576392503038786,-0.0008338695139713526,0.0071125412781414266,0.011043159088717003,0.004605829643518744,0.0013193152816655118,0.0014536049761006975,0.007938316569999992,-0.003124409360375724,-0.007602118942091729,0.011614429054805697,-0.0004390181849750485
2024-02-13,-0.014101913299281899,-0.019916451574791494,-0.010729330264074188,-0.010091243555959362,-0.013499691351420484,-0.009292541806012689,-0.010246029897537645,-0.014081153478558428,-0.01828159843538002,-0.016968888180306396,-0.01656555852792574,-0.013773114977459255
2024-02-14,0.01596411874263559,0.010558005217402355,-0.0019221768734307698,-0.0009595113543827694,0.009553244402446204,0.008679824969223704,0.016735930018680678,0.006415025898320215,0.0066507676551863515,0.010455843086230043,0.005503748512671436,0.0090876680215779
2024-02-15,0.00817094000557339,0.01157099856793442,0.006465089336912477,0.027851067073865865,0.01713553717165639,0.007286532324009887,0.007466252430553988,0.01888148203793283,0.024048785167116504,-0.002098968442103999,0.016752261634255916,0.006899857201716042
2024-02-16,-0.015586016538619907,-0.0059415842984712475,0.001503573929323876,-0.000583812489420632,-0.0035200826749639536,0.003238024029373676,-0.005979361411086015,0.005311492003534424,-0.010322568627369133,-0.009195158352554356,-0.0011418339696710467,-0.0049800362058063374
2024-02-20,-0.0015198106522812393,-0.009440202477177362,0.01050754588908931,-0.009115516480309505,-0.002775799380927091,-0.003364895685611824,-0.0031347876457142876,-0.002113427915367616,-0.0015647029833526505,-0.010169436029755285,-0.0006534138629737951,-0.005505255800765774
2024-02-21,-0.001141991456182545,0.007387341872250097,0.0036461105326082155,0.018752385550316886,0.0030364005092786694,0.0022047992584754983,0.0039944172986752235,0.0055300459942762,0.007312812720034145,-0.006283974400689507,0.013237533187363315,0.000905692770482025
2024-02-22,0.014985928190889952,0.019424608265879106,0.0030947804509742216,0.0017365054672580094,0.011604516571775969,0.011756940327728227,0.012359339511745171,0.010063110110983375,0.0025923897126558515,0.032722588930536034,-0.007741932837033727,0.020695489702332592
2024-02-23,-0.002502209305593195,-0.004502819170858041,0.0030850134303048726,-0.006587549144647431,0.004987602389479928,0.004756642202586647,0.005267936727750833,0.00590844013701064,0.0012933260471101882,-0.002332694115599443,0.0071522043093681376,0.0006897818864453065
2024-02-26,-0.014550913421474077,0.0030888543238203336,-0.00401162602283367,0.0034904612504329524,-0.004962849668614044,-0.005140065548908113,-0.0014971624144891615,-0.0059888166195134485,-0.011363804375472353,0.0009742410397339807,-0.019690150594330325,-0.0036626406260920064
2024-02-27,0.008146562150772363,0.003299626212009299,0.0001340951339241503,-0.00428976563149952,0.0027429688571549704,-0.0024472620384008437,0.0014994072706988604,0.0037076512843976506,0.0007837280203681907,0.0008760087845218756,0.018933076055297704,0.001857624034367067
2024-02-28,-0.006818154777249452,0.003946170709693275,0.0010740412607108674,-0.001979088046535127,0.003730690961768701,-0.0049750483275695645,0.0034105241656847696,0.0031167604500865753,0.012790469395359327,-0.004716331078093106,0.0030700876062763616,-0.0013214549573816736
2024-02-29,0.008899112444761048,0.006769880543128437,-0.001609278689274407,0.004899632626299111,-0.000495812251903649,-0.008149907481264429,0.0030672220067586853,0.007594748918571481,0.007989700035560654,0.01113825304449656,0.0003220353958732769,0.0035949057285806774
2024-03-01,0.008316465626291292,0.003307640007979229,0.0001345875844049882,0.011609022123904467,-0.0012394579036658637,0.010495818018441572,0.004297609437224459,0.004568241974423515,0.01099475273580075,0.018262706185624866,-0.006119147108857637,0.009388206951783884
2024-03-04,-0.013121601924526494,-0.01351200110957873,0.0008057730742263569,-0.010672548328918618,0.0024820904833462443,-0.00150344275345482,0.003620722793930442,0.007276203130712533,0.011380773454045645,0.0,0.01685036405571183,-0.001072337708464599
2024-03-05,-0.008104365444921213,-0.012436994875931862,0.002415372980167696,0.007423630688861538,0.00024782014418689435,-0.007459833945505201,-0.008199469461697695,-0.005304814523518719,-0.01275313926979127,-0.024577705112243886,-0.002868157638849178,-0.009994130268758838
2024-03-06,0.0014042202397188674,-0.003550721718743932,0.008433817850943992,0.003108871351145792,0.005197833297794441,0.006826494882158141,0.005208402305419746,0.007375459810650353,0.005572366475772306,0.00792879514848166,0.009587741348044965,0.00506719125229993
2024-03-07,0.016190610052840393,0.00762754849097691,0.005708284860734603,0.008494083620987691,-0.0014774995033368654,0.004656941037428641,0.008059907418403789,0.012277679999553648,0.0,0.015780936439716786,0.006489546297343773,0.009926390525727413
2024-03-08,-0.001505418610504794,-0.00370186898798186,-0.007919895044750436,0.003528331641180271,0.0017264303221633526,-0.0018404780905354468,-0.0022028150349964193,-0.005786146081501631,0.011838669909301824,-0.014870629389679424,0.0025160102263641626,-0.006002087411756563
2024-03-11,-0.00188448706038169,-0.002717653122903174,0.005454889897445359,0.010321120143637952,0.0017231622407392067,-0.0005464691627885543,-0.005151270503705119,0.011303866482676117,-0.004978886308269148,-0.0027489940895356613,0.005019649030001183,-0.0008598627131740644
2024-03-12,0.008811634786053846,0.008619764171930777,0.005160757554637074,-0.0015717005644364512,0.004178082958849805,0.004646331899018641,0.004438218748526568,-0.00011067373964979144,-0.0025017960415057994,0.020504991799307204,-0.009676994877676037,0.010757410938595058
2024-03-13,0.0017468160316693737,-0.0020950961280410407,0.0025013892130894,0.01596579340855886,0.007342102323156574,-0.0038767578359359955,0.00270027479255619,0.009850434230331828,-0.006270228831149582,-0.010804736523656322,0.006777077954533306,-0.0015675294192366573
2024-03-14,-0.002366859390730114,-0.006353924474661432,-0.007747966705216491,0.010292138367969939,-0.008017659433787516,-0.00355034509037111,-0.00424353540203215,-0.005260753172258159,-0.014134237140484895,0.00019146445661699651,-0.007983752480552608,-0.001976821879233537
2024-03-15,-0.009988474422385263,-0.009953371592539506,-0.0003968594647743018,0.0029576672566442586,-0.0009796276463849285,-0.003974277456867958,0.0001638686557157154,0.000440655916375432,-0.0005121223893919113,-0.0150875394379133,0.0014202096539426279,-0.006866523913234834
2024-03-18,0.020537017159837356,0.007638022005813205,0.006428434845455078,0.003457091746146057,0.0057335366527162535,-0.00011743095650740276,0.0017754270652441395,0.0018237776194722777,-0.00015482053993587375,0.0049150753596154395,0.00460750306046287,0.005942970450018459
2024-03-19,-0.0003715834988589073,0.008658310173119244,0.0037104841276358602,0.01141107369218819,0.0048938257624162596,0.006628896815102037,0.008615042717323718,0.00011046380220625096,0.0,0.005186437029951474,0.008856645360557414,0.005557150523815668
2024-03-20,0.011776362407323271,0.01489726216109366,0.0030369167674979547,-0.001410335707887178,0.011930785640917652,-0.0022638372977307197,0.012039425164338091,0.010038364810576406,0.004126919787672767,0.011187929051349244,0.001253991000657928,0.009249525019874083
2024-03-21,0.0003676828992142944,0.00583867284488182,0.000526602039300883,0.005974937637773126,0.008180855174593882,0.0013065671427734404,0.009886618051881069,0.004150405204757401,0.0038530859243981475,0.0007152390255189545,-0.0015657326443183628,0.0033043700167019185
2024-03-22,0.0020818434476748138,-0.008734371760678039,-0.0048678923496724424,-0.0021598723061199143,-0.011455702803711332,-0.0013733215367138785,-0.003422517816808912,-0.006199616107886663,-0.011770670922232829,0.0003336232107382653,0.0014114776788596295,-0.001895813671548563
2024-03-25,-0.0034220427140841947,-0.0032837546760511316,-0.0027763208084420343,0.009307421059845389,-0.0038628824460918976,-0.0013749921664900633,-0.006468968352655313,0.00032848240345639823,-0.0038839074003244045,-0.006621815145201104,0.004697869277661582,-0.0027627739510812654
2024-03-26,-0.0020851323722899107,0.0012631772685800513,0.0005303719841602828,-0.007720161409259241,0.0033930576412206648,0.003649248273627448,-0.003617439948258361,-0.0007660330979939456,-0.004159316138765634,-0.004124459568476846,-0.011377860296108322,-0.00184673092086729
2024-03-27,0.005161837245246659,0.011571067692655923,0.010467764649112477,0.009293160845837756,0.011835781452600225,0.01330829240858078,0.016054780367004806,0.014343478162736067,0.025319653677102316,0.00510449104914823,0.02790475032125883,0.008403743089054894
2024-03-28,-0.0015894702764749358,-0.0030901103068997626,0.0013113393144115193,0.01081377578943532,0.00549050858520439,0.00013553638443664084,0.00015884109338393237,0.0026985386910394205,0.006364590158156602,-0.0021558376174836136,0.006901852072590087,-0.00019115879491005128
2024-04-01,0.00771487382291447,-0.007450142298394247,-0.007988630283517373,0.007414405482686126,-0.005460527512019753,-0.008529158477108001,-0.007700914562059791,-0.002368340173196204,-0.017455069576060356,0.0027847836473890997,-0.006092934024938157,-0.0017399315519471825
2024-04-02,-0.0015796223200881254,-0.01473810294891531,-0.005148399704956397,0.013983689671733135,-0.005251893255262541,-0.015566262754991622,-0.0046402703263180856,-0.003668944866800916,-0.011070896745925096,-0.009624114467091993,0.0016858362936595928,-0.006358016933024069
2024-04-03,0.007911274612459884,0.0007229299602595773,-0.011013800866774281,0.006843648936982527,-0.00047984499443509687,-0.0011096615861960757,0.005144159902716439,0.005956976843518591,0.0005205926410321027,0.002659077537205068,-0.003978026011592362,0.001098595818522119
2024-04-04,-0.01352500015604352,-0.011724913847999452,-0.004293668819206786,-0.0006178903902605004,-0.011284566965867882,-0.01444140582826614,-0.008796361882297599,-0.010120578025924698,-0.007806220294993338,-0.01581569593329224,-0.001996988204268857,-0.012206090452421381
2024-04-05,0.01016023355853779,0.005566607453514116,0.0016170553220657968,0.010717369056715054,0.009470568103710164,0.008946915814838752,0.01387641098349035,0.009027429163352307,0.006556436040925817,0.011464475316575129,0.0029245056551443493,0.01044697939882111
2024-04-08,0.0001214773698099414,0.009505489891370456,-0.0014798622137125461,-0.006321543008742769,0.004330038258674396,-0.0032118561097317366,-0.001750567920514201,0.0007546350731149065,0.008598156887537955,-0.0011626120627183933,0.006599042240901687,0.0005591931996786759
2024-04-09,0.0010905065389588131,0.004708036221360068,0.004850402981572577,0.0003078880618863078,-0.0057484301123786885,0.0035722954293759823,-0.0023115963389942484,0.0023697870877936733,0.012658281742272903,0.005043374476012996,0.005488688710547418,0.0011568527924608052
2024-04-10,-0.00786751185861534,-0.015436236951298365,-0.003620459817403221,0.0030772607388180884,-0.014936143855189932,-0.011726044808460623,-0.008549103592036422,-0.015581312448663232,-0.04107160125291687,-0.012255635107041418,-0.01713408016663387,-0.010013164687256326
2024-04-11,0.00878384562719492,0.0080631597641172,-0.0024220467734075157,-0.0007158135570815016,-0.00709235743504244,-0.004096416187197138,0.0011282106808085945,-0.0007641034868053342,0.0010642270739849025,0.01997933284526021,-0.0020056143391318226,0.007546862940373655
2024-04-12,-0.016446985846299333,-0.016219443677296108,-0.010117529383985024,-0.016271127958681242,-0.01330047076906804,-0.01489256058807642,-0.010705954592016287,-0.017697109906197772,-0.010363786990178925,-0.01618770683007731,-0.007574568676422699,-0.013803089030853033
2024-04-15,-0.012664330860470363,-0.016656270359921677,-0.0040878682495064655,-0.009362219663456406,-0.004992481025182127,-0.002015549042839626,-0.007160348918193171,-0.004782222936613567,-0.017454640969264412,-0.018985407884744676,-0.009189874855399127,-0.012528044771019098
2024-04-16,-0.0033625673247362764,-0.005684459727265945,0.00041020982437567355,-0.00871572891433603,-0.006773696498701853,0.0003604054378227861,-0.0022945714804595285,-0.007710167020118952,-0.01530479355836567,0.0011910543633324444,-0.013205537983296933,-0.0018237875199006437
2024-04-17,-0.0008747433823496076,-0.004850768177452447,0.003692922810135668,-0.0028602073650340065,0.0025258749871865938,-0.0017303972701351311,-0.005174917925088285,0.002252185434594711,-0.008326430854429523,-0.01442326125370641,0.02086971290256301,-0.005918361884868162
2024-04-18,0.004877445358292709,-0.006209079922326999,0.004633609092148383,-0.0030808446497508912,0.0035271761752986297,-7.224871787148146e-05,-0.0034680428937532426,0.0003370507886084617,0.0002801087177006778,-0.011415518186426277,0.005618025330293541,-0.0020577059283769517
2024-04-19,-0.010952004496748824,-0.008758497503719265,0.009766710448333216,0.012041871699502105,0.013808852996863852,0.003756288726278756,-0.0018228010075658219,-0.0007864252471379007,0.00391708060191398,-0.020602255619392662,0.01536317955336064,-0.008728335232320639
2024-04-22,0.001384085977509164,0.004417760132054749,0.009537860859351932,0.006528297310273157,0.012134558380716198,0.0038144435272531307,0.007553696675198118,0.0010119650937800984,0.008082416718620644,0.008933606699518037,0.009169913103049154,0.009209134257071705
2024-04-23,0.01520498475820986,0.011905706266584382,0.002794423010283209,0.005544392936235765,0.006361925195219387,0.013048381302710688,0.013923298688350405,-0.00864703580635029,0.009123622574036983,0.01482637412945742,0.004694949669237447,0.011866637582815809
2024-04-24,0.0006186481210526118,0.009563053256826493,0.007563772270596791,0.0007283355334248842,-0.00024321640741342687,-0.003113814828700323,-0.007962992093320298,0.0006796897102425703,0.0038357457776203585,0.00456533061093034,0.006029439203210973,-0.0004746523967652516
2024-04-25,-0.035625740620613966,0.0008609386784244055,-0.0023707972061631777,0.0045742904471746115,-0.005836501724097998,-0.006673239265127862,0.003030484025011715,0.007131489053653128,-0.005731464895494365,-0.002171352891993883,0.0026971478906321344,-0.0037988363571601624
2024-04-26,0.02757818433138981,0.00900541623386264,-0.0021122051087710814,-0.009210264515663535,-0.0014678364679527878,0.00028593801262655205,0.0016333568376896146,0.006181855916525647,0.0008235005639298798,0.011285492607653547,-0.010908357948679281,0.00947395370791626
2024-04-29,-0.01160900761466277,0.023250502886515534,0.0031751746796133684,0.006789126377209742,-0.0014698974688731603,0.003357678683955756,0.006685156451515795,0.008378036107892672,0.011244908210769733,0.00430366516467684,0.013597056170916,0.0035414269005387133
2024-04-30,-0.016670951008069812,-0.024333307536730797,-0.0043519799147934135,-0.029774877355870366,-0.009813580232325925,-0.0007119105559505456,-0.015873230250326942,-0.018167748015161855,-0.018442925920416964,-0.022024027992442408,-0.005217016331719226,-0.015841287638964863
2024-05-01,0.009247418252629425,-0.006263352592907223,-0.0063575973927187945,-0.01593242454417476,0.0,0.0017815526391649072,-0.002468501728915773,0.005190196915336509,0.000552527325795138,-0.010240975631904403,0.011537518181315543,-0.0032472127882119395
2024-05-02,0.010053571675948447,0.01260592612600342,0.00839779673634955,0.0057590449557820556,0.0024776858134758495,-0.0007111507811045081,0.005774480085561695,-0.005163397863671704,0.014360735942769987,0.014413462440561187,0.005332588046769615,0.009353450838071709
2024-05-03,0.01058331836005788,0.006733744584328738,0.0030402078571074576,0.00010806240218741436,0.0022245131810139096,0.0024911939936926863,0.0069718186359331025,0.010154635486032904,0.007895486964644371,0.027859594402392496,0.007956423604616347,0.012395395370112805
2024-05-06,0.013589264265451817,0.010679591118732734,0.0005271199364382806,0.007885844629250682,0.012823771685986696,0.004047388174567068,0.010100190071774096,0.006031533269842626,0.00027023669974646225,0.011750145585001093,0.005115934698375568,0.010326918137756325
2024-05-07,0.0011071013912411498,-0.0071740755202613915,0.010932776404125821,-0.0009645844893830802,0.0034087547025012377,0.008274578849910563,0.0027417529673090524,0.011879581105105563,0.01053171063020697,-0.003269177094908482,0.011344148443241941,0.001103241274813982
2024-05-08,-0.0015972817728211464,-0.0037532571133963577,-0.0029969512298085865,-0.0011801334707401967,0.003639823051490909,-0.003436967125836965,0.0,-0.00460808928906542,-0.009353328208061118,0.002839454050425738,0.010497194896748274,9.672418927730853e-05
2024-05-09,0.005045462360650399,0.00680346621165695,0.00862537008175912,0.013426372637406203,0.007495204956778911,0.008586741079287918,0.00997179266237258,0.011133142470271418,0.023739089096638244,-0.0002929752554866605,0.015226917927836592,0.005761925648107624
2024-05-10,0.0014693517936774647,-0.0053614170207212375,0.0057009679082975495,-0.0055115087115855665,0.0038397073296061457,0.0020236009344802852,0.0007166202981618852,0.0011989276807482518,-0.0036888630341310735,0.003711427502278486,-0.0009812553086687714,0.0012880481208703554
2024-05-13,-0.0018339231448990523,-0.0012913400343693704,-0.002834377732462312,-0.0026642961528827724,-0.004064072347150671,-0.0009748731980411263,-0.004217026587534534,-0.0006531695622811196,0.0026444867023740493,0.004719286138815892,0.0,0.00013430747168352575
2024-05-14,0.004532173868333045,0.004553897651281336,-0.0019379329817188484,0.0012823520554923196,0.005040671531084229,0.004252367156206915,-0.00023979705940291307,0.0009806982217528404,0.00712205363995011,0.008861497955231945,0.0026659906916413068,0.004588282548823042
2024-05-15,0.0063406336852109835,0.0015110265522499944,0.0006471620497128239,0.002241351318814644,0.007403909787083052,0.014854868904585317,0.006553719786103862,0.0017415050946083532,0.017024803466776373,0.022511237722270483,0.014973577245956937,0.01238294582938071
2024-05-16,-0.0007270676210844318,-0.006482068319314638,0.014230243201543757,-0.0027687963861280362,0.0,-0.0011628195680252196,-0.0059551980669732,-0.007171500868590197,-0.001802843611752536,-0.003473791221312972,-0.003447048611890269,-0.002057639461244154
2024-05-17,0.001697725477087575,0.005118312498551658,-0.002423494663393866,0.013988261983706396,0.007349681974565536,0.0019173852700435923,0.001118360324662504,0.008536622652115078,0.0,-0.0022138150161038483,0.0008302343098212095,0.0014375435634979006
2024-05-20,0.002904979865265389,-0.007442751677899095,-0.006904325713080195,-0.006528985507246343,-0.013650389953405173,-0.002118586684376589,0.0019148680832388187,0.0014105980376000193,-0.006191764844327263,0.011755227907591648,-0.0016588661931934423,0.0011522908721703917
2024-05-21,-0.0013277145718044725,0.006427263391403093,0.005922383395092323,-0.004875951649815802,0.006442271200844507,0.0017122560773366047,-0.00326505405484645,0.0,-0.0007788194483442368,0.001633178671176072,0.009000436984433202,0.002452229883100232
2024-05-22,0.0012087986457214317,-0.010419430070631064,-0.003967896459186604,-0.019173374759154815,-0.005689922393557922,0.0017777197801185363,0.0011983867063862785,-0.009752811702201103,-0.008573798338679328,0.0022360040911724166,-0.011801997066894554,-0.0028791611115187576
2024-05-23,-0.01134734367410406,-0.016190325902048386,-0.011822146946850909,-0.009122602305445038,-0.013829215960074914,-0.01092079177498484,-0.01181063658501924,-0.008864048930950608,-0.021226506771336306,-0.008134174470678546,-0.016942126671709246,-0.007304280340695302
2024-05-24,0.01282050791678846,0.010069491658853957,0.002600957339370158,0.0014249555862955177,0.006044594021264782,-0.0033813580541176558,0.005087639444436132,0.008722576136791282,0.0,0.008435354361953085,0.010029730749449017,0.006616752715477459
2024-05-28,0.0016878071347310453,-0.0024494104976759967,-0.007781999379104176,0.010287739688187747,-0.011055004727572149,-0.012117471046189654,-0.012212756102870204,-0.003831146259934637,-0.005890032935071399,0.0042288418966440755,-0.0009788317392792623,0.0006985145909634838
2024-05-29,-0.005295423718253978,-0.006567213792427418,-0.007189844767795495,-0.017657881801398934,-0.008019554535493967,-0.007780280704288378,-0.014153320245576806,-0.014284073934442199,-0.00942626866619034,-0.006339854700387226,-0.012879805645964693,-0.007002157376696183
2024-05-30,-0.003266580401806274,0.0059209477377226705,0.0026335974254010353,0.002867149475438424,0.005389656289249256,0.0004948184590687355,0.006848182344383558,0.008137250979173505,0.01441006516686505,-0.022819277146628902,0.013473050954989851,-0.006633993430403828
2024-05-31,0.010681932908517489,0.005600191977136237,0.015626904672605413,0.024851753434674828,0.014619696001512805,0.014615275020042118,0.012128348030464142,0.012052221835790133,0.01983357444975753,0.0015726383199512473,0.017632365448029708,0.009108153680295716
2024-06-03,0.003963623345637046,-0.0004544755772387665,-0.00038782446915808233,-0.026180446693395698,-0.006243806819409947,0.007028583140092692,-0.012225803920409728,-0.005899739899451917,-0.003942090128585707,0.0025219583671478585,-0.011413624974946579,0.0008152404198553675
2024-06-04,0.0038281463948388605,0.0010232117747845937,0.008666310228446328,-0.009585717359658963,-0.004591761922520199,0.0029023124735465533,-0.002459111579689366,-0.011100109164194127,0.009498612296566789,0.002088463436946464,-0.00041725587361785,0.001118008704648954
2024-06-05,0.012155846230967216,0.005850080688941217,-0.0021799814815315344,-0.00011127218187256815,0.0029134833737176624,0.0045477342807287435,0.010106837337511498,0.006890588761850447,-0.0013068535124366454,0.022213759381741305,-0.005705632315925913,0.011885061250984874
2024-06-06,0.0005887681660567967,0.007283940689780222,0.003084583546868247,0.005229371979549091,-0.0004843132857129673,0.0032923413405909763,-0.005938411378968889,0.0011036322352677708,0.0015702763360694316,-0.0033361938429055105,-0.010356908554142175,-1.852301249838373e-05
2024-06-07,-0.006825046877904417,-0.004092225364441648,-0.00499678801634329,-0.003984677831163075,0.004601675859023269,0.0010938819229564523,0.0010639054606669252,-0.01003300840900101,-0.007838964506046375,0.0023245744321986894,-0.010889630779840176,-0.0012159762300797405
2024-06-10,0.002487983207203559,0.0032082982052887843,-0.0007727656080608325,0.007556461817155746,-0.003857199946361467,0.003687898641459464,0.0031063349658750905,-0.0010023446248382806,0.005003863149030785,0.0025509653074027305,0.01286819654307636,0.003090006338474449
2024-06-11,0.0018910912487857257,-0.0026368853053898578,-0.000515436315588591,-0.0019853979514488085,-0.011374881841061057,-0.004150520570384564,-0.005704556952871975,-0.0003344205327996397,-0.003144667669827572,0.018598162000329488,-0.0060698123191100795,0.002408221654687015
2024-06-12,-0.002123473542637533,0.010407240016879982,-0.010959244597686046,-0.010719392450075027,-0.0009791476911703567,-0.0021181874518999555,0.009507533209603292,0.001895624468777779,0.007097822550211852,0.022119270932662527,-0.006533253121082883,0.008213109386135509
2024-06-13,-0.008629825721274575,0.000779473624620719,0.00130354114422504,-0.009159835924935411,-0.0007351772546217994,-0.0008215929830532875,-0.006413952087758079,-0.00033381086832551254,0.004959669478694861,0.0079097760426452,0.002287354608837555,0.002013393833566024
2024-06-14,0.003219634428235585,-0.007899894764365034,0.0018226872467361765,-0.007440735800451903,-0.0031876924423257513,-0.0003425937934691259,-0.010050743201296841,-0.009241708282151206,0.0007790099884299462,0.0037474274803890317,-0.0024249058057985717,0.0006083856691376788
2024-06-17,0.004754655423623078,0.017551794685718436,0.009486750822580214,0.0026123867850968985,0.008856073653258578,-0.0010284595902851912,0.011060726272802635,0.007417321472512395,-0.0051904623903481495,0.015153512610780018,-0.011009404035633441,0.007958943634686966
2024-06-18,-0.005914986110752141,-0.0033616463533642227,0.0012873679238298852,0.004191702235549766,0.0063399172107561075,0.0013039478795020543,0.005388237124049011,-0.0011153630021786265,0.003913292261895629,0.0012547311813417839,0.00043389914739044855,0.00254083472097566
2024-06-20,0.004283973998665536,0.0012717037701335254,-0.0021856908274300313,0.018388886357685985,0.005330792974705734,0.003289516921589186,0.000649630962344272,0.0010049653608723563,-0.002598763451170716,-0.011235440486255577,0.00867069119391517,-0.002716672394016739
2024-06-21,0.006517428111320278,0.008449313093537691,0.000773159186045369,-0.005760435156649812,-0.0038563654673652303,0.00280048839911351,-0.0021098341982221935,0.00011153098026062125,0.0026055346193101236,-0.0017480823530501288,-0.005874020894501619,-0.001340607764340862
2024-06-24,0.0033524025044180394,-0.004269502785291257,0.010663085016429541,0.025214852533355536,0.010275216283393007,0.005833020397648214,0.004251363583064327,0.006445256781654862,0.006746505562606586,-0.024516618557013814,0.01314727948315797,-0.0032507395346381696
2024-06-25,0.011176392371732069,-0.004023348503293889,-0.00641772888446468,0.0023005171623120546,-0.007453667369421879,-0.003127382382877686,-0.008531833277818923,-0.012696276372942128,-0.014080739514296003,0.018343726315475095,-0.00946357195030334,0.0038507542067618417
2024-06-26,0.00011632199309019597,0.014498352438488071,-0.002066792897402525,-0.00983700886570793,-0.006298565912473353,-0.003546383386721863,-0.0027043920784499687,-0.0006770391773094353,-0.0013223764587215747,-0.0011478465807652771,-0.004197939104290116,0.0012483859056016122
2024-06-27,0.0057003868528546775,0.006109173745970864,-0.004272024628508175,0.0023181292129403896,-0.0012188480788069,-0.00164247636893744,0.001068185279413436,-0.0028217602980883383,0.009004023476526957,0.00048618021475888007,0.0017442514106691398,0.0015763469388081486
2024-06-28,-0.009138275988186395,-0.011114088527158117,-0.00442005661175815,0.0038544938635260984,0.0034170353266727016,-0.0008226433891781459,0.0004105110125258715,-0.000339752342152555,0.008136694497702601,-0.0005301578990354328,-0.011174090150219085,-0.003935065191992049
2024-07-01,-0.004202680633657363,0.003399146560329802,-0.007051460650707941,0.0005484894740750423,0.0021894105033741784,-0.005626096925861357,-0.010749251168244434,-0.015400344370680386,-0.009633022943950853,0.0075586549948216675,-0.0068976016558035536,0.002058023732368186
2024-07-02,0.008909760528609922,0.019451353730268517,0.006969909444568323,-0.0007674821390876163,0.011650296594911236,-0.003657052414446582,0.005474610729498286,0.0018402512507786906,0.0042061697638295925,0.0050013679823825985,0.005172149487109534,0.00672989144183278
2024-07-03,0.0003486106987815596,0.006378004726443454,-0.0016978424245580603,0.004389503003353612,-0.0031189185333950764,-0.007617592608488044,0.0036297174686126255,0.007461788082926857,-0.001047057917806904,0.013488640731266877,0.006027831350324808,0.004462519705327184
2024-07-05,0.019398446469389707,0.008148132909225003,0.012297189709589595,-0.015623339421989901,-0.00024066015265977736,0.00774592228977844,-0.003616590267741082,0.0015953578561422876,0.0036686507794412293,0.0030581690725199895,0.0017535458752682143,0.005766370396420806
2024-07-08,-0.009002045183068352,0.00047549075448305445,-0.0015507218295317537,-0.00610432617137735,-0.002647993582113206,-0.001107910820012492,0.0012373698766496855,0.002957998120881822,0.002349782556719804,0.006827521827962091,0.0010212682168071474,0.001153984236467176
2024-07-09,0.003104667689012297,0.0033264438235731664,-0.0025884811340868286,-0.00882200589216664,0.00772380992062538,0.00485271855786662,-0.004366942821585784,-0.010208708050070125,0.00026073461073461424,-0.000810313682029884,0.00291444487254533,0.0009725096949979584
2024-07-10,0.006304360944585197,0.007525631011889411,0.004412025672812847,0.006759924751168711,0.0038323991481714614,0.009451491703270642,0.008937430976619476,0.013407983006381574,0.0070310950665279925,0.014512501521971144,0.009444977787287145,0.009895168120173325
2024-07-11,-0.013669014693525772,-0.012692615397854823,-0.0037466954669471697,0.010407333724020917,0.007873941132572337,0.007039378716610978,0.012713346593000274,0.013683219240816724,0.026635575531964717,-0.02503362656127961,0.01828115367564309,-0.008622565598673693
2024-07-12,-0.0032334840506500484,0.013067458585106495,0.004409269265687632,0.002547244999858256,0.0033143909862416443,0.006243728063290321,0.005750480280788617,0.009593990291043353,0.007304915681490831,0.008932802341079293,0.007351060708475021,0.006307514045889917
2024-07-15,0.003591664782056192,-0.0011489635914161411,-0.005810313243727605,0.01513484115253294,0.014629542499621229,-0.003507263128223137,0.007166761499169505,-0.0025414611073123483,0.004250961890157834,0.001796491873344852,-0.024277406748493546,0.0027500647684435275
2024-07-16,0.0026552526092415984,0.01793275365403324,0.009610533718775072,0.0044618003613412505,0.011395430159542475,0.014280938935267162,0.024946075313287297,0.019386203163807902,0.009462095098108136,-0.003330302568531951,0.007766466572938002,0.005930338055305739
2024-07-17,-0.015083509433219011,-0.016692308997832805,0.01286342252934003,0.009967537641632163,0.0075877889057272,0.004537565430256407,-0.012793275812353677,-0.002064680229367566,0.008880293768782854,-0.038896445358586496,0.0005708730544231599,-0.014021125043746863
2024-07-18,-0.0005844889720966195,-0.010185549156414675,-0.004953153680391398,0.0018236455667821616,-0.01209478304183731,-0.022718338458698528,-0.007823188481751009,-0.00990966309681518,-0.008313060211819101,8.907453349449312e-05,-0.0008558785893674203,-0.007684977726880926
2024-07-19,-0.0044449333515820255,-0.008918199246796266,-0.0033183344751864796,-0.010922042642564356,-0.01016406528458369,0.005097944476933458,-0.005495235865952797,-0.008908824706861718,-0.0012327183853942936,-0.015643095955013564,0.001142187408164519,-0.006640414923902105
2024-07-22,0.004229838930229768,0.01102189427697775,0.0006403450533292165,-0.006279042330352591,0.005601072625091241,0.005748315728756115,0.010170562644021164,0.003329204646047801,0.009874120221486482,0.023679088388765646,0.008412913783519382,0.01030985208914803
2024-07-23,-0.0014040685087465254,-0.0044764834693653555,-0.0035833288836226718,-0.01590569218468363,0.0018564730261148021,-0.0006049466759359134,-0.0019027082471138046,0.003981754337515353,-0.0017111205386809436,-0.003980444299087504,-0.006221886359965345,-0.0015687320587394193
2024-07-24,-0.02612783128073426,-0.040892993261728905,-0.000899234520032377,0.00011065770441232026,-0.013666846468425642,0.008342439230222265,-0.021524933858908635,-0.012779378459287227,-0.013712128301727744,-0.041385449420672016,0.011240911127192499,-0.022662647248933188
2024-07-25,-0.011549275392280456,-0.00391624220101594,-0.0011568596953658306,0.017268068223811106,0.0037576025885994735,-0.005004190966476085,0.008036374869017537,0.002789728840548955,-0.005461644943965838,-0.01070039202792139,-0.00830175519903309,-0.005210194216618613
2024-07-26,0.018743825886750276,0.011185590271230561,0.010167303655736815,0.0031554885462770077,0.015676113950324533,0.005633212255587772,0.017071933836226627,0.016358859843612406,0.016724983823416473,0.01268907037378919,0.009789959881908006,0.011199553271160845
2024-07-29,0.00884108609672496,0.016702377617886288,0.0003821466336886292,-0.00856928726963846,-0.0013820911316000384,0.0006001549663297023,-0.0017418931796095993,0.0017517360591619013,0.006383420212154434,-0.004438736228385309,0.004496284346569235,0.0005879168006492907
2024-07-30,0.004026411811054675,-0.0055479418802638625,-0.006749872709109539,0.015536112581623795,0.011533819793760003,0.0008663354746014651,0.0029344192460794005,-0.0032788156990423145,0.007318819682728073,-0.025125546682335576,0.005175490947238348,-0.005066440981766007
2024-07-31,0.011913235734990035,0.015490493068459399,-0.0017950591651046954,0.00420180537897985,-0.0025083193668403725,-0.0036623112281158887,0.011150877489698896,0.010417535323042904,-0.0024218483199439644,0.04235174406413411,0.012942096747068366,0.016254615253643134
2024-08-01,0.004079682038091059,-0.02453460604726676,0.00924846692763559,-0.026499446500529378,-0.01417457724117066,0.010225347659921002,-0.01853598945849333,-0.00401548870658841,0.015537815110239439,-0.03729436150024479,0.01799665506586723,-0.014161210158338933
2024-08-02,-0.016252514108522798,-0.03679802472620963,0.008782061343561631,-0.025787925583882987,-0.024582611559829548,-0.0019846351634733583,-0.02199364190406028,-0.01885146899277368,0.0007170970305221402,-0.028104891925975872,0.00161958598693146,-0.018618145583959356
2024-08-05,-0.028675938282385904,-0.028269933839641603,-0.019682024033357393,-0.02205883434468381,-0.02900629833954571,-0.026713665575807455,-0.01735532919342264,-0.022323419008182688,-0.028905760738199504,-0.03331383699862167,-0.026408143353830904,-0.029123692816645508
2024-08-06,0.011784678570344154,0.011041016468087417,0.006949818215228332,0.0061308089529983345,0.016160570680051167,0.004631095787634099,0.012023234953551398,0.005111982654712577,0.022139901863777567,0.0135928256613993,0.008441994801677843,0.009219426109186246
2024-08-07,-0.0052834777669626964,-0.017449511503136894,0.0010224851166302784,0.004023869653082768,0.001204845304912272,-0.010168718303703694,-0.004834118005021315,-0.01356241296375127,-0.00721988559859299,-0.016202254546076045,0.005626304418896888,-0.006683985346530141
2024-08-08,0.019918020119797042,0.02181704691536801,0.009065478752986245,0.021527520710115322,0.016125365863999264,0.02212184060409772,0.023052946874209113,0.015467275537772052,0.008484786278945444,0.037346744893987704,0.0010918426869619413,0.023117543214953074
2024-08-09,0.0085217563175215,0.0033378170881592784,0.001518243488413784,0.0022419418855066375,0.004263138086501694,0.004958449826099276,0.00016100527860096747,-0.0007896254565594729,0.005048020614875304,0.004494208755204454,0.003407860660668005,0.004409338864091117
2024-08-12,-0.00692415639315036,-0.003957707451953119,-0.005053444443496424,0.004921129946624969,-0.0051885687894808186,-0.0038003695830205464,-0.005069146690801829,-0.004403930084523999,-0.0059793179402074514,0.008169947649185438,0.0017659198740451743,0.0005256396444828226
2024-08-13,0.012999297928992126,0.0250503357218661,0.004571230931893933,-0.009682722714154268,0.00829776338873156,0.01211428349202981,0.010513420010634933,0.009980883636345972,0.006977789768872311,0.030726763486219166,0.0058313196769625986,0.016445611346070477
2024-08-14,-0.005716346597181898,-0.005336882306902546,0.004550734732132966,0.00584378672630681,0.012226612119067726,0.00357071707115586,0.004081582203814715,0.0,0.003584064155069955,0.005475570871882551,-0.0006740635517957783,0.003154779942889041
2024-08-15,0.009034382910618088,0.03191183426321964,0.010318284865105998,0.011955539619154187,0.009291630435576792,0.006260075122149988,0.01347050682285933,0.015833749411686027,-0.002856972764555765,0.02876419349234105,-0.00013494721048101788,0.017140163092787875
2024-08-16,0.0030233401532868687,0.0023535455603012068,0.0027400159885164754,-0.0011040934455163187,0.007364546880547218,0.001047797624309732,-0.00141568041937834,0.0012158628019889317,-0.00047762380210558675,0.0016739634573295081,0.004452769672408818,0.0022421066199815876
2024-08-19,0.01136103202326555,0.012286417872225286,0.003353426465317888,0.006742369359856726,0.005483434391800879,0.006083342138469616,0.0060644247888148595,0.0047477824222113,0.00597227347362872,0.016486205573576163,0.006582470502676241,0.00956131738916266
2024-08-20,-0.00068788032404421,-0.0009171969490481269,0.004951973086297912,-0.026350317127282308,-0.0031811813444911907,0.004031415660421089,-0.002739912662790722,-0.003626291821305694,0.0009499333680877964,-0.003510469990127496,-0.0021352762526445357,-0.0016259489074891276
2024-08-21,0.004244176654725873,0.012634511346534483,0.006774990458387586,0.0016913910149263245,-0.0015956219618245004,0.0016837395767042018,0.006044430440741211,0.011470171586924538,0.003321466322433464,0.005886086357915321,0.0070885146045880365,0.00343634733544973
2024-08-22,-0.007538642468021939,-0.017275484625778992,-0.0014680876115340524,0.0025891114602374365,0.005707795761477508,0.0006465585659669593,-0.0012484179915572824,-0.0020718318536611102,0.006147948131232983,-0.02300749396453028,-0.0011953852340655935,-0.007848291404860985
2024-08-23,0.0070204974109342455,0.019315298650837143,0.0028181440086560983,0.014933738038911626,0.008626424953950274,0.004328551680603754,0.009999889143953,0.01322123061982805,0.019271447543720788,0.016198691768377627,0.0027921768385104073,0.010625160069914097
2024-08-26,0.0022855855375745193,-0.007771375514721179,0.007086857819816661,0.008961192828600195,0.0031511099952006294,-0.000514664484361993,-0.0010828492135653844,0.00442141097672355,-0.0006916341516792768,-0.01254684075728596,0.006497259804761013,-0.0023839192597401304
2024-08-27,-0.0022803735487711974,-0.0026284464602275293,0.002426719016195067,-0.009320011537627737,0.005160391918761942,0.0015446868767263755,0.0006195024469588528,0.00010749941976673227,0.002538154908481305,0.006059158556118049,-0.00790441450160051,0.0013731823995117853
2024-08-28,-0.006628590832609582,-0.009681615719285164,-0.004236258602102749,-0.00641960499803107,0.0024554803748522147,0.0011567283744049472,-0.00046429367481926054,-0.004294157209676297,-0.0034522723696923663,-0.013798273201075295,0.0,-0.005805185814678704
2024-08-29,-0.002070789104184234,0.0011948703737110211,-0.004983750847831758,0.013033422695408081,0.00890671839706747,0.0021183198331533593,0.0070455136002667285,0.005498519511109912,-0.0039261922209226086,-0.009023953110299132,0.005444338130605297,8.930519883842969e-05
2024-08-30,0.006686578873220217,0.015080858148857734,0.00794061864838902,0.003738734000934274,0.009490156723184429,0.0069176975030449395,0.010686780065511714,0.010937157064530245,0.009737988169038037,0.013291126068987635,0.007527856041907199,0.009546186583304639
2024-09-03,-0.018323449621694854,-0.013734732449918963,0.007029310521721399,-0.024868465883570834,-0.0074333236448328455,-0.0019083810370001952,-0.022136180344528356,-0.022698479153165918,0.002296168023752987,-0.045931157657739696,-0.0014420903071489244,-0.020578918275010016
2024-09-04,-0.004783000434097517,0.002600969674716236,0.0046939394540443935,-0.01381877065201198,0.001101258630784363,-0.0017208269267752208,0.0010111821586022973,-0.004123982899183143,0.002291094605536559,-0.002568812947452037,0.008532573846163682,-0.00204683084696089
2024-09-05,0.002930506964795132,0.011349480992067562,-0.003833408978782593,-0.007746742788919958,-0.011000904521700106,-0.01372653562007109,-0.011656843882925871,-0.007846692533979405,-0.0027429730486419057,-0.0015261499859458016,-0.002473137452833396,-0.002432293987318923
2024-09-06,-0.020920926842485366,-0.02527637249857051,-0.002044147989547329,-0.012514304348008598,-0.014683102041387563,-0.003430972127848708,-0.010143080619090972,-0.012631673649556308,0.0,-0.025937507861331865,-0.00952480870117356,-0.016829978520024547
2024-09-09,0.0042973135263555395,0.014583202032632636,0.00771160139408833,0.007208491342591827,0.014901908281293341,0.007015308738813619,0.01533091979914225,0.0096786053051503,0.011918348862977268,0.016378990619511313,0.010143250630111345,0.011195905333618361
2024-09-10,-0.000237676827846256,0.011455782351703858,-0.00023897814253615035,-0.017199620152267392,-0.01023379381775169,0.004579754302246775,0.0017211177194349503,0.00044057523345775174,0.01766710085544032,0.014956915623952627,0.004694962708762462,0.004355802005340692
2024-09-11,0.004161169083374494,0.009990404855108492,-0.009329106082139882,-0.009278865353939292,-0.004720157483530163,-0.0029536835172820908,0.0017963478281419754,0.0024228818169669264,-0.00267075288196017,0.03413210234124353,0.003115243905186471,0.010259078447624193
2024-09-12,0.01870717551372736,0.011266848820812303,0.006157069973498297,0.00901016426610135,0.0022583157676190346,0.003606392283802995,0.007718041926859209,0.009228872826054113,0.00178520925188419,0.008274284127251175,0.002199669438477825,0.008423235345493163
2024-09-13,0.00964671383249427,0.006799794276117543,0.007079499528869437,0.005639824459437337,0.0029293460723531783,0.0020534047339049177,0.0101346999345715,0.009035482253699323,0.00712856615715185,0.005015097397099266,0.014073794497084124,0.00522267149470057
2024-09-16,0.010475264446411447,-0.0017145007983325744,0.0039319183957151616,0.011449867438428907,0.013030741531899759,0.0069160269098267335,0.005131577580647528,0.009278295451097929,0.003317968092796386,-0.0038106002084165036,0.007639419168556039,0.0014769270312444682
2024-09-17,0.0,0.005100260474906859,-0.009494331213527385,0.01351509920791738,0.005322645543637039,-0.010302735811609232,0.0054860662066122945,0.0019240532824655876,-0.007936573594320095,-0.0019580205348467272,-0.0007583235032138091,0.00040851156037757796
2024-09-18,-0.0007973677698448478,-0.0019675461717474363,-0.0038343276840751006,0.0019375454423362637,-0.003088546337780329,-0.0016707562163048584,-0.0008337384991138341,-0.0042676697186362356,-0.002888943193543936,-0.009125430700950732,-0.007587050328866418,-0.0029656037238378063
2024-09-19,0.013567494081981879,0.022775617398345105,-0.005893629416898083,0.011943903477759088,0.011064460283218391,0.0036044334958849067,0.017216314669096455,0.015107634073770138,-0.0024514260032419966,0.02970029536445007,-0.005861369020194407,0.017064156245996998
2024-09-20,0.0,-0.0022825906388601602,0.004839833766587365,-0.002248151121796327,-0.0006566474147627899,-0.004104601360099158,-0.007008478305292831,-0.007071877620673295,-0.001787385671881192,-0.004874425427568885,0.026403419205278444,-0.0017283842272000083
2024-09-23,0.002245374757317009,0.012150584237785589,0.005797986967113422,0.012347828905318492,-0.0012088356872200778,-0.001958618664409606,0.006711704112387418,0.008734457323409606,0.011066322620459923,-0.00018454170673798398,0.00991940939810032,0.0024987947776549113
2024-09-24,0.00472798918224715,0.00875836233773275,-0.002406842176482904,-0.0024686561343608693,-0.008362589189153335,-0.00200780013081725,0.007183731454345033,0.013655180888155982,0.0,0.006844088938448456,-0.00709559953843264,0.002861268497158287
2024-09-25,-0.0031373057474024524,-0.003592681241641471,-0.0025334358541952984,-0.019572642381519345,-0.005992101190733901,-0.009734456990664997,-0.0046806081725332405,-0.006683402899270607,-0.004235418401966506,0.002862263595752035,0.005265631013146033,-0.0022054649913506585
2024-09-26,0.0056198819604222905,0.004256567528692079,0.0022978767031205383,-0.01961909776637394,0.005135032980498,0.0033422132565044116,0.005001140891463196,0.020710493327673607,-0.009850142365976478,0.013244012836412633,-0.0068596575391578485,0.003964690509809632
2024-09-27,0.006035671789870856,0.0014960638674674787,0.0018100201604420718,0.020362785453229115,0.002887797790277258,-0.0005223692507402289,0.0014112405928417004,-0.0017507116276443968,0.001356730081778279,-0.009330087200633885,0.009921112633991758,-0.0014503989358952696
2024-09-30,0.00433283832401643,-0.002340298702591115,-0.00024081008512633062,0.006996301296048557,0.003765116566842641,0.006534981513740101,0.004524141058246389,-0.005571679309318789,0.008579762387726397,0.0029319397544937953,0.004476399815938725,0.004007197783506555
2024-10-01,0.0007743272402189749,-0.004042467426493057,-0.0033735984488094672,0.022779139680551008,-0.005295601795919258,-0.005259081137657717,0.0005167139301829327,-0.0024901945623033717,-0.006044286015200795,-0.024362087985815406,0.008046526956093647,-0.00895838840635721
2024-10-02,-0.0030949985608260677,-0.008468642106484792,-0.008462206995091925,0.010244857129650287,0.0011089790014477963,-0.0020233948678648472,-0.0018448163037658727,-0.003848544934538678,-0.0036034855831840185,0.007400275979269733,0.0004912743414176024,0.0004220737216988901
2024-10-03,-0.003437197559381655,-0.011573162156577332,-0.009997488440586788,0.017636741809831102,-0.005317897055423737,-0.009025536877312557,-0.00510122376220512,-0.011068179720282512,-0.009719734531123958,0.004146241567535958,-0.00036820101472301303,-0.0018280684887858056
2024-10-04,0.011125878421522684,0.013242593890198773,0.0033250817704408853,0.009315309312480702,0.01693018501371535,0.0007919321753904196,0.006985082170469115,0.00485687942873847,-0.006619668787269606,0.011130575354992178,-0.001596223884873349,0.009087313971913868
2024-10-07,-0.01342418977886406,-0.015542207369376837,-0.00994228488410498,0.0035415534603042698,-0.012267110624309407,-0.004418157038251769,-0.0024351898133294636,-0.0029420540882205692,-0.007352794040328736,-0.0068800394482418925,-0.022998527256407053,-0.009040591890144833
2024-10-08,0.008810936549913828,0.009739156215427647,0.004959000185297047,-0.02609344208416553,0.005766194085117471,0.00543149359770001,0.002219276187164221,-0.004636905392137347,0.003009277707717084,0.018682375025985243,0.0005035809358733268,0.009457771821669514
2024-10-09,0.0003318925208903867,0.0071577204788140225,0.006044870590798057,0.006039316358380287,0.00926134549380242,0.010211514759148832,0.008931159714947734,0.006352531561018004,0.00046151207134048633,0.011188179252477726,-0.008555558111370876,0.006926373524267282
2024-10-10,-0.007405245570188512,-0.004939642287558055,-0.004414382628727287,0.0067671904046018305,-0.0030587581508675354,-0.003717132323817096,-0.005121145135203675,0.0023144670034547232,-0.008304412980213227,-0.00026034170986577454,-0.0030457199905609134,-0.0017501446222122352
2024-10-11,0.00690365636265744,-0.004254851630311474,0.005542518629124915,0.006179503663146679,0.019285432593717955,0.007331127518289238,0.01786922821882908,0.006507941251139515,0.01023469626669038,0.001736085671783183,0.00878292819798765,0.005988234357958255
2024-10-14,0.0046445084532464875,0.004374863507015103,0.0040421950822686625,-0.00043100895348802126,0.006235160347015212,0.005523469763258015,0.005996059155125577,0.00573580933269735,0.006907768614280219,0.013040991239569033,0.0126183922841554,0.008178347889252757
2024-10-15,0.002201331770578019,0.0021778253096171873,0.0063437994740458414,-0.03223022587813473,0.0021368623276321053,-0.01221398956066666,-0.00768409660462499,-0.0010369491110743256,0.012577206584874379,-0.021982697433612475,0.0044859829519459105,-0.0077698163523149955
2024-10-16,-0.0006588976498632659,0.005256061347344021,-0.0007274595626906022,0.0047893362664741534,0.012366705820898494,0.0028132013706727577,0.007743599168704929,0.007784740967987203,0.009936715049776446,0.003104734602292103,0.01984878283100522,0.004346737250428445
2024-10-17,-0.00472589792060496,-0.0009050407688643292,-0.004488619639835489,0.004766597204979295,0.0027380121508624455,-0.005806533913148559,-0.0028723612362656636,0.0015449701154970352,-0.006484786032222356,0.003051642498337337,-0.008879884687614692,8.557650753715507e-05
2024-10-18,0.00739870527387132,0.003924928554801754,0.002193522282830207,-0.0033095581297946097,0.00021000957304617707,0.004855976457773581,0.0030247066294573077,0.004010839387519782,0.006977381287198492,0.00356376761439825,0.005768267286866413,0.0038465487808529986
2024-10-21,-0.003946182170539325,-0.0077689609999197495,-0.008390146835591694,-0.00298892115836058,-0.007979840023089602,-0.011754601116073293,-0.0035183138486771792,-0.007682122564689253,-0.020563303773918018,0.004677221259484776,-0.003904767393494657,-0.0016421736446260438
2024-10-22,0.001430439236197456,-0.004041315816454838,0.0056407253249277645,0.002331566366061244,-0.0019052217689916606,-0.001453836935129571,-0.012105606092239873,-0.00918669749791956,0.001597553505286342,-0.0010345437122628587,-0.003552496796711768,-0.0005310730001248931
2024-10-23,-0.007582513359122411,-0.01572320129985061,-0.0019509864387525777,-0.0052059888512988595,-0.0008482338612664231,-0.0046985891740383146,-0.002917405716943322,-0.002708493758543651,0.00979715200679232,-0.014325920206016085,0.009589511986347832,-0.009137365781024864
2024-10-24,0.003432889603695699,0.03153660534735114,-0.0013438763059316905,-0.00011119453443408922,0.0008489539727727369,-0.006582302576943255,-0.006876472159879743,-0.012221817561434256,0.0022562893563149444,0.0029331341781502207,-0.00645417684809757,0.0021628023642212835
2024-10-25,0.0025380167583868296,0.00314715982611391,-0.008319080782369648,-0.0003342489876716481,-0.01102861900165164,-0.0054885198547443,-0.002651730865951607,-0.006345224973018815,-0.00787941728604269,0.005194163915509531,-0.014830210307910208,-0.00034551232929502795
2024-10-28,0.006384136422569409,0.002340648553932567,0.0018506336686485714,-0.006349532141863401,0.012438481446422678,0.0014807518666610786,0.0029542654999963336,0.00830136642532553,0.0031768901439384045,-0.0003038578499556799,0.007837773022211225,0.003091537766534813
2024-10-29,0.009406054225961746,-0.0052167797184304865,-0.009851026366856974,-0.015246564727126266,-0.0061427917116503306,-0.002755325023700128,-0.0013256474399261364,-0.006438717274203087,-0.00904770464644844,0.013465349107137037,-0.02135537280393518,0.001618272212904115
2024-10-30,0.006067843609901535,-0.0013983283462071228,-0.0016169667438303836,0.0022769775501849665,0.004475724787682767,-0.0018868326535258495,-0.0016958176131793845,0.005418130244069674,0.003652199173646231,-0.015900875155687832,-0.002396659726305872,-0.0030253162524023214
2024-10-31,-0.00872368253867084,-0.015303810273386897,-0.00199283035301967,0.0062470738441351426,-0.013791808909468961,-0.00843893462605505,-0.01152219804818222,-0.013208100430526337,-0.017512031513015947,-0.03209792209496043,0.01036802935458958,-0.01960308836489222
2024-11-01,0.003911285092655703,0.016252720745318916,0.00037438933416589215,-0.006321379938680427,0.0034423497868403263,0.005923608943700476,0.0013449276364236873,-0.0027839833601072117,-0.010648033116587796,0.007514356357311902,-0.022275088197853843,0.004220588805548209
2024-11-04,-0.003355071771230067,-0.0034484765005464713,0.0027449598826987387,0.017494108795892638,-0.007718590492837629,-0.00656559031431958,-0.0011193260066733046,0.004402588951273101,0.011230422151323305,-0.0007592227629952264,-0.011903310413852064,-0.0021541107650125957
2024-11-05,0.011076198767982603,0.017703067209153822,0.00634551695008434,0.006698636840315908,0.009291198491885089,0.0073584853284196505,0.016733983599925617,0.0014967027098893304,0.013651274202022279,0.014078858890802737,0.015025924172496596,0.012092034841011623
2024-11-06,0.02459455474390171,0.03198158578404953,-0.0163205151186685,0.037595759262356365,0.06080079932139548,0.00128505260810452,0.03916227011776385,0.013770249748298768,-0.026706301962037715,0.02847194647084894,-0.01033701279291932,0.02486548513056608
2024-11-07,0.013102748254919083,0.012844993946877992,0.0036450066655255853,-0.004596096415077522,-0.016145347504508356,0.007227883792383594,-0.006009891507684162,0.0038958745182471333,0.012429544902938572,0.017441668413009204,0.0018054371358184884,0.00773216736757254
2024-11-08,-0.004862873885549401,0.014190706328900848,0.01214785817874553,0.006657467976016074,0.00902570378669676,0.007175805385752243,0.010741069064213571,-0.009125156249276234,0.017141583243744485,-0.0010951663593153915,0.01917863331517844,0.0043317116431220715
2024-11-11,0.005614349572464761,0.020174768347844596,-0.0034644975578131953,0.005653285178903067,0.014230390163297857,-0.005859774137408236,0.007741581106164519,-0.004339973434253741,-0.008654104796065432,-0.005523633256181548,0.0027786382890035988,0.0009527816016310364
2024-11-12,0.004549380280286286,-0.013350866983802723,0.0011175095829798476,-0.005303395515328768,-0.003006573232145149,-0.013931496451590197,-0.008589861143566302,-0.017010490011776347,-0.012634900370528168,0.0012718843295129734,-0.011460949687332689,-0.0031063363644213693
2024-11-13,0.0004115612896111731,0.008543806357072414,0.002976566825918736,0.0077843177093486204,0.0006032067630994398,-0.0026491678195936785,0.0021131733985650936,0.002379385448672444,0.00791072689893113,-0.0034723811218669853,-0.0017836105205131236,0.0004858730531422939
2024-11-14,-0.0011316283679563277,-0.014195446505478326,-0.002473209859732761,0.003809049477389914,-0.0026120315616479095,-0.015732384686299894,-0.01687039765168319,-0.00820031529005294,-0.00900273174993571,-0.0033995140070026686,-0.0034460762044200566,-0.006430206460433574
2024-11-15,-0.019981411446750252,-0.008546958760091594,-0.008801261885941325,-0.0014758176935681933,0.004633401310406793,-0.0185442730927734,-0.005362536042633925,-0.0069624347330726755,0.0011645776667534857,-0.024815525418630524,0.01498442968743019,-0.01280864082508093
2024-11-18,0.009878987740329137,0.009229710228762622,0.0070037192819703,0.013300969543828423,0.0030077785860149753,0.0007050188648276556,-0.0013658933794278294,0.007778173080096318,0.008841361846417373,0.003235567529302763,0.00870666234559514,0.004097410127560819
2024-11-19,0.006556358858495592,0.0007428590197178231,0.0013659743670748625,-0.006354822837125074,-0.00659750474428189,-0.005143000710285173,-0.0008637665350879065,-0.0032612487234091603,0.00415138893572653,0.008193479724418085,0.006379820976223138,0.0036554745910837294
2024-11-20,0.00641027447404352,-0.0044070204085032705,-0.005084819558777376,0.01006498560297886,-0.003018595856187911,0.011826465558564703,0.001080697888979687,0.008179798164845709,-0.001607826972030102,-0.000864490685232866,0.0004973584683751753,0.0003386166964516324
2024-11-21,-0.0025682418491341785,0.0017706401376982317,0.010844851730869909,0.008096342916691368,0.012716978869912188,0.008048646169381612,0.012522472425726239,0.012224191941252016,0.006671258538010871,0.010167288148424491,0.017393214481577157,0.005368564834539624
2024-11-22,-0.0021629966518788013,0.014418611383081759,0.0092491547075928,0.0015445354185847915,0.011162077253885183,0.0009025776433571053,0.01393132280972087,0.005557254734028794,0.007541094619906374,0.0005141029342889958,-0.005372976957456865,0.0030992892063126387
2024-11-25,0.005161033106876323,0.010224691066199165,0.005498596012709411,-0.01973891857344956,0.006504936683697116,0.008532273680927682,0.0062390682372068795,0.010309317233403004,0.013381809496030073,-4.28308965588764e-05,0.0018417526144656193,0.003392210018917652
2024-11-26,0.003696883390557959,0.003630932447117985,0.004131641908819317,-0.0013633163752826416,0.0019586579379551328,0.005364808376129515,0.0011843747458379905,-0.007468962351641406,0.004923877706448865,0.005008789619616261,0.015931431316148048,0.005221484926557496
2024-11-27,0.0013300552816675193,-0.004929329957824802,0.0020575143987295874,-0.0010502928427723601,0.0019545227689037326,0.005336180788737543,-0.0036880111959463058,-0.0005298342485560159,0.0069041630931603315,-0.013545766814069715,0.0,-0.0030300880829671195
2024-11-29,0.005415397708411707,0.010270829831519723,0.005072475525675024,0.0043104061877194955,0.0015606750548269321,0.003130291171030919,0.00565722555050141,0.005090075248081138,-0.004644860442747145,0.009284107454979429,0.0003618496173882768,0.006212049739253267
2024-12-02,0.008231645285223355,0.008727021403035717,-0.001201733086298673,-0.010572623444090046,-0.009933790501424733,-0.0017636578907069822,-0.007361679260840748,-0.0006330996020683655,-0.015111154716492048,0.009498025400094479,-0.021464008454607275,0.0017924307507057868
2024-12-03,0.0080638115987679,-0.000758069452555743,-0.005173111633863359,-0.00010565362886105767,-0.007475822797972098,-0.0022424889928074343,-0.006296715969638211,-0.003167253585181662,-0.00586646199699703,0.0036025373592474264,-0.008626026315615265,0.0004637390430815014
2024-12-04,0.0022997208644208733,0.009282686370052362,-0.0027815276468587946,-0.02412449171738118,-0.003766182329323464,-0.000544926956109415,0.004365219354720784,-0.009743677333866718,-0.002723561454204937,0.018285394125838295,-0.00012419011054021212,0.006209510619023417
2024-12-05,-0.0022944442830310496,0.008180437885088265,0.004001998138213114,0.003903125104322447,0.0029845175521063805,-0.011176342892978641,-0.012127553164041793,-0.013154993778009327,-0.002503493026345893,-0.005059379005885156,0.0031079295266163154,-0.0016456371446975648
2024-12-06,0.009199039186200242,0.02105258583419456,-0.0049524450524135455,-0.01695636447996507,-0.00019834469229762508,-0.005651224265691535,-0.002554633501864134,-0.0039016734863974722,-0.001368926848404728,0.0038763221700979233,-0.012393200911423818,0.0018956945975732165
2024-12-09,-0.021301974653971656,-0.00317861147009435,-0.00157810529127822,-0.0016479588068742945,-0.013690442226944821,0.002910958829432264,-0.008679647148060354,-0.00021768017796752748,0.0020562513372111013,-0.0065187838951894506,-0.012548619094456037,-0.005149673070058869
2024-12-10,0.015691557921971855,0.001637504476534879,0.004741701706030721,-0.006822954603753595,-0.00020121652056204198,-0.004146395899111033,-0.002439924404291194,-0.010229591451416442,-0.01618777919915715,-0.01387560798203602,-0.007243582675889648,-0.003108991042220177
2024-12-11,0.01634598876307858,0.01755289810712357,-0.0076234937377752665,0.0016620189377278827,0.0020120183469458652,-0.013601733539291172,-0.00230220137043724,-0.003518345086729102,-0.002549421261942353,0.01449456604050714,-0.00627235774569157,0.007730636209670516
2024-12-12,0.0018632932752136178,-0.008286841313413396,0.0029264796581287555,-0.008075190121823339,-0.004417740983156393,-0.007949886740066137,-0.006417786653023283,-0.006951375352167499,-0.0006969797325333538,-0.005597902889220685,-0.0005153222375334776,-0.005152639643455803
2024-12-13,-0.011942108808048468,0.003964951706687536,-0.00255314920648686,-0.005018397314580869,-0.0008066605124033011,-0.0001419006521405919,-0.0026125507008257776,-0.008555520720500365,-0.004184889288361582,0.004285112508005229,0.0006443557331434757,-0.000198618165903941
2024-12-16,0.003863669747192766,0.013546208936478399,-0.005241309720162901,-0.021967970539415127,-0.0018166886710785368,-0.011915767779205222,0.000873131333485766,-0.008853479057742919,-0.005136654005426844,0.00999791695284391,-0.007985692223973273,0.004270056430311087
2024-12-17,-0.007500247841092711,0.0031423363220284273,-0.0017154801629661875,-0.007449293897496045,-0.007077864111315835,-0.0007178226430417656,-0.00916022208045053,-0.0055404969442779395,-0.004459257303138897,-0.006047125886404658,-0.004154605114184973,-0.004120299016806994
2024-12-18,-0.0285373170293185,-0.045065481356413084,-0.015220363102962708,-0.029557550602278382,-0.02993880529487003,-0.013576559639874919,-0.028248557769434135,-0.028425125238028204,-0.03913221123065802,-0.032252689019605874,-0.02359832725217581,-0.02980326114160159
2024-12-19,-0.002763381898023276,-0.0013558033434436512,-0.007104442187610416,-0.00868546305000606,0.0035690745354934883,-0.0075735636771367965,-0.001283402872622852,-0.010766689277424746,-0.017173581997178555,0.0010765783210395785,0.004539909737159453,-0.0003071527492615189
2024-12-20,0.005439693288226133,0.002540081960393792,0.0035149466042125876,0.00984142378949815,0.014853624355160466,0.012621011479302835,0.011718243226477965,0.012421718784795477,0.018222393032089945,0.014925388969625475,0.015951052727058324,0.012010907432213225
2024-12-23,0.005465352264497847,0.0030332470907061815,-0.005268757763987608,0.005872693612763102,0.002401316605097792,0.00998703815519808,-0.000225397590254528,-0.0007753385217923459,0.004559320167370373,0.01059527119838255,0.0034036019092986702,0.0059884194905495125
2024-12-24,0.009466680349597745,0.023126963922157406,0.006589027037436912,0.0084593372409687,0.011772120394096586,0.004108220458847622,0.0078124297298929335,0.005407327073431167,0.006660159001213417,0.010333230237866031,0.005521998965089203,0.011114993282984376
2024-12-26,-0.0013110016368919064,-0.003710447366558456,0.0031469654547133796,-0.0008270616693557553,0.0024494759257105425,0.002009737560646263,0.0007453987477625823,-0.0015198690546129878,0.0014701014400435586,0.0006651011982123922,-0.0023535596940476022,6.659179477574995e-05
2024-12-27,-0.008885169198801557,-0.016524069940606623,-0.0048939210566781854,-0.00011823596477189557,-0.00733055140239558,-0.004656200796808507,-0.007448319602391784,-0.0053864318138913125,-0.008074326119744457,-0.013295037098837725,-0.0028833822791227703,-0.010526584203640499
2024-12-30,-0.010493142817851075,-0.01606170112461769,-0.011727551459038144,-0.00011815542183091221,-0.009641032338628008,-0.012306470284871418,-0.01005528886069662,-0.013421292041691846,-0.0046866064831175835,-0.012716376255315742,-0.004205976946517365,-0.011411482033024556
2024-12-31,-0.003294643535418529,-0.007520468436693406,0.003062228828234259,0.013128334976360456,0.001035765504887598,0.0024046481801398567,-0.0012130537836292365,0.004057205302845368,0.007930487490942273,-0.008316678663980226,-0.0009239599441005497,-0.00363813553785719
2025-01-02,0.004855005704715865,-0.013149085787680592,-0.0030528802104445862,0.011673982831615248,-0.002483087543103446,0.00029061117590645225,-0.003490983455358476,-0.011053069558954132,-0.009343350365046188,-0.0023652850581210583,0.007662658121782018,-0.002457018332623462
2025-01-03,0.006167621694717962,0.020234899656751626,-0.0005104052283319005,0.009346877061712888,0.007882292820239112,0.0098104270310726,0.010814838132723548,-0.0002401350865929297,0.01365103185910499,0.01629521925998656,0.010620284729235152,0.012503404560544995
2025-01-06,0.010829779469324397,0.003940211832990315,-0.010468549112125358,-0.004573003016624888,-0.0030872310786561608,0.00043161271244818167,-0.002185121629845299,0.00673152720067538,-0.013712109481787027,0.012725229026245177,-0.011157231013387947,0.005760615382937484
2025-01-07,-0.01111795999650822,-0.01935893951069889,-0.0034834614425257593,0.009991910632872747,-0.002270626129202147,0.004963319735701077,-0.0009816418876457123,-0.000597169333055092,-0.00744782117827214,-0.02006273189640695,-0.0024928452773822496,-0.011304045433904064
2025-01-08,-0.00592798428688035,0.002833112365578039,0.001812347720868468,0.001023526568471933,0.0033104874103644377,0.0051535668313758,0.0039305433578624704,0.005495928433331354,0.0042521777350552625,-0.0003419549891713336,-0.0002630660404544516,0.0014610115160782478
2025-01-10,-0.014908656538298204,-0.009820183076344469,-0.013440117434613263,0.004089466140302589,-0.02412871221091406,-0.005625606769997571,-0.01121815153794592,-0.010218664429451962,-0.0241594010234798,-0.021806001763796212,-0.0056571465758621375,-0.015267427998534089
2025-01-13,0.0004176563915250231,0.005660698067155634,0.0017031357992449703,0.021043170851051007,0.007185071276896382,0.013033471128227836,0.011726097570736727,0.02232896336533341,0.012761502745500808,-0.00708107094613486,-0.011643401469230263,0.001550584739097749
2025-01-14,-0.0033384786588649407,-0.001936375440290905,0.00026133588511179084,0.010747875196547518,0.012379275643217946,-0.010320879134503858,0.011816062467230992,0.01244715383342676,0.008568652994296988,0.002641231919025433,0.013119210109212132,0.001375736572713837
2025-01-15,0.01643455334432775,0.02544670171937491,-0.0033989691239380004,0.014799363295637358,0.02549229658520913,0.004071427780450554,0.006322519513963343,0.00951055789940991,0.0042477272105980735,0.019889371566597758,0.014667109975005088,0.018190137415575514
2025-01-16,-0.005664240414897659,-0.005411894460171318,0.00747724852080256,0.007237716009855788,0.006669411553027915,0.003983732646087423,0.012121928226102474,0.008272125594764423,0.022393699352184493,-0.007705968734973756,0.02526371692010576,-0.00192320642202648
2025-01-17,0.008700100460341309,0.01402341951048025,0.0057292329772336,0.007722002095285063,0.008431990874376627,-0.006731270470711759,0.005988600604379224,0.006494878159911677,-0.0002432334957686022,0.015661698236902,0.0013969912868350143,0.010039796341615892
2025-01-21,0.009035862324720867,0.007329164140918332,0.004660748399527792,-0.005108411359012188,0.008361564561760515,0.016549998536574684,0.02054441943885532,0.012793048008368668,0.018256900673766507,0.008329401858286012,0.015347685828376312,0.009153585280629262
2025-01-22,0.009972396159568797,-0.003767816167030591,-0.004896963810844257,-0.01818573274128754,-0.0047383943114620575,-0.002245555949827671,-0.002347337346700229,-0.008048441836638665,-0.017451509745951888,0.022578984227376475,-0.021611533436540542,0.005621641275482148
2025-01-23,0.0026198119670399755,0.006042734440449227,0.003626045738537975,0.004575975085738593,0.005752876960871234,0.013363339995728696,0.010124694611017393,0.005521851671535849,0.008029139574442956,0.0017814182752129426,0.004724271449736861,0.005458057980426423
2025-01-24,0.009044343626518403,-0.006092842532592124,0.0051613500494167575,-0.009652952148585525,0.0029585179585609467,0.0015963007818906583,-0.004235089158154182,-0.0025775717932037256,0.002896492820673391,-0.010421022549710335,0.010166433598519209,-0.0029194682871930278
2025-01-27,0.0051787047243332385,0.0056954602592553805,0.027085912006444612,-0.010403827946206201,0.011012767696904291,0.022451709292359956,-0.013397644259768082,0.0005616786045408162,0.00986756761709473,-0.0490179948519982,-0.023147620128114776,-0.014145255556364478
2025-01-28,0.004854748847972656,0.0012105046229773375,-0.015622930852186134,-0.009517621744505211,-0.0017506108432087109,-0.006980616274229634,-0.006610300628182464,-0.003256559061462605,-0.012154294588095027,0.026673143212622374,-0.013779744085492429,0.008592418892591214
2025-01-29,0.004437046558815272,-0.002849830106410378,0.0024122182512353874,0.0022345507575958212,-0.0007793461413585501,-0.005869420072396991,-0.003399293238528611,-0.0018025498204742307,-0.011580186200669695,-0.008132126669766815,0.0020893097624217205,-0.004483069391403416
2025-01-30,0.0009817224715709116,0.009786086474063538,0.009879785885698489,0.005128337647640535,0.009555425461785338,0.011533569050471648,0.01117645837349035,0.009480874043560572,0.013180120190786404,0.0018554662399388189,0.02084964011517565,0.0053671859760371365
2025-01-31,0.0040206879652582295,-0.004416804664203022,-0.009406756850381393,-0.027950331483376334,-0.00579481558542172,-0.0031899842105665988,-0.007033538015491225,-0.007267566802319769,-0.0021681107383461073,-0.005857723111028279,-0.005871905303992397,-0.005321911081975883
2025-02-03,0.0021488637195559157,-0.013223007272577414,0.003925089673627591,0.00627563642167428,-0.004080173012069643,0.0038810893919378753,-0.009902608167875915,0.001013713181107656,-0.0016899401492027621,-0.013474374688628776,0.005393158332161585,-0.006729655863189077
2025-02-04,0.008966888750775004,0.011785211023461084,-0.008450090962096257,0.02097741999658309,-0.002341155552551877,-0.0027128444293860188,0.00029208942817904315,0.0029252546721898476,0.0,0.014404994421764572,-0.008812508264963936,0.006708473638427748
2025-02-05,-0.009659998079254772,-0.01134595479337075,0.006232583165463712,0.002110362748391381,0.010559350258614986,0.009589050432880164,0.0007297266226176102,-0.0007852206719154431,0.015719294518666826,0.013897316317339037,0.010050402643218437,0.0040542163230796735
2025-02-06,0.0042919342606979605,0.003970762179469567,0.0045505778889809445,-0.018397487531957912,0.008320441003000445,-0.008959244094700836,0.0045216863921531125,0.003480251753447794,0.002857279163406723,0.0027328218728801534,-0.0011480056901151947,0.003475835392326543
2025-02-07,-0.002136758423184726,-0.019558357163816265,-0.0015100212681302683,-0.00011307666164483976,-0.0055651243225145475,-0.004690160222038275,-0.002976691445898516,-0.01219494212324368,-0.0035612802607971616,-0.00855928117558502,-0.0020436170711953805,-0.00915361540214743
2025-02-10,0.004477258995794875,0.0034134046035956267,0.006175144909213781,0.022019048306704425,-0.007912048532009108,-0.0008876329417482065,0.00895650931318892,0.005096647300331103,0.001429660611957484,0.014603519959721645,0.010877847659449102,0.006791328320455037
2025-02-11,0.0016473294116938764,-0.011354055574769206,0.009644599558059408,0.008065392111582081,0.00252874442447637,-0.0018455619383944688,0.0003609203603862632,0.0058600054122279754,0.005472112743523994,0.0004655430388511572,0.005063961994007826,0.0007604384781254581
2025-02-12,0.001064179258790876,-0.0001787756005071639,-0.0007445298666058919,-0.02411217851567493,-0.0034924660183033307,-0.0014379362521005357,-0.0062044461775933035,-0.0071700732695899605,-0.008518625989523465,-0.0021579552938872926,-0.001763526740945487,-0.003221485072722685
2025-02-13,0.011499652743662825,0.01501748743529796,0.01080067232997961,0.007524565792552895,0.0066199666232935606,0.0039088202542998385,0.0010163161469076698,0.01737745735729468,0.00787593536774911,0.014163396463494404,0.002271397193763347,0.010557604278849553
2025-02-14,0.006114622192675556,-0.00044043915996083705,-0.009948141113176878,0.004012883209230322,0.001934195546475559,-0.010861496900084866,-0.002465642105011545,-0.003438264171701899,-0.004025528575407389,0.0033867730763574855,-0.004154640825713818,-4.927878362037674e-05
2025-02-18,-0.004652979878561392,-0.0027753835170087893,0.003597510816703675,0.013656128867369999,0.007142828630933407,-0.0019335705658627411,0.007851697617448972,0.01268768914947671,0.003566265170442229,0.00912617290489548,0.009355170845728455,0.0029357958462659095
2025-02-19,0.0011448971826608645,-0.0005741512088064393,0.008034407753183315,0.00788617158761551,0.00038347374719127636,0.013008594343001167,0.0010097524906180766,-0.011759472829633189,0.001895470655854714,8.249860171871681e-05,0.005260562337210395,0.0023550205989428807
2025-02-20,-0.00466945935700025,-0.008619264751684286,-0.003923921145525311,0.009128515298794992,-0.015328734458839866,0.005601147869490841,-0.006557666926862216,-0.002335402664582098,0.006857311909093999,-0.0031793660181337335,-0.00012455121432974892,-0.004160346116164559
2025-02-21,-0.013690690819538553,-0.026305137946702195,0.011695223638579666,-0.02078406403884281,-0.01245376847429569,-0.005366357903416663,-0.021906174437036352,-0.01828113468858561,-0.008219882782037669,-0.027090882672863525,0.0002492325569665166,-0.017104107843856187
2025-02-24,0.0019413763159328301,-0.0037547503967655382,0.0030420410870146686,0.00021984424373755473,0.004335008057417156,0.008126867772208168,-0.004523875065488792,-0.0011355759979426727,0.004499148082723448,-0.014305678772033037,-0.004983111890315084,-0.004550303389776356
2025-02-25,-0.014822714653092484,-0.005239786124453194,0.014194025453348136,-0.014403443897156643,-0.00019617443772834697,0.008603325191922861,0.0051404646772470475,0.007730035646148936,0.0106082836493675,-0.012958485272559828,-0.0050082667915937185,-0.004973390324342075
2025-02-26,-0.0017700907592554938,-0.004112182415372367,-0.01913897401428588,-0.00568942376728554,-0.002158571894469108,-0.007186621938502058,0.0005928677001436622,-0.00045132935077951686,-0.004898529590472767,0.010896673362415843,0.00415254997149983,0.0005050065539069504
2025-02-27,-0.009654173183811232,-0.014428839842759777,-0.00012185584811286176,0.0053854179314964945,0.0055064605700227975,-0.004058911744677318,-0.003481494689467901,-0.006771049324063694,0.004453797766281298,-0.03640693784920601,-0.022180516766735825,-0.015961909523318774
2025-02-28,0.014622349959824366,0.01661726313400491,0.013294263723352184,0.015511692840598723,0.020535840455562226,0.011615159913210826,0.013380044896826426,0.008521644937136141,0.007001312763678547,0.013208110385636296,0.015250681218904827,0.015605382783750565
2025-03-03,-0.009999954311682657,-0.01842939206296501,0.005296065832890662,-0.03494503378745739,-0.008432263129794504,0.004364609618271009,-0.014230284949026228,-0.020053963360174176,0.008574542153049869,-0.030417216379096446,0.0013885513380014203,-0.01751987501654706
2025-03-04,-0.007922307712187604,-0.017643120734136652,-0.01700182773663028,-0.009678947533685922,-0.03517601618123589,-0.009292633576242215,-0.019495306158436754,-0.013566507980503073,-0.011488965044702537,-0.0007774112788616616,-0.016261176488750806,-0.011836867992038314
2025-03-05,0.012876743362238985,0.015222864409013326,0.00414124207874722,-0.014602693312744108,0.005809345766930152,0.010054416600048244,0.015784935912640963,0.026107398321426833,0.00929788460875658,0.01405049912780476,-0.007047632227303091,0.010747947228388455
2025-03-06,-0.017936237003915223,-0.025353617143138663,0.0018194298433089617,0.0030337872573473756,-0.016530490526255548,-0.0027389948223791594,-0.008591763942403907,-0.005224912267632442,-0.027406602193790763,-0.027756648974043174,-0.020777050395713315,-0.017751367776947857
2025-03-07,0.006422419504438892,-0.0018442454061288194,0.0032691028316818027,0.017100936915357856,-0.005265321397920131,6.682703055815864e-05,0.011680386964305178,0.0027402541643739564,0.005683149403657994,0.014483308028936381,0.018582034599685437,0.005604886452460267
2025-03-10,-0.024927706522285487,-0.03568813163234863,-0.002172076920085586,0.007434575833231261,-0.022394144504412905,-0.01078507807015594,-0.015642302022011334,-0.0208381088914803,-0.00965381391228659,-0.04250923412570584,0.01099758055902944,-0.026635406729509925
2025-03-11,-0.014725555332723128,-0.009781801196819151,-0.014634807513966064,-0.007947422759277845,-0.008538157914406264,-0.010902664154232022,-0.015361356538184268,-0.007675289841909683,-0.010461266815897874,-0.004062263821336343,-0.00934217426885553,-0.008313000999340847
2025-03-12,0.004981933126449345,0.00580480115870996,-0.021726038377407275,0.004577805077617736,0.0014702978207339346,-0.009995940854410468,-7.6902007124513e-05,-0.004687792625028719,-0.003603870947739396,0.015739046259985123,-0.0031004131555567582,0.005306488547146326
2025-03-13,-0.020551503690795392,-0.02495822212514942,-0.004642065260968775,-0.006835279827064666,-0.005453053460379498,-0.005325079357446971,-0.010222060717579029,-0.0007062775101602803,-0.01953239299644738,-0.018990921131694205,0.0024619513102497326,-0.013330437810785023
2025-03-14,0.0183467447539285,0.021287641991492467,0.0022689287322872342,0.02959400477158214,0.02319697295290779,0.007647951230102423,0.01824836423892484,0.013078788962266774,0.019429600383196854,0.03024169236015628,0.019519253256849778,0.020655906135268243
2025-03-17,0.007144397770164179,0.001575961856396857,0.014589227846073305,0.01593127891732915,0.011747777140070026,0.012695725497967159,0.013802978745355077,0.012561025181997643,0.017611496925031167,0.006964630162159979,0.004184240908701398,0.00771133679017999
2025-03-18,-0.013981661321505356,-0.017816404341213676,-0.011404324664890941,0.0016448758165215072,-0.0012222828683625675,0.00047703774391760767,-0.007973548690617172,-0.0017227646524882179,-0.006164256603403584,-0.015225441688842434,-0.006944509294004697,-0.010808487898628982
2025-03-19,0.011886015465838229,0.019173343897968653,0.0,0.01631288651178342,0.011013769340158852,0.0005448498676801083,0.013269582801505697,0.003336745151113041,0.0011928527870721517,0.013009772637311956,0.0036872381579098334,0.010890956650734918
2025-03-20,-0.002163799554227075,-0.002383412178375899,-0.004890238580627648,0.0036624933506665958,0.001412004628661423,0.0006123425229833668,-0.005013664957082775,-0.006307440869316228,-0.0011914315845859003,-0.007119256188948042,0.004053694782915507,-0.0028919175507399197
2025-03-21,0.007847939780462276,0.0036088717547506644,-0.00037802850334911486,-0.006976547469468075,-0.0036260638368939,-0.00278874094311643,-0.005340082936189483,-0.00992501777724586,-0.009780475127853072,0.0027181037917054507,-0.006434561572372877,0.00033000177186570667
2025-03-24,0.01416079405619719,0.03748947890910137,0.006183903781974642,0.011393881380473259,0.017633665387480457,0.007635151757146685,0.018544419019493663,0.013550766702915995,0.013916629586997908,0.018938678946683885,-0.0003197217310093592,0.01790837800678835
2025-03-25,0.012665818470412482,0.007978913990873693,-0.009067961437275729,0.004092663512213157,0.005583111116002959,-0.012775936850090597,0.0014892955081595716,-0.00023115277114005295,-0.011955938026066204,0.003308302504273719,-0.015990795211125786,0.002403929606058286
2025-03-26,-0.008505175928249065,-0.0130634351484481,0.015505899110964227,0.005899382549951815,-0.0029744618986531357,-0.0036485251591136247,-0.006617572981767017,0.001849378987506256,0.00508214726287104,-0.02230365533555967,0.006630291516214193,-0.011938335860707916
2025-03-27,-0.004440291613744596,0.0006397407370477559,0.01138913450976431,-0.009703571609192108,-0.0019888131675280807,0.0015891486528125665,-0.005314356874514425,-0.0004616489108238975,-0.002407846859674101,-0.009228073321943753,-0.0002582228475411785,-0.002655627315210407
2025-03-28,-0.029498364830430668,-0.03107794800354513,-0.004949747339651256,-0.004737834905608862,-0.0193304348668093,-0.0031041724907562296,-0.02061856632218395,-0.018351562243018815,-0.0004826740488308445,-0.024254089940258572,0.007363394210233798,-0.020138321487112032
2025-03-31,0.0074160185482967655,0.0021316283643280087,0.015669582102913804,0.011035439060450125,0.012192736792498549,0.010310056182504024,0.0070688449467335435,0.010934613475441335,0.010625303199235825,0.0004844239858587951,0.011156606972968053,0.006712689237152292
2025-04-01,0.0006220968679011563,0.010432563520756055,0.0014694326400805924,0.005885494137251035,-0.0012045474534336797,-0.01828649609555244,0.005645802367111541,0.0037218972240558035,0.0007169353643996512,0.0073131430233972505,0.0025365266649761686,0.002824553701041621
2025-04-02,0.0035229971755039724,0.01899554389470315,-0.002934456626972337,0.001382968086941938,0.008241118143008208,0.006697279276545842,0.009407456220874133,0.008227024325508259,0.004775542740570238,0.007404170245683739,0.004680621690769771,0.0063284086265045225
2025-04-03,-0.04460510118696126,-0.06040043816020013,0.005763432091185683,-0.07850849092500478,-0.049242404281469754,-0.00810791293644586,-0.05411495580890324,-0.04516710407084712,-0.029943010709444495,-0.06824793282741337,-0.0062957047343413786,-0.04928080108999533
2025-04-04,-0.05727859489842202,-0.04313447770267398,-0.043404157590284376,-0.09199899457448768,-0.07318097800743806,-0.054845240151732755,-0.06285266676820989,-0.06259044502098687,-0.045565927745669255,-0.06587110981031408,-0.05562611333624101,-0.05854299254528794
2025-04-07,0.0013755242443915794,-0.011816807116724504,-0.011598163894890101,-0.006475403406132285,-0.002488582089525959,-0.005987577894727258,-0.0046633626080549995,-0.016050405576165994,-0.024127289704495958,0.00597688305009747,-0.015295654823634375,-0.0017812496995063265
2025-04-08,-0.013966764492560624,-0.02375020912281367,-0.015473871076966073,-0.02313099971549326,-0.0038558739812042386,-0.011080722526494724,-0.008263036893365938,-0.03079722586031608,-0.024723703455061807,-0.02033134472453657,-0.004087854878999875,-0.01566269392150721
2025-04-09,0.0883547814678336,0.10888046874337753,0.03876859215545281,0.07744639904909545,0.07536433394992348,0.04346521944875814,0.08881640993764583,0.08738383089417767,0.05744322520626133,0.13425693453170173,0.03940349269869525,0.10501937798947614
2025-04-10,-0.034563659032502025,-0.03907123348320696,0.0005044856217615301,-0.0653230241605468,-0.02794838512787301,-0.02788974509300235,-0.025796840972527324,-0.031946455809539476,-0.0211678339915361,-0.04655162317232531,-0.007502967072511302,-0.043819062573260736
2025-04-11,0.008508235052507862,0.009685852560137098,0.012602398341887033,0.024811592088578083,0.01655422568125009,0.014678528804966229,0.01765329317845077,0.029675093317353962,0.014069609452682652,0.02047647082816506,0.012201611346641883,0.01784277577362925
2025-04-14,0.006683492063088048,0.002899170154881725,0.01705046666162291,0.0035493502442118796,0.010285057099041595,0.012201211140081547,0.01042411251639197,0.012049845160158945,0.022096671569717286,0.009125310703715472,0.017950800819086288,0.00970139106478829
2025-04-15,0.002503260771080207,-0.00720028683549323,-0.008443511987033747,-0.001515698549697908,0.0025449230150276225,-0.0061352753448024044,-0.004961452569348546,-0.007855865332623058,0.001508183449240752,0.0036470226740692446,-0.00012867932928184445,-0.0028007924327630995
2025-04-16,-0.026924326721581293,-0.024669112476468857,-0.010736823788358718,0.008222580245781375,-0.015654690112066882,-0.010167773301038574,-0.013692118912301376,-0.007794134466327818,-0.0005018374888096089,-0.03474528924197662,-0.00901135532833508,-0.02222796326408627
2025-04-17,0.0064711528384227,0.006296000516567535,0.021332356597101088,0.022584687602901887,0.002579084288070188,-0.005869724910511409,0.005456594176630691,0.006857948408157011,0.01582106775757719,-0.005415018002783656,0.01026229886901553,0.0014267171117980926
2025-04-21,-0.022503111458459735,-0.026699015004258086,-0.009527449093754026,-0.026134940966672238,-0.021436442193375038,-0.021551460621584084,-0.02242619867077067,-0.015232313742750803,-0.020766410222688103,-0.025821741736535953,-0.023659445968641002,-0.02380276591259234
2025-04-22,0.026083053431789294,0.0316431422679222,0.014181887253086112,0.025450333667652147,0.033077841470269265,0.01878248554197759,0.017470822742007508,0.023390460046419648,0.020449420807501895,0.024377273251018128,0.02726194263466941,0.02601794197538787
2025-04-23,0.016025515111039335,0.0223464598176375,-0.005714980731511443,-0.0018427993087187788,0.011874504985117662,0.0049608357202348685,0.012517104908488452,0.0012288545958374364,0.0012370343881176193,0.028992888728020416,0.004230857347185424,0.01549536109982208
2025-04-24,0.02001536351545008,0.019913780874323717,-0.008805041769350153,0.016001747111301423,0.01110638202549219,0.012230133474804283,0.022426505885112746,0.02160026110816493,0.0029652341375914215,0.037315736550679546,0.0015319385393839369,0.02104902854861268
2025-04-25,0.006291900546909535,0.017979515470174512,-0.0025911048377128543,-0.0018171243236470014,-0.004766761570079492,0.004803811166587346,-7.76205341157521e-05,-0.007448223100944618,-0.0014782828100499135,0.014798272181197447,-0.0030593919023249594,0.007225197278295514
2025-04-28,0.003815254930150891,0.00035429049059532147,-0.003339949428087352,0.007039531036777236,0.003123580356324762,0.003983980909616047,0.0033333157091401944,0.0018154279623348035,0.006168286827695324,-0.0016308388922352535,0.006137460042446419,0.000381272763119167
2025-04-29,0.0072846151462602204,0.00708244272357339,0.008315731671898474,-0.0028923692230043985,0.010380051257101508,0.004906275197108734,0.006489326747096236,0.00833640151623416,0.008092235174463669,0.004660443932162028,0.007751895199290093,0.0062992771837018235
2025-04-30,0.00031443894036509157,-0.009092363697953965,0.007262635197158751,-0.026955261122980523,0.0018491024720803662,0.00854395007470421,0.007215292765180292,0.005152160016330676,0.004621677240232547,0.004160702380935799,-0.005044165701166947,0.0003970534524835312
2025-05-01,0.005134032297836599,0.005525849821565121,-0.008676635976751501,0.0037267398957032682,-0.00020496147067150527,-0.02726560482852247,0.007544610384155881,-0.004410573500204462,0.0029055459424989216,0.014668699335421476,0.0029150369709076696,0.007086979683865069
2025-05-02,0.015532103965415489,0.01552804995788759,0.005423963442649837,0.014603960298854135,0.020717950762483728,0.013831922471456926,0.017926051972289025,0.01688216271923748,0.012312890999589099,0.016709755909356083,0.00783522936270531,0.014844024038501491
2025-05-05,0.00236106655152013,-0.010624074789520543,-0.0008582041695402998,-0.018053214739964574,-0.006430942266663631,-0.0028151691674564994,0.0005200898079331662,-0.007417688343643092,-0.0011923908823692209,-0.005309017548740136,-0.002507901305053295,-0.005734324797424639
2025-05-06,-0.00020500237517262487,-0.008731040661268397,-0.0017179795134842912,0.0002483770760077775,-0.005663368335708352,-0.02758072109402321,-0.00876359186838882,-0.00723619723187463,-0.006924522711947656,-0.00830788247296721,0.012193624488817889,-0.008358326594873233
2025-05-07,-0.0018437339499207672,0.007795584327549232,0.0015980744304597838,0.0003727193471581014,0.005898997566563757,0.007667669892573947,0.005094783839880934,-0.005496444207182205,-0.000721225721821761,0.010015442667264063,0.002856486908479283,0.00420552756227166
2025-05-08,0.002360260401861769,0.011803551855447125,-0.0012273341173207886,0.013159357416827833,0.008291272735047706,-0.009012994786711803,0.013790678265580336,0.013336551699811627,-0.004812408248736744,0.009545423220274074,-0.008049546260785578,0.006967762571935099
2025-05-09,-0.005118729308845937,0.0048154845812771185,-0.005775180547756942,0.010047868558551443,0.0,-0.010884236974797568,0.0008087506017184776,0.0026084505242869316,0.006044503116311883,-0.0012392557695419804,0.0017478994645294677,-0.0012741118157988396
2025-05-12,0.020786176209468987,0.049701007503267114,0.0014829422127726755,0.02608273554865259,0.020256643821796816,0.024721334457789235,0.030783884893266222,0.023178781958359984,0.0009612677518737733,0.04641547466332718,-0.0059819901599533765,0.03304742941467098
2025-05-13,0.009778168382688746,0.013225493762041962,-0.013451720293464087,0.014069440345886086,0.0041282585160185015,-0.030082449938404365,0.006985066018133423,-0.004969940935926731,-0.01344539807550571,0.021607304305556685,-0.0013792319605597791,0.006603860821533747
2025-05-14,0.005191334499212497,0.003855372700940496,-0.005379096589877785,-0.006062587152637744,-0.002740806643077298,-0.023508009619184755,-0.004813142345305166,-0.009176447007490096,-0.00851785190467702,0.006491349611695396,-0.004394237989383543,0.0012780826440004223
2025-05-15,0.003972568572607971,-0.0022210535885867078,0.020500513791241293,0.004222798141968909,0.006674505619802984,0.013124246839489428,0.01109529868018333,0.010199303124661885,0.01840947356013256,0.0013667280371982837,0.021311463166537203,0.004884179799500954
2025-05-16,0.006825512135567369,0.009460561471959839,0.011461735123776906,-0.0015184098626418452,0.006045205209053828,0.020159245297412642,0.011395565566785892,0.010212309663723662,0.012533007486079661,0.0018766779399284061,0.014693099692472344,0.00633404459345166
2025-05-19,0.000982506320133858,-0.002342974513577012,0.0029242528192070516,-0.012985585087564755,0.0005814559334085256,0.00961751016499579,0.0034081088817954353,0.002527335442002565,0.0021423300706764348,-0.001447405188680695,0.004258860952158328,0.0010940280836999605
2025-05-20,-0.0024538928783746083,-0.005203478371446413,0.0035234452743775346,-0.009245015036415727,-0.005424195083366334,0.0024558312583644604,-0.003604457819440521,-0.0017187863047866125,-0.00522558032656828,-0.003751886555150241,0.0029080509370578156,-0.0033622573759429786
2025-05-21,-0.007477932034843038,-0.02027493968093097,-0.011622434555048855,-0.018423180467677103,-0.020451873599805825,-0.02316252878712044,-0.016904227566698404,-0.013314916423952883,-0.026504276472044674,-0.01878721074673062,-0.018243183873490998,-0.016850775346555102
2025-05-22,-0.0021810444215540903,0.0042995207561891124,-0.004164487237173886,-0.0039001198899251133,-0.0011931277818520991,-0.007827805586080094,-0.00021248443115495785,-0.0010470242602251822,-0.003433902528307109,0.0002616780795388074,-0.014275201124765213,0.00039460189702000825
2025-05-23,-0.004570361688026159,-0.008985685106563168,0.003690056966711097,0.0031811819048566115,-0.0035834269463800306,-0.0016086933247173585,-0.0032556417170240826,-0.001979856096268273,0.00024608891601207716,-0.011031618855749659,0.011985089323282017,-0.006825639685453577
2025-05-27,0.01626909038236679,0.029527652514572233,0.009068450835259867,0.00865961542721494,0.017582290586060534,0.013963595697701559,0.017609839688087936,0.017503105640992,0.016486350373402736,0.02376441811946961,0.007525151054399881,0.02079046874263546
2025-05-28,-0.0001963784228942167,-0.009175961221303264,-0.006801170698032322,-0.012696410319164797,-0.006675816876833274,-0.005145233544453398,-0.00495417351636307,-0.013646714945206972,0.0,-0.004134264030731805,-0.013958624589228252,-0.005785347645933303
2025-05-29,-0.008055074655954564,0.00041874166945032876,0.004035335954436947,0.007470891623989395,0.005139381924915032,0.006692988402948963,0.0009116675068372437,0.0037204168849536146,0.009198698874402611,0.0016864570561736514,0.006953873664365728,0.003947442276660329
2025-05-30,0.004159325575128214,-0.005442581815608971,0.008768773781212547,-0.008874350751619686,0.002163286176869672,0.002115396536967795,0.0006305043546073197,0.00011567663505629433,0.0009594231350202875,-0.0031084111967276673,0.010235785019592436,-0.0011185059286688004
2025-06-02,0.004930864489817832,0.0023386787715475865,0.00060371290106076,0.01312404435979908,0.00039245491879125183,0.0006030895638573508,-0.0012603226842886617,0.005906874530146267,0.0014378029973249884,0.008834515813320287,0.0031736777916970826,0.0056330263090189625
2025-06-03,-0.0028459356879939612,0.005319591098276177,-0.0009652244849437386,0.011864418171675162,0.0019615810407236367,0.002335798578539716,0.007711787785581015,0.010247605899734058,-0.0035894420037987373,0.015024686084042393,0.0026771383283263894,0.005702556673914838
2025-06-04,0.0063970899703573725,-0.0026458286854894597,-0.00700490077034166,-0.019502318889483727,-0.0056774178033868195,0.0019544121378762824,0.0005564024242277199,0.003761145502625629,0.003121941423554375,0.0014803520979322915,-0.017475830314688134,-0.00026861623700524806
2025-06-05,0.0013690370439705113,-0.02522450055068637,-0.00960845269603583,-0.0009762198005286438,-0.0027565327307743637,-0.0013504512993134377,-0.000695251004475983,-0.005904322457321642,-0.00023946793884643824,-0.0028294166942851584,-0.001605557896987353,-0.004832756264298466
2025-06-06,0.012793031525420107,0.012986443506443512,0.0031931058774186116,0.018810328029870593,0.012438416320447399,0.009541179597544192,0.0084191451092277,0.0026269660887181523,0.002873731455144801,0.009443965406178645,0.0044537687877648224,0.010269030973764526
2025-06-09,-0.0028926664606752084,0.008012391945612984,-0.0013467224052858828,0.0019181692071894574,-0.0054602342552076966,-0.001711663468736857,-0.0008969039645294608,0.0067214349687714225,-0.000477677877010918,0.0049085020412020786,-0.006404815419020271,0.0009013320810069558
2025-06-10,0.012667931912187402,0.011969854340652786,0.0022065322295865553,0.017829315670573997,0.0011765175750506618,0.011404956601883676,-0.004350971827671524,0.006223738632664677,0.008839076134332657,0.005594273988123621,0.002355374089142659,0.005669717805285801
2025-06-11,-0.0022917992691178224,-0.007900822656738415,-0.0034247084599481337,0.014460450175522555,-0.001175135008060546,0.00051599486350562,0.00048570926563806793,-0.009896389272027406,-0.005446447555948808,-0.0022003840849005307,0.0006183684935197054,-0.002852077351950366
2025-06-12,-0.00813559754193205,-0.004703893955514515,0.00589095184329258,0.0034766783778381605,0.0,0.0078084412431775885,-0.0026344754516692825,0.004202580205276973,0.005476273793969755,0.009278537486366645,0.012112220153050135,0.0039742753822695764
2025-06-13,-0.010132037444859798,-0.009218045962888444,-0.012201077643378966,0.017438390012741722,-0.020392107484743183,-0.004970354153839174,-0.008411166309816531,-0.011650276395669401,-0.008051147311593287,-0.014016548993283418,-0.0057394758196134266,-0.011180162300879815
2025-06-16,0.017157114574152255,0.010767959055613785,0.0032116429296658033,-0.0029511694083049766,0.011409037753656204,-0.003085161716309237,0.006870103989967902,0.008468736311743053,0.0009548425536396454,0.016180908157501506,-0.004912826545847904,0.009514240829000764
2025-06-17,-0.008817239064676019,-0.017241356964650234,-0.008495587642502356,0.009335319845671819,-0.005739060931990614,-0.01650588308589529,-0.007519290402451362,-0.009759402342933488,-0.0040544708770208215,-0.007076967290006508,-0.008269501983896865,-0.008544966880486782
2025-06-18,0.0004835004443757285,0.0004753498011853541,-0.0012418128290921926,-0.006541966368508678,-0.0003980792540591027,-0.0017231001543929203,-0.0023851304970450293,-0.002865031591046785,0.0019158209700964601,0.0012017277885050248,0.0026133965664183467,-0.0001508166576998926
2025-06-20,-0.006088772298791678,0.0011879563401513415,0.007335677784569228,0.010218071610242685,0.0027875870869404906,-0.004803340737708051,0.0011249952580141276,-0.006780736938850285,-0.00023897211725487644,-0.0044286873736401056,0.0027309736581264676,-0.002348474253184407
2025-06-23,0.012662015842561436,0.01982093398537077,0.011582194045355765,-0.02528831199946946,0.012592711118603495,0.001439592862386263,0.013541286010027243,0.011141818673315873,0.014594110551831907,0.0114017285879775,0.012676988033979875,0.009877485739587577
2025-06-24,0.012898177907614938,0.005550403475968135,-0.0008600046679912987,-0.013018838661724152,0.014954825505056668,0.01225777401549255,0.00834127359207626,0.008281530024801809,0.004755072618509049,0.01795123455827219,0.004308261512081968,0.011047186039507384
2025-06-25,-0.00018999515468309802,-0.011781617045448778,-0.013402187784498754,-0.004357539290678503,-0.003295966033487141,0.0008971901966623452,-0.008823856568061283,-0.009582501714341829,-0.024372902636973115,0.008534151869413309,-0.013359342485556036,0.0005603844216792719
2025-06-26,0.011595798517521239,0.00919970040705742,-0.0008723397643676245,0.014312691798342936,0.007391599469394494,0.0023898987933748117,0.010849872845746455,0.011057272928270079,-0.00630600726992625,0.006898030215137796,0.008323007832702789,0.007823809728070064
2025-06-27,0.011744801906228508,0.01665038532042651,0.004739805120480112,-0.005247807045107522,0.0028962592403347642,-0.00216072534670797,0.009976701993841042,0.0012532235483191378,0.0036611129031931533,-0.0011949982359112932,0.001971213881488465,0.0049683222933454285
2025-06-30,0.007893726013445512,-0.005764235122601269,0.005214284956399418,-0.005744383422744637,0.00827868247838981,0.006421211687386519,0.0049730311610436395,-0.0009102141531140973,0.007295708035019555,0.009809791808689017,0.004057515670322198,0.004781179328798402
2025-07-01,-0.007094745975834593,0.004279306848518294,0.01247373383757644,0.007664160213619153,0.005537667970269666,0.014244367457202589,0.0033214735470190604,0.025851232398961033,0.006760021154481821,-0.008924624457312569,0.0034287087300266528,-0.00032361428413474336
2025-07-02,-0.002876787220549515,0.008017903831371909,0.002927603574413684,0.017201161859752512,-0.0007596250250762049,-0.009874822088194235,0.0010135160182207503,0.014986719683869998,0.0019185063037785444,0.010558985142440802,-0.008664746612029983,0.00453326557880418
2025-07-03,0.0054909256507731374,0.005454375294820846,-0.0004865573047586613,0.00115024872884395,0.010832407006790667,0.0010341023226814183,0.00850435138008332,-0.0006561867672542077,0.0004787790105700296,0.013169338136552078,0.007509369938152988,0.007881400243543668
2025-07-07,-0.009626004405533961,-0.012702973302679221,-0.0008517466578937816,-0.009651801845045105,-0.009588239552606126,-0.00841322370675679,-0.003480214824602146,-0.009631185452012803,-0.007655570961754954,-0.007939009382400553,0.002077442415413966,-0.007451971921066947
2025-07-08,-0.002056168733629238,-0.003388155488321165,-0.009256018661007559,0.026917169577429068,-0.008921874365748761,0.0045400756921936125,-0.00026862780185643587,0.008177696859478667,-0.0014465349091066226,0.005374319613074441,-0.010608563790372671,-0.0005477352950125081
2025-07-09,0.002622189289307464,0.005926486612966242,-0.006514916056070019,-0.00508416515430532,0.003639132989141869,0.0038527405138888415,0.0069863033610340075,0.006028643272135037,-0.00048265449683748685,0.006008605062190586,0.009366510838436648,0.005996656078344209
2025-07-10,-0.0033626101705824807,0.011052865969743086,0.003588209561528277,0.007608578541425048,0.005916120378234302,0.006125898729077317,0.005603860829259233,0.005338832080967082,0.00507232113452849,-0.0032965806512870177,0.008180638768711113,0.002820258275139098
2025-07-11,-0.006466699711157542,0.0002709807788421337,-0.0036987326613145965,0.004508012707978182,-0.01043445846589297,-0.008289384656261833,-0.0035823114464995642,-0.008128294792444146,-0.000961280483265381,-0.004397225180141295,-0.0014533199556728826,-0.0035154084840562927
2025-07-14,0.00981048020436126,0.003703257194080267,0.0008661866334798152,-0.01099517115956783,0.007477006167338152,-0.001183432360380876,0.005392837257612193,-0.005572484742511263,0.006735532957482082,-0.000820810689496021,0.0040023991567568196,0.0019081841138897104
2025-07-15,-0.00990193468436762,-0.014308159325464254,-0.01001481334985288,-0.014407320966734138,-0.017126528751534975,-0.017995917638535697,-0.007482905471170365,-0.020547226098869387,-0.012903148545895804,0.008879669941966206,-0.009543307766915032,-0.004273310957695342
2025-07-16,0.0030190721744913773,0.0018258093250276275,0.0034969633412285095,-0.008632555818044563,0.006969863112332497,0.012443420768703639,0.00353614833096616,0.0026923509311329585,0.010893132345845435,0.0031019111878982653,0.0004878987994016981,0.0033432737161649406
2025-07-17,0.0034805106735249502,0.0034173898859721774,0.009458667039052848,0.006153491192165461,0.009613609898226905,-0.011396783019475554,0.009241409314920457,0.007048552951148146,-0.0009577332066182942,0.009083316761832716,0.004144973995563017,0.006119637877514572
2025-07-18,-0.00459320469589064,0.008854715464696516,-0.0027123975068912287,-0.008077554252599262,0.0005713831263665092,-0.0066305384478700935,-0.002239715082339888,0.0023331016313328234,0.002876332369290413,-0.0006510176439883386,0.016753471106522255,-0.0007322363413652111
2025-07-21,0.013372213949312206,0.004726091629089657,-0.00012368780422744585,-0.010353741390758286,-0.0028550629736702193,-0.005688684983240044,-0.005281951536293628,0.005098609364499351,0.0038239846572802882,0.0013031186656402571,0.0032239442706165633,0.001896143305678999
2025-07-22,0.0023232028022301954,0.010124577703430004,0.009149473292344501,0.004702148408149087,0.005535479502103424,0.018613187658351515,0.002389407085024997,0.01378475347617214,0.017381031104010347,-0.009263682671747375,0.012259033712762823,0.00014299913248505547
2025-07-23,0.0054700534413878454,0.004745507627259116,0.00036755251048647963,0.0156780052210006,0.00797266682315212,0.02051983536415225,0.017944663958809226,0.0033721828127686315,0.0028083451505969137,0.005718544125329128,-0.007524962340610952,0.008507477186705525
2025-07-24,0.0016598270007357474,-0.016552753514881724,-0.0035517341749043974,0.007142035048162354,-0.0005650344018039988,-0.0037427282484895352,-0.0016913215089285893,-0.010299244116281692,-0.0014001941705727994,0.004225863225820525,-0.0013031852553047063,0.0003310296833012316
2025-07-25,-0.009297649448910539,0.009290800759315099,0.0017205657773078364,-0.003774473180382598,0.006971918812413769,0.005303372338707701,0.009904291480313354,0.01183041167620158,0.0,0.0022954019664545022,0.002609585472947762,0.004224435835635587
2025-07-28,-0.0053892921368607904,0.005825570294200499,-0.010306625177709194,0.011366231093614898,-0.006923647702744562,-0.008719104528581045,-0.0030969711867102623,-0.014506937376487672,-0.01729382871803664,0.007977335080391557,-0.010648237668093197,-0.0002510690047468067
2025-07-29,-0.00859494958571183,-0.006897029510048225,0.006570841170518538,0.009762680633928156,-0.005087600647766255,-0.006356778040530142,-0.01139087145828277,-0.0038448465240253915,0.016646852671717394,3.798704885582538e-05,0.011480565914172125,-0.0026376616892719307
2025-07-30,0.003109647317539821,-0.006321743276691216,-0.008868076152364623,-0.014277568562709675,-0.0018938804762075323,-0.0017851267310630137,-0.004910023542858188,-0.020180898278749804,-0.014035064399071984,0.002233948583984846,0.007448468077629666,-0.0012593696215839056
2025-07-31,0.009018368247726505,-0.007930216628997178,-0.008574714803036843,-0.005360464138689625,-0.006262039308652878,-0.028020161715786696,6.588898011883337e-05,-0.012605402032874968,-0.017556323037242638,-0.007329484900765015,0.00539839396468067,-0.003751066887460741
2025-08-01,-0.012010064451703828,-0.02411596418717099,0.004763172140553662,-0.018575827933274947,-0.01852184313461802,0.005367019298010645,-0.014933241474420988,-0.011512566162455773,-0.0028978648675743734,-0.021580198675512197,0.0015175348599123506,-0.016390513653391614
2025-08-04,0.01922345301306594,0.01175442761326595,0.0048651126320966576,-0.0022199643474755115,0.009922072887128763,0.014336837783177181,0.009215772226430552,0.013261059026833832,0.008476582499448826,0.020305634072079526,0.017715495124064118,0.015199764160073403
2025-08-05,-0.0077663420560343255,0.0012808004911635251,-0.0009929978127960482,0.0012880341790582062,-0.004045464365711959,-0.0038341107461318247,-0.0020512823659670776,0.0070558091428822856,0.0033621525509552885,-0.008273128566364196,-0.010650402072009735,-0.005070024116712868
2025-08-06,0.0038205615242856705,0.020784734011193295,0.014291028938493211,-0.009238603021137326,0.004835626899857726,-0.015018997105615828,0.0007956769449120049,-0.010848685947230319,-0.008377263125761036,0.011263911386978576,-0.008913038978920707,0.007659759469106797
2025-08-07,-0.004270128989490973,-0.0003133135192753267,0.007596021172023626,-0.0038951172857831784,-0.01116457676358662,-0.01149343246875345,-0.0014574789004507815,0.004341521293272477,0.0038620185157050013,0.0009123433181843499,0.010861958059597665,-0.000837636431655131
2025-08-08,0.0033560993456107635,0.00174575763547824,0.0029184436581628503,0.006398853874285182,0.009343955616927246,0.008914201323712012,0.0007962047981491249,0.005004949897038813,-0.008174908135825443,0.009989110330551387,-0.004275082949674935,0.007797652437033564
2025-08-11,0.005110153799156469,0.002591843177202069,-0.000848648602914448,-0.008006716834817573,-0.00038567123044286333,0.0009986001467603423,-0.0032486855242901402,-0.0022637756764135597,-0.00581830517502846,-0.0067691280415709265,-0.003132857338241535,-0.0019775980053369224
2025-08-12,0.019134757254042567,0.010608078136317367,0.002669419561091013,0.004866504487201828,0.01215505002318884,0.006907799565973205,0.010376342096281466,0.013046111718843179,0.0017069491855690178,0.01548533416745057,0.004306748185127329,0.010646078845516938
2025-08-13,0.007800459806841964,0.013716176748148623,0.0,0.01157571060584095,0.005718612595657646,0.016007187625109776,0.003818379134279626,0.018812948948733643,0.006572453084371821,0.00037299169535875976,0.0022022197437012725,0.0034232284065640606
2025-08-14,0.0008100103653514434,-0.001131239807117268,-0.008955604018368923,-0.000934151977129094,0.0047384011086568645,0.005026707733565949,-0.008853428952717568,-0.010441880298384776,-0.007013200414605958,-0.002161539056969808,-0.006938858058588959,9.29178689290655e-05
2025-08-15,0.002517961770943211,-0.0023955808843267867,0.0015875402031630959,0.0,-0.010375334626922084,0.0167962044838168,-0.004565760823101006,0.0,0.006575750492844978,-0.007582405217356647,-0.0029113773767557305,-0.0023411979263346927
2025-08-18,-0.006099750624132594,0.004016746694331275,-0.0013409608227593628,-0.005960660705944698,0.0007624472185296938,-0.0023493680858657218,0.003921802299001742,-0.005775760169059452,-0.00943636189340602,0.002145247578081211,-0.00432151872137565,-0.0002176166478941033
2025-08-19,-0.005595644914199838,-0.00047825168516513195,0.01025493704375946,0.0003527023959528641,0.0019047765219137869,0.006402057578988041,0.0021850264696021693,0.006032791893327394,0.01783095567337023,-0.017463392546993917,0.00973613661407935,-0.005425196437217061
2025-08-20,-0.0029951306777120656,-0.009876086792031002,0.005679911233324342,0.008345179172615014,0.0051330602457200225,0.0054109238132982185,-0.0009250186555810336,0.0007772687621119267,0.0038397749584662133,-0.006765705012071965,0.00104549887952321,-0.002657080804944645
2025-08-21,-0.0010923080471849644,-0.005932013738660591,-0.009012335570713903,0.006877198156384434,-0.003215326884850045,-0.003345448337387036,-0.003571042747548381,0.002995979098830537,-0.0035859369686035425,-0.003617222128299402,-0.006846890268285888,-0.004011809805612443
2025-08-22,0.014398862284302094,0.030367381407600202,0.0,0.020375100911923294,0.016508531576481023,0.008245833579739736,0.016325964167541063,0.01980312553553154,0.01583486776378118,0.013556686378725757,0.0053751459292832315,0.015356833041096918
2025-08-25,0.0016171099954054302,-0.002016272408139397,-0.017097205014622308,0.0026096104212329774,-0.005786908226551701,-0.014257724474410094,-0.009990731175425038,-0.005532586216486335,-0.004959710160704511,-0.0022483989232281454,-0.011273868479707128,-0.004401115665894628
2025-08-26,-0.004395040923742988,0.004599519490283699,-0.006538320460407365,-0.001584285342289271,0.0076981147885166745,0.006240668577274011,0.010289626648314343,0.002727023891542668,-0.0028484339046249696,0.004583089529123674,0.0022334509333563624,0.004187065214133812
2025-08-27,0.0017118248988814422,0.0002139799722116198,0.002980219919743954,0.011220479233714054,0.002049548918788169,-0.0005836289805319916,-0.00013056955063595055,0.002502241690111706,0.004284574180283496,0.005398899226379372,0.00023454713776605018,0.002278548405594716
2025-08-28,0.003777282224387557,0.0017112104149377139,-0.00631405269648333,0.0076217276862518,0.0013015514386540694,-0.003942476254123917,0.0017628182001392378,0.0,-0.002607086696365779,0.007903241897576185,-0.0076220060296664505,0.003541324132844581
2025-08-29,-0.001971170438340719,-0.010292541880355777,0.006478734265016994,0.005450366945694229,0.002600006963662027,0.007329766789354819,-0.009190255556761118,0.0014106997708180913,0.005465719986672113,-0.015344848779773601,-0.0036630073967174326,-0.005963639392962183
2025-09-02,-0.001705692632994693,-0.007465317038419572,-0.0016091605477862592,0.0014383458691771267,-0.007408835008481773,0.0009458876143624284,-0.00953903832625358,-0.0074772715257567235,-0.01701724379466074,-0.010097292060634033,-0.003320638506776663,-0.007410347641911175
2025-09-03,0.016726619129867837,0.004043330133202128,-0.0007440435681113078,-0.022426079076400485,-0.0016794594154616593,-0.00472496878236317,-0.005047757785642593,-0.0067691480401794735,-0.0026448874065501116,0.0059662169430594325,-0.0024987764132601287,0.005419642546478309
2025-09-04,0.009021760787944144,0.01827316311363303,0.0006204493368624497,0.00666754029755845,0.010467340338448095,0.0037979200797051416,0.011281749167903143,0.0038473818905253587,0.006750147412419638,0.004935904260594981,-0.0011929277123412518,0.008357320883294106
2025-09-05,0.005347064508310906,-0.0002126514675795388,0.002852277796727698,-0.01930853929847487,-0.018313080891838807,0.003419903947163183,-0.0036966954904987803,0.007008295368366113,0.010057663382339488,0.0008373768390841363,-0.003105204078144297,-0.0028961941058495144
2025-09-08,0.0011335084788495209,0.00387053049970576,-0.0037098063109174406,-0.002289354322293269,0.0007537564642501327,-0.0003625196965282296,0.0022528304510587294,0.0008700140398421041,-0.006638311519666762,0.007494606945404714,-0.010183242558715833,0.0024564823904422717
2025-09-09,0.0056610581783247405,-0.0013981772225463152,0.0019858918567727812,0.004818747941491841,0.004330579980861726,0.005368138234514985,-0.006742891157112463,-0.016297380520101212,-0.00047721943532896827,0.0019258292215189599,0.006899138739558719,0.002311884840038969
2025-09-10,-0.007361254916401494,-0.011964889628465092,-0.009785652333115458,0.01746962875770075,-0.00337458953327463,-0.009091581230283863,0.007387648219199239,0.0018777434165937468,-0.00047772996290285086,0.018127657016141274,0.017189479921772666,0.002890900462591439
2025-09-11,0.015355115091582494,0.019452897533417834,0.008131032654977277,0.00022451009258062093,0.01636575589043976,0.017403303487104615,0.009513835763085732,0.020945835308755045,0.016244643001917414,0.003368475417101946,0.005317872684111435,0.008310290457562264
2025-09-12,0.008334715150688066,0.005181206191330556,-0.0033503485831678503,-0.005946460845154711,-0.00425691239200876,-0.011523079494158761,-0.007984331746521134,-0.010042182080261752,-0.004466352632673032,-0.0006640089708551677,0.005054579334937248,-0.0003345365701959979
2025-09-15,0.01406058697341761,0.008674411594167042,-0.011453981022296889,-0.003385882047490796,-0.002230442691318335,-0.008543917681621105,0.004617870455121853,-0.008071467016266154,-0.0011806977214425807,0.009007733647328653,0.0023391629423319404,0.005323774557475458
2025-09-16,-0.004033732874244578,0.006148765551273527,0.004533851062632044,0.016760980070609888,-0.002235500853368544,0.0,-0.002954883774131778,-0.003079074687016292,-0.0059100939172332945,-0.0034758817490841976,-0.01820294632535635,-0.0013768849532600491
2025-09-17,0.0026156795679439515,-0.0025188035616411364,0.0060180800951143976,0.0023390188441165805,0.009708826343190147,0.001971814090505619,-0.004544609189567228,0.002316374237236518,-0.00047561095549375487,-0.003451174791567757,0.002495806536127576,-0.0012422701734727815
2025-09-18,0.0007573216208203171,-0.004512117686937378,-0.00872388623993714,-0.003111443276590742,0.000924491547557027,0.0019679336911244683,0.010652329124553717,0.0,0.0007137559033678631,0.01727890087745121,0.0007114185371386306,0.004672499098921978
2025-09-19,0.004120508352589924,0.0037841002565959236,-0.0020115095213257828,-0.01326501654981005,0.0022168448721004985,-0.00130937902298911,0.002422279630226898,-0.00044009678367729066,-0.004992915381830998,0.010140472953942936,0.0063972859706118435,0.00495277480627232
2025-09-22,-0.0034874999013386754,-0.0032577238677850007,-0.01114926354131951,-0.0011507401112826887,-0.0013315492701079235,-0.0002560221463679957,0.0033444390701220517,-0.0003428758413992483,0.0032986059707578175,0.014711388201588793,0.009693989883207799,0.004731049353107419
2025-09-23,-0.0014336157110050873,-0.009409565548008425,0.005002474316356587,0.01722368682245068,-0.004444439359755359,0.002268932590452799,0.00026135963750073543,-0.0032090292233153406,0.007919404274483899,-0.008632415718237252,0.005164345217986366,-0.005443562937222368
2025-09-24,-0.00827641761583986,0.007061239713555434,0.0021697806116236507,0.01300745933725711,-0.002790094564576573,-0.004016463561898664,-0.005161962416689536,-0.012211475953246675,-0.010238027901227631,-0.006173702727002017,0.0071228072090361305,-0.0031816645261014687
2025-09-25,-0.0034063364978476063,-0.014106934733428167,-0.009551754455999428,0.008966149953912428,-0.0026115038838369076,-0.016569952990252546,-0.006765235832952743,-0.013036550671421732,-0.0024055693443000292,-0.0017594860756033892,-0.00962321428055335,-0.004613374905433676
2025-09-26,0.009741099531683117,0.01477445559732149,0.0024432112842536213,0.009215525049755868,0.007293791961599183,0.010213898949620548,0.008993575363268835,0.011614604728916511,0.009886673917586686,0.003021625501606673,0.016272504073369554,0.0057290340826092745
2025-09-29,0.0032157520710593968,0.004380183060799014,0.0019241131069243078,-0.018371460155003683,0.0050130177015936805,0.0029518897066975747,0.0030803873564908546,0.0038271138418199957,0.0019100982065032301,0.005343582745211739,0.002879889649993972,0.0028104467833012237
2025-09-30,-0.0015183341067545042,-0.00465187895117547,0.0033285783164049842,-0.010631388918787676,-0.004803263568540106,0.024061904921655053,0.007709903128402029,0.004933868441908018,0.004051570465396281,0.005457699875033306,0.0017229360311681319,0.003766834755358328
2025-10-01,-0.014023851740921911,0.006259378931608772,-0.001531177938795425,0.0,-0.008910329248685844,0.030897584061783778,-0.0027880572509298984,-0.010488759381417023,0.0,0.009792296994492578,0.009632061090112165,0.0034074798459751143
2025-10-02,-0.002227754871898635,-0.007215721313365342,-0.00396165040403218,-0.010073667854474833,-0.0007492392437341566,-0.0019517827050443692,0.002600702020415291,0.011614788475501792,-0.0052219255616950955,0.005410637608705526,-0.001817246778679893,0.001151824796685963
2025-10-03,-0.0005151942642013241,-0.006432750112882801,0.00115464418554323,0.005314326932185365,0.006935369974333749,0.011383577820160973,0.001362009021700139,0.0016720811148518422,0.004056310273347741,-0.005032052716477664,0.011605518548462479,-1.4805406382656372e-05
2025-10-06,0.001031051940200589,0.008576493269591756,-0.007304811636600017,0.004948716018538857,-0.0003723183465614843,-0.00483359763346447,0.0046628097832381865,-0.000890270752613942,-0.00998105215761469,0.010115112278402671,0.009672531368921655,0.003586271966467658
2025-10-07,-0.003862396300599591,-0.01750736848086276,0.009295198248333358,0.001566833657650868,0.0013035995670007683,0.0007631872035906984,-0.005672650004549196,-0.004009831242959838,-0.003120465635066072,-0.006675987431881358,0.004567359110182911,-0.0037075138893177817
2025-10-08,-0.004135801822193863,0.0029699548264419118,-0.004988695696435674,-0.00581053877972415,-0.004835493895312792,0.0019413911603161083,0.008687189531187745,0.005367908653035602,-0.005056617957906018,0.01753726489150509,0.006875129569483773,0.005963055269571305
2025-10-09,-0.005710261098741398,-0.0049915644949586335,0.0032139305026570586,-0.013600251385328499,-0.003550689013486874,-0.0022144031169760714,-0.014782466844805442,-0.013681812396151183,-0.004598273536189357,-0.0016857471731271945,-0.0025330308040429905,-0.002896974724933221
2025-10-10,-0.018447648026868935,-0.02750616536289663,0.0007686766318213412,-0.02894258991106069,-0.021755449072830224,-0.014425349910154428,-0.022115002188436095,-0.020525627169276972,-0.010940867156774225,-0.04069601649614796,-0.004085365738282332,-0.027027862178845674
2025-10-13,0.009219834680285643,0.02233885220519438,-0.0033291048539898505,0.013611797898389844,0.00958582269755337,-0.0011260090472228201,0.010407108796457898,0.015889612382232077,0.005653837611594437,0.02435429601170913,0.007649814333530847,0.015344118135168339
2025-10-14,0.00658815067463947,0.0020951875471819648,0.01605863076494418,-0.00011568087178404074,0.011014058426796147,0.002747428021958598,0.011752213403813716,0.009973897354481398,0.009533114512920715,-0.012834438557507877,0.008911765618387246,-0.0012216462876413203
2025-10-15,0.007068722187514753,0.001450857555067353,0.0017702926403324604,-0.0005789228548718217,0.0,0.0015456794643411431,-0.004176410033066791,-0.0044889054553355345,0.014527870981543733,0.009910693723528485,0.013086216633333203,0.004439529909605389
2025-10-16,-0.01065854619994222,-0.009672389589287955,-0.006941862272060728,-0.01204820910263149,-0.02779865264629755,-0.0016833569572086704,-0.006553134808079508,-0.007439969850703831,-0.003102685283214557,0.0007388554443763518,-0.010871980478246779,-0.006810134562330372
2025-10-17,0.006744358730296662,0.008605120023628343,0.013345242312388761,0.008208421216892248,0.008114383603745612,0.006674957923842539,0.0008575168622477758,-0.0019306817887454475,0.006464051443134666,0.001757255192803342,-0.0034824422771204677,0.005676205164253156
2025-10-20,0.011310236331856904,0.007934508659426243,-0.0008778945221648016,0.010583824126597197,0.011690335854351641,0.01060928985975318,0.011797340485695917,0.011948125577038837,0.01046611663559105,0.011157561534448579,-0.00032759861369047183,0.010400500262923273
2025-10-21,0.003527107919859329,0.012231295578826185,-0.0046448656896412865,-0.0023018327580247577,-0.0011365592922042422,0.002348240175443328,0.008858734377429789,-0.003823240485608448,-0.003060230882684034,0.000520402377882645,-0.010159395639051327,-1.494287878323064e-05
2025-10-22,-0.008658348640128266,-0.007818708047418466,0.00567531862036641,0.012804196049601702,-0.005689335870941892,0.00571905151448493,-0.012977828801261415,-0.003047726803029671,0.004486438499311074,-0.009884096168366718,-0.0023177439548018874,-0.005198916065879078
2025-10-23,-0.0033725186101327687,0.004508955390619018,-0.00489090441201967,0.013325891708905635,0.0020980605625076088,0.000547942362604692,0.012494210562350672,0.012001704962222748,-0.000940139741295809,0.012609923655765964,-0.0007742325080971613,0.005929962705964353
2025-10-24,0.0026030597993020876,-0.0029784817380599238,-0.0032766613326581373,-0.010115822072634839,0.010848799387384034,-6.836268925269895e-05,0.00083999844470517,-0.00413953916463905,0.003529394527443497,0.01553146088445434,0.011734679446184115,0.008172554694480416
2025-10-27,0.013933375742233522,0.014390344173230707,0.0016438642655516311,0.0023843643096090883,0.004142323117924507,0.0023281944571000857,0.005680606667966215,-0.00044942961353744426,0.002110225756783324,0.01846180787396845,0.0027354789393778667,0.011797664492784632
2025-10-28,-0.0049504683754573175,0.00024883378266249423,-0.009972236320492156,-0.010421271591473547,-0.006375336948739374,-0.006285323798494558,-0.007124967519925196,0.001348721269716746,-0.02222749612055397,0.009899570745349306,-0.01647741351427745,0.002655926209922388
2025-10-29,-0.002487581737068978,-0.008252504221896828,-0.02358795611128328,0.007440440845696061,-0.016984407484710418,-0.010106653360851703,0.0025860059939455393,-0.019643025134004843,-0.027279253208080778,0.007186458810958474,-0.0003328326007587812,0.0004804602529762114
2025-10-30,-0.01694046115894743,-0.022579948009988193,-0.0010446792845782982,-0.005908427091124713,0.002687708560743518,0.002222662072284942,-0.002514723394321794,-0.013395890274535027,0.005658010056436513,-0.012297351942477719,-0.004217600265593924,-0.010998097614260183
2025-10-31,0.004286227236509621,0.026438515588584233,-0.002875796048340651,0.00731508317636087,0.0026803562936255076,-0.00034657764747680897,0.00239181104712638,-0.005802576031511797,0.0004893494172306667,0.0009652831587361188,-0.006910466083340783,0.0032801312668069293
2025-11-03,-0.010626283040546691,0.009377720069518647,-0.007865653876314105,0.00011347229470359821,-0.00420078167451754,0.0013864698074530502,-0.00425643301582479,-0.006186430429281353,-0.0017115979890567345,0.004090854946600331,0.0005612793812708183,0.0018767398754619968
2025-11-04,-0.006866835217100409,-0.016599182020421988,0.004095977062116951,-0.010778290911723443,0.0051773206022056595,0.004499975285442437,-0.011593232889551608,-0.004932966648964476,0.0026940462412554655,-0.02639865199754654,-0.0035893865512163226,-0.01185354736001909
2025-11-05,0.005407372279944145,0.012176702370951364,-0.0006578275171945647,0.0026379997938699162,0.0034338184491320423,0.003859394694389451,0.0038660662019964764,0.0059017052321461705,-0.0002441248139768426,0.0039123997691856705,0.00022510642570550132,0.0034653852011290454
2025-11-06,-0.008993093617959969,-0.023106273831568602,-0.004477381741273989,0.00972303298309063,-0.003612117311340368,0.001922225465365468,-0.0039816865126409695,-0.004928335858091271,-0.0048864633321012985,-0.02009553967853661,-0.004389507965150474,-0.010729363869237507
2025-11-07,-0.002580160061566028,0.0015711389665669095,0.014682630879075953,0.014387772063968018,0.007059685413198125,0.001370520155922872,0.004849657882146641,0.012028146243322935,0.013258015732235062,-0.003458417352354748,0.013904638034800021,0.000984565078659072
2025-11-10,0.010436195878946286,0.013143464489209888,-0.003650130406758878,0.009046257889307574,0.0035998717132370572,0.0078004905207997854,0.005673892995088137,0.00943838441497169,-0.0007268978391585801,0.02557616247092165,-0.00033437856308582425,0.01560437034633999
2025-11-11,0.008121409509653121,0.0024689803628215046,0.013083967216261705,0.013060297476159777,0.004530861202584724,0.023085396870501596,0.0002594255366359377,0.010388998393062732,0.011154317761212562,-0.008527069740130178,0.0005575998566818008,0.002289177027853917
2025-11-12,-0.005779197303072747,-0.006720925001874378,-0.0014207281276913397,-0.013984497236568028,0.008644963286081664,0.014202395651043975,0.0009725684989194683,0.007083328438278524,-0.007913799467116456,0.003105766067702076,0.002340735836972252,0.0005563903663643455
2025-11-13,-0.014180106260108793,-0.024964282272046168,0.0,0.00254846975994516,-0.012856302664592256,-0.0005235477667810962,-0.015480277717241031,-0.0065797811955454755,-0.013052912746630674,-0.024938800425801433,-0.013789932811079098,-0.01659390636118807
2025-11-14,-0.005360471910259235,-0.00478451994218243,-0.0007759352895752025,0.017020351364705144,-0.010003735831933924,-0.005957830354924032,6.582040527747246e-05,-0.009135518759201045,0.002939020574582729,0.005443362442926647,0.000902124498802559,-0.0001637328001578009
2025-11-17,-0.0013473230701485095,-0.009398375021523853,-0.006342330413823927,-0.018256963132158077,-0.01906579040454548,-0.000856147128237672,-0.009801937159420793,-0.015212625322428286,-0.00659339419214755,-0.015651558691138767,0.009012938513887514,-0.009316529838549359
2025-11-18,0.005666405203124558,-0.018450523537984598,0.004298523123822617,0.007969882287927277,-0.001554980843041287,0.0058666430313876194,-0.004451282993102823,0.0008191332442870625,0.0036872979560291785,-0.01625310539566238,-0.0037963136435060774,-0.008397554120144202
2025-11-19,-0.005545037437988065,4.458073629454162e-05,-0.007652206797050476,-0.012958466876246355,0.003698680785312769,-0.001703867382946589,0.003336697935520272,0.0025725570946297793,-0.00783745214415843,0.0069527322909286315,-0.008406120752510238,0.003863270235832328
2025-11-20,-0.0109722418683047,-0.014921437134084226,0.0071884479979544835,-0.011348473020255101,-0.008727657674881706,-0.005973866439515918,-0.016760887774337818,-0.01492880520322315,-0.003455862562877776,-0.03139131201890055,-0.005086429592862873,-0.015242227316648038
2025-11-21,0.017550356642568543,0.01962378791974917,0.010900757088533997,0.006301982312242549,0.010956746789100524,0.021067154834861546,0.012176041589120112,0.022377484487657417,0.013128672770266192,0.003858192864836907,0.0014768780702103523,0.009961138168965045
2025-11-24,0.009919499480919303,0.01334806323848059,-0.011553369931167623,-0.002795708454924384,0.004257691359224047,0.004204265320128853,0.00247279732638761,0.001968602112526918,0.0014668514458382464,0.023828724851061356,0.011344356881670237,0.014718606876234608
2025-11-25,0.011414903770859075,0.021399556897064853,0.013766170299442493,-0.006280160780514077,0.01252664285316718,0.022607186448668104,0.012800066656966314,0.014909944016778143,0.008056678907742088,0.0026812259198463195,-0.0038138597382479933,0.009405836039293458
2025-11-26,0.0013998059413522501,0.006855204014220462,0.01088920782235192,0.0075611962062234195,0.007803504316091114,-0.0022044518889836606,0.005792509949180236,0.012299285279318006,0.004359464097590804,0.011837707360067062,0.013286727762288786,0.006903582418005261
2025-11-28,0.008125120520188434,0.006212809074399583,0.005829365046468693,0.013104900275107578,0.007176555142690999,-0.004860567446665631,0.005824525076372433,0.005737485114399643,0.004822645686783922,0.008598239411719222,0.0071119377978978715,0.0054584342293309
2025-12-01,-0.00467980959451697,0.0005920428275472123,-0.0010079569038327074,0.009618529947452048,-0.00825054252448576,-0.014969858828168037,-0.014639832831838895,-0.0024609065684022546,-0.013918708038332062,0.00045429808376984404,-0.023391760088708025,-0.004565560353440801
2025-12-02,0.003308710661259484,-0.0006762941700575453,-0.0065582812812603475,-0.012921572374207657,-0.0009452568663260719,-0.005988678884002896,0.008716254357415743,-0.009082690955377948,-0.0024337655495078048,0.010302020259084887,-0.007117853653281769,0.001852367504067809
2025-12-03,-0.0008678594757126623,0.010785050977450084,0.000761849623776234,0.018748594835432897,0.013436764975393256,0.004664320039215353,0.009492144524190227,0.007015909751475036,0.0019515714851194854,0.002385089741900659,-0.0031862676879694796,0.003462749080359595
2025-12-04,0.005732714110338932,-0.003556722481678265,-0.004820617070992794,0.004247026287357292,0.0020541075047821877,-0.007609019966838493,0.0051875747334548805,-0.005843290008160862,-0.0017043228275224198,0.003724273589680971,-0.0020546717327109,0.000731139787988333
2025-12-05,0.011572607826960235,0.005543024006986252,0.00012755904792705053,-0.004120625594113636,0.00037273467443466046,-0.004158388300679272,-0.002773928960171812,-0.0032780343644341903,-0.00024386306606460906,0.007317859034925878,-0.009380007246166278,0.001899394752821859
2025-12-08,-0.007427572166900598,-0.014532690219514754,-0.008284523820276446,-0.010888503258881244,-0.0037258140912420634,-0.011940676278326401,-0.0012291174988136033,-0.013835400011170562,-0.0060990191791151505,0.0070259226408675435,-0.013394896691339753,-0.0030042091058060105
2025-12-09,0.0011181556669224157,-8.475887725645226e-05,0.00231334691276186,0.006164706638021045,-0.0037396754972160995,-0.009707336797721955,-0.007319278123396833,-0.0020698437107958823,-0.0058910261105826756,0.002641709920368829,0.0007022051264986562,-0.000863028073573191
2025-12-10,0.005842429229277357,0.014663487841762413,0.002949165316817437,0.010503269875437704,0.011448980967282196,0.014537300198304681,0.01826966309963929,0.019589812709362553,0.0019753764509753413,0.004796635369398006,-0.00046783862291632783,0.00663214455678518
2025-12-11,-0.0022209042505725307,0.003926109183868043,0.007414901665463214,-0.004763947443033212,0.018185116659178213,0.009464863187396144,0.010701113270840112,0.019891433114866075,0.005421189552187622,-0.0051099292442020605,0.007254938349476658,0.0023270355362734474
2025-12-12,-0.0022258476450686127,0.0043268268822840295,0.00786799898406021,-0.009791174729660068,0.0014581307272145683,0.0031254402524583114,-0.006276571992436919,0.0006649556546292068,-0.0012254844320666036,-0.02892474625572028,-0.004879161193669268,-0.010752074615154483
2025-12-15,0.00017160608833033386,0.008533643543590097,0.002770161057836562,-0.007031385113877686,0.0007278281707165934,0.01324155926961823,0.0015949624247986183,-0.0006645137824319303,0.0039264195417001435,-0.009673609498594082,0.009105766646041902,-0.001510898681416406
2025-12-16,0.0006862405371155234,0.001642969251103521,-0.004520477285894886,-0.030537736939311277,-0.006364812611718285,-0.013004356797628014,-0.005923984519323078,-0.0026594799020345228,-0.0087997243732032,0.0018271053642959778,-0.004164759189234979,-0.002732285145230273
2025-12-17,-0.007201013284309332,-0.011564066221056102,0.004667130174160983,0.02214104531373695,-0.00018295406580959295,-0.0018175002635620885,-0.016211644152576365,0.004222100328897138,0.004438923489825886,-0.022236127256639815,-0.006505699081441385,-0.011003593983400228
2025-12-18,0.005698986917677118,0.015101203261409957,-0.005775206717261172,-0.014515341210769028,-0.001647453327927817,0.0007804187450031197,0.006513339669325324,-0.0004425315507972094,-0.006138048593621881,0.015424242500840402,0.009822313899783275,0.00755126270975226
2025-12-19,0.0004293099096031039,-0.004005261049631503,-0.005177508319327284,0.0,0.005500525833448622,0.006692148900162342,0.00860680602036168,0.004427702638109654,-0.003705516102030404,0.021619371563020406,-0.01273730745455992,0.009063506223587092
2025-12-22,0.004442821761343252,0.006011107876307431,-0.0034931300885258088,0.01035257346760976,0.0122784157112803,0.00659180408319604,0.011086160282808732,0.01180849827421726,0.0074195630550701885,0.005395401640550412,0.0037104856394558627,0.006229803850433591
2025-12-23,0.006257453460477569,-0.0013894859640755097,-0.004750910269566755,0.0065595593591267765,0.0019884150548643564,-0.0019961223064883793,-0.00038199331750987664,0.0017517059363976184,-0.00024869107045788486,0.005442105475013559,0.0035317377598920174,0.004570492347330646
2025-12-24,0.005963014289636526,0.0034377938630332228,0.007869998261720967,-0.002921254573422405,0.005412238957069437,0.005226074331906583,0.003248623673211659,0.0019672126737557694,0.00647085439979822,0.0023982041817813826,0.004458117290146113,0.003517674396244841
2025-12-26,-0.0010161140205084962,-0.0044048329881282156,0.0014081469195958984,-0.0038314015950023927,-0.001973855544898484,0.0016046928227184676,-0.001841204331704649,0.005890051038215605,0.0019782828589085533,0.001572045936863553,-0.0007008460903696889,-0.00010140966545213459
2025-12-29,-0.000678185102252038,-0.00983210423662273,0.0006389422986714521,0.009502212242263885,-0.005393681616094104,-0.0015380212541993288,-0.0021627832481577736,-0.008024278689461206,0.002714660793601942,-0.004504134914436242,0.0018700529197686055,-0.0035636535074947684
2025-12-30,0.0033929663805629673,-0.004054609863041847,-0.0016605839776246967,0.007619956438571496,-0.0025307985933361588,-0.0008343945987172585,-0.0028686771298365166,-0.00021870171230575775,0.0022152202882255168,-0.0031534649945776927,0.002333248035865765,-0.0012212136133650242
2025-12-31,-0.0048186568428689736,-0.007892947496348168,-0.006014183421225949,-0.0055605507375202645,-0.007430220180136615,-0.005652584186761511,-0.008310902620764948,-0.008309623550605494,-0.009086559588413423,-0.009903096023203717,-0.00628496100673126,-0.0074088529688375315
2026-01-02,-0.006965671421132802,-0.008877040262130653,0.00012879272188848212,0.021024388716479825,0.002921316045747968,0.004586505220410375,0.018437334333803568,0.016979001664418458,0.0007435947877894034,0.0022921124939148108,0.0114781534290882,0.0018329931020035772
2026-01-05,0.007271196003399094,0.01647657121938706,-0.004376399818977528,0.02716318488588465,0.02184601609941672,-0.003022401016663623,0.011836942282320129,0.00997405375078153,0.0012381799196496956,0.002217545918676622,-0.011116286927567831,0.0066602071082446646
2026-01-06,-0.0035668308969459828,0.006400677998262383,0.0015514071281628183,-0.026658141920365752,0.004810323261373428,0.01967250735483228,0.01357526679222798,0.01975102631257375,0.006678248071389392,0.014036827117565709,0.004918017648043005,0.005947158299371091
2026-01-07,-0.0020455877580496384,-0.0014041245438793926,-0.010971870614039037,-0.01117436212867895,-0.014007128547516623,0.00993101922998485,-0.018824881153949424,-0.017263144394358387,-0.013759229755740732,-0.000818254043004174,-0.02423676475556602,-0.003223412281198157
2026-01-08,0.0033308200138870703,0.01670794953047139,0.023753565716928104,0.03146464683251926,0.005214891747526762,-0.009645506363782586,0.007548655057794784,0.017566395618407338,0.007473788321514574,-0.015628141427414532,0.002866044614677987,-0.00010152731427326422
2026-01-09,0.0036602040467736963,0.012121759374112084,0.010326305990214779,0.0025778478223212886,-0.003041158126318444,-0.005122721466825908,0.01098824062788406,0.015999959839783306,0.0014836881951854064,0.01324177379895719,0.012383757269960993,0.006613382996888628
2026-01-12,-0.003053190689701335,0.0008840871214015333,0.011734975684670967,-0.007070957507300024,-0.007895215052145077,0.00044501283826337,0.007657720297643111,0.005387492121341708,0.0029629802515491743,0.004379056011539317,0.001646848375636667,0.00157043300066384
2026-01-13,-0.005614593608797569,-0.0024894852482204577,0.011598863305807505,0.014242540548565774,-0.01917167096408412,-0.004066599613600674,0.005147886579160765,0.004328084705600421,0.007631721126165392,-0.0021118849930809036,0.006340868531932831,-0.0019995067653818532
2026-01-14,-0.002138762130774019,-0.015779714991247307,0.013808499484136316,0.02255325864648694,-0.0014751671562841517,0.007145607649105878,0.00158537092919242,0.0004104071681083621,0.011238639263341899,-0.012151782308395864,0.007467901780784381,-0.004915252903138989
2026-01-15,-0.003686629214192827,0.003680975982770507,0.0017024822738345158,-0.00936330416809461,0.004062756138349499,-0.0057011574572108925,0.00919210098789014,0.004307665217366585,0.0074898381479129306,0.005252323915753587,0.010192373356960438,0.0027232975079871657
2026-01-16,-0.00894927089076114,-0.003259944065480358,-0.003156446108423805,0.0016803027111715885,0.0012874387463437387,-0.007772783492418944,0.006755940883782285,-0.00571894462168776,0.012230100469170724,0.0010998255463636752,-0.005044724190776839,-0.000837905189162047
2026-01-20,-0.01476076988111874,-0.02600169082673265,0.00304469081098957,-0.0018871898071639581,-0.022777279376513748,-0.0021831677117262194,-0.02019164489997738,-0.010065698622530816,-0.019189602839420616,-0.02595799708597002,-0.009910112343533228,-0.02035680001149731
2026-01-21,0.010222857135901098,0.019140368208952596,0.0009713248580276446,0.02415964978403573,0.004887132912642533,0.018404123642326242,0.017305665480144006,0.021788854821149117,0.0036230219379134176,0.013888995230790346,0.0013966180067075395,0.0115411092816613
2026-01-22,0.014132494656123873,0.010049430680538984,-0.002062120960520053,0.0032820983915551327,0.006546984218517071,0.00018951937439348754,-0.00516950280106554,0.0056863452808653125,-0.009867531929180662,0.0074403695115137225,-0.007205915773962457,0.005223257672714476
2026-01-23,0.006107567112277668,0.004159188861969643,0.00777938157282998,0.005724744184957942,-0.013752104868407167,-0.005117122946865504,-0.007734164084472028,0.009087313184712453,0.002673749456662211,0.0014494649416672,-0.0035120730282367507,0.00036273518897367296
2026-01-26,0.006925379048948743,-0.006578427994285874,-0.00156803694409835,0.0006099330402331571,0.00640666100176035,0.003937077894512919,0.0009743293044366386,0.0012005918065594035,-0.000727183047083857,0.0068233619735385,0.007283708281065948,0.00507823176187272
2026-01-27,-0.007387283252059618,0.003024842749257184,0.004590547399539124,0.009142554438777317,-0.007676456340965032,-0.016761647160031812,0.00413679888416274,-0.0009993574900075686,0.0007277122270785696,0.013485863104976792,0.013062889492254648,0.003984165378470905
2026-01-28,-0.0012831213451276469,-0.007498563875645847,-0.010101028868708894,0.007650535140373282,-0.00018868434089847064,-0.007333601813308999,-0.005573766043268313,-0.0006002143226835344,-0.009696994854778485,0.007970128368420815,-0.002302624990709101,-0.0001006645803248718
2026-01-29,0.026038559001808625,-0.004763111341651305,-0.002308193312011042,0.00919075745688036,0.010568026716180734,-0.0031753525623668954,0.01047884088114226,0.0010009579937968471,0.012729446161739322,-0.015814420408687524,0.0,-0.001984377154833794
2026-01-30,0.0024209254774285593,-0.0001649680748850857,0.016802771160552732,0.010690962564097628,-0.0020542104920153736,0.005981155518347325,-0.00253219789505732,-0.014599988708177025,0.0014504285220788837,-0.0203581156214242,-0.0018463157596084745,-0.0029824841055743345
2026-02-02,-0.0034144172762995417,0.0066023404171524636,0.011854883189445165,-0.019588598300518956,0.011040430048067984,0.0061392255949348495,0.012632864120171838,0.007712663193021552,-0.011344439829361175,0.00959113454197924,-0.01456651947656562,0.00497122273706152
2026-02-03,-0.016127750823489273,-0.008034881206661515,0.016212914963840586,0.03236758455504596,-0.009254154869631659,-0.010212507615963262,0.00841643233768341,0.021148056613880195,-0.00366213061851417,-0.021891594403183556,0.014547273286517504,-0.008455385901172563
2026-02-04,-0.007983622936491908,-0.007355936793947859,0.01304296739766464,0.02245024419003161,0.008032952680657957,0.012524280754882211,0.0026636323388355976,0.023471377008742023,0.015927498205871027,-0.0278716640845017,-0.00370022781430146,-0.004843853725993386
2026-02-05,-0.005051404928770986,-0.02156535404646165,-0.0008047065698461031,-0.011735750240910892,-0.012416583920577984,-0.007626786147196696,-0.006021533536396562,-0.026787469296574717,-0.0055475789622007055,-0.018027813385087743,0.00046412290462694017,-0.012489284060324235
2026-02-06,-0.0038722197206859654,0.004084722182114975,0.01173501530182719,0.019919507176637152,0.018202275472163798,0.018535285480328678,0.02856790672109999,0.019999978675706576,0.018433256364059236,0.040551539369915846,0.005800459458674023,0.01918478647681998
2026-02-09,0.009675125316647604,-0.0037290909343508094,-0.0057994510046319725,0.007323926190917929,-0.005897547921743018,-0.008813573545325637,0.0030027604208877623,0.013007221961932158,0.006191924757328993,0.01573015611694384,0.002998901318417957,0.004821726716577324
2026-02-10,0.005989099185567337,0.006635455584810268,-0.0032025387738879862,-0.001118521216034618,-0.007230237312113363,-0.006333231835446984,0.001208953212539221,0.013990022983798811,0.013964425315443618,-0.005580710956177293,0.016559337953678144,-0.002637057770699447
2026-02-11,-0.007144106001601203,-0.00481697383193147,0.01434306120285278,0.02612911177057997,-0.015126027958502486,0.005922812815951639,0.0053476346183156664,0.01341894577170577,-0.0009336821612088153,0.002946313106232612,0.00882360246969549,-0.00023112214366449724
2026-02-12,-0.017988713013361135,-0.013841775771896825,0.00916293234809551,-0.018188394364247462,-0.01990901421167779,-0.0015999728955038428,-0.01195385397561799,-0.014733178604366515,0.0016354934204632077,-0.02629919517718282,0.014801466422234011,-0.01544885969788623
2026-02-13,-0.0005233800403776634,0.0004305879722295014,0.003362845699057093,0.006854340903463596,-0.0007737905419347157,0.01070518332154169,0.00822000667204592,0.009085719822623073,0.014695587275421307,0.002514095570572472,0.027624371225838606,0.0007044991031190939
2026-02-17,-0.0015709623314615895,-0.0012050351043861873,-0.01463526205108756,-0.011039521366952076,0.010648511007546269,-0.0019027734032588395,0.005224807181936741,-0.011442519101526272,0.010114942610627287,-0.0005733251775241754,-0.002580672730775113,0.0016134830190519533
2026-02-18,0.0016608359652821036,0.008445290738954503,-0.001814108333914377,0.019162728064373358,0.007471319058324433,0.0019064008520961462,-0.00022849511000311296,0.006072064191664728,-0.013427332981141737,0.010252517454173438,-0.016602015567275696,0.005037707550576753
2026-02-19,0.00479973267108269,-0.006665508923860197,-0.004202557810837004,0.007302004810913587,-0.008366616007349226,-0.0026004407172621757,0.007426824323430337,-0.0035834720268519415,-0.00346022771193788,-0.004967746123466843,0.010962498855742187,-0.002637344323549562
2026-02-20,0.014417255947497098,0.010409472142550058,0.0025094234459299702,-0.005436733953546935,0.0065196833359906226,-0.0027978472888741113,0.0050471679074513,0.002460617202873827,0.008333381907661863,0.0047785066910222,0.004771208688314932,0.00723184928909637
2026-02-23,-0.01232876028338381,-0.020945035570037907,0.012288047767231136,0.0049198293872847465,-0.03353029439040334,0.010967939529379578,-0.01354183417757393,0.0,0.001147878337169228,-0.01675185423566572,0.007554477180280461,-0.010211366038766267
2026-02-24,0.00693482364668907,0.015218721703583515,0.008654604861267456,-0.0009066268963501267,0.004928108055219926,-0.004226127012501579,0.012297771654024237,0.0075529090337236315,0.002751589437094637,0.012994625095586132,0.011139711493812099,0.00726847527019836
2026-02-25,0.0029269671264340325,0.002998103711869149,-0.008134579595016067,-0.004174310339345677,0.017457845460122412,-0.00025325177027668566,-0.0077974975202979024,-0.005622163619427023,-0.006631671126375971,0.019170332781245136,0.0033897849750792464,0.008438306300538434
2026-02-26,0.0018883771437401276,-0.0003416199615962068,-0.001685200896586636,0.0032805547784986455,0.01214570604130416,-0.002597707013126449,0.006264221729566755,-0.001130819204979261,0.004373934184624062,-0.013985002004381797,-0.003800594185678574,-0.005554445579207146
2026-02-27,0.011394834932317854,-0.0016232166310991003,0.012941682876083327,0.015803711692011113,-0.020380917243515873,0.017659716778994028,0.0024900554906313044,0.00773580699580978,0.004813141055124426,-0.01595626224472846,0.011657422274838236,-0.004801940858611298
2026-03-02,-0.001524784921601685,-0.012322457981356227,-0.014442899978242107,0.02002876278860044,-0.0025277010175444037,-0.010424522714900464,0.009935655249440956,-0.0029956371322187314,0.0018247693036512747,0.005621128467472314,-0.0075424262488938965,0.0005685229860479257
2026-03-03,0.000763589271912446,-0.00918384852642773,-0.010934504445928028,-0.009116522695640894,-0.0017543583316269595,-0.011291221608134117,-0.019340394161149743,-0.024600965144509823,-0.005009019463358855,-0.014619421815503575,-0.006333067908301904,-0.008814250912485666
2026-03-04,0.007036262689482209,0.017750986245907763,-0.006610322983406358,-0.005838601166132773,0.0056628837969752155,0.001977881890260047,0.0030209979995243774,-0.00038511719380551757,0.0013729170546934455,0.017018138582898246,0.004248954187610732,0.007055355958297538
2026-03-05,-0.002946400776783653,0.0013747639952277346,-0.02007798077842682,0.005161027186672662,-0.005242710815684504,-0.01999366406595482,-0.022219729159213664,-0.020993751082888146,-0.009597774332657405,0.0024313431059588275,-0.007827397338248221,-0.005575670491907769
2026-03-06,-0.00827418496275134,-0.018103910769395215,0.004331964993685045,0.0015934859346724561,-0.012883049126740764,-0.007861723573932111,-0.012321284672251243,-0.019083230733284662,-0.010382989556227962,-0.02061640024005673,-0.003411468128156847,-0.013107129910862048
2026-03-09,0.00085131414066697,0.0013107062586257268,0.0022150005993668564,-0.004419277330161453,-0.004745872793504691,0.010216056956759978,0.0058844321782904885,0.00260726555533064,0.002098403489968703,0.01799118740321637,0.0023534491172292338,0.00875996152231262
2026-03-10,-0.0015311403676538937,-0.0013089905565107918,-0.002907985880991615,-0.012784102711190237,-0.0053646620053463545,-0.007195741015175061,-0.005381950115201928,-0.002200345623520228,-0.0013960964102412987,0.0,-0.006189972368537688,-0.0016070155764896787
2026-03-11,-0.0032373425105107767,-0.0026214794514899387,-0.013182592730084375,0.024820213465882812,-0.008389928488647613,-0.001958629823284208,-0.0031173030528854895,-0.0008019672215078266,-0.011882462135404226,0.004793892815639911,-0.008376357619979569,-0.0012551345486657706
2026-03-12,-0.014786406511926975,-0.022954227108319514,-0.004019326082247088,0.00930143441428255,-0.01631746224174757,-0.017599034590258134,-0.025075144433338803,-0.0032102892231219426,-0.006366460038670474,-0.01844329344883755,0.007147596361887443,-0.015184966271003186
2026-03-13,-0.007113723243486025,-0.005918193723480902,0.005816050285094354,0.003303791310672377,0.0012287860265423056,-0.0024641398677107684,-0.003570724717407714,-0.009863164711351513,0.002610392386240612,-0.007544898923255938,0.00989245409497741,-0.00566013575260893
2026-03-16,0.0076890068637121,0.012087263499096723,0.0028322240471010396,0.003466237495579838,0.008386084616542222,0.008144741896533025,0.008563649714762311,0.004269211706786402,0.007810604553244227,0.01447359476036758,0.006388360557057826,0.01017686501045656
2026-03-17,0.00034685467747141985,0.008734396000657396,-0.0032949597134719344,0.01053538556898248,0.005273976499765132,-0.009072235884655111,0.0026496938465121467,0.0024291232578605992,0.0032879781768284655,0.005476264505581474,-0.002750708822661152,0.002630544991105488
2026-03-18,-0.014821848484844469,-0.02306060453269232,-0.02432105477887847,-0.0013672742001452631,-0.01190477207163776,-0.01670668543030418,-0.007927982441141235,-0.021001567830634782,-0.016385832661067967,-0.011322795250814477,-0.008487172163709311,-0.013953644515257158
2026-03-19,-0.00457509261921063,-0.007868339400610158,-0.008107458010659263,0.015916473477574522,0.0004084243212834071,-0.003602117699229801,-0.006780481055234655,-0.015264084068484562,-0.0023798945651575254,0.003406669981755872,-0.004065933511381292,-0.002464381043311259
2026-03-20,-0.008043091823992654,-0.017866896106857877,-0.008295778332882198,-0.0008422609102528567,0.001837080564033311,-0.008730561183783236,-0.01456785841009145,-0.01591952522421569,-0.03172697981727002,-0.022682865840796484,-0.04061018697764396,-0.014335696266852715
2026-03-23,0.007481656874321896,0.02414350207083249,0.00426793038259321,0.011964279368436914,0.00903144263186495,0.00024185425549116957,0.011369801432428162,0.016633859516631766,0.007465375324108958,0.013528500163203061,0.009923275163066902,0.010499991225476402
2026-03-24,-0.014018250138855048,-0.0039957111950097435,-0.0008622986960287182,0.020291793886514142,0.00020294079233451612,0.00013804802631556257,0.005826490167991416,0.018927467402900744,-0.008123977456921727,-0.005841619567746648,0.006922731754925193,-0.0033568144771775055
2026-03-25,0.002789533429935931,0.009573380853252322,0.00493161957311572,-0.004437863936955999,0.001217553053938225,0.010014615828535911,0.006707347442892031,0.019814259445007032,-0.0004964644339775504,0.004480425991677084,0.0035484660591780237,0.0055726882440485515
2026-03-26,-0.023600150541264187,-0.017158885834333226,-0.004539371125139691,0.015684353573719667,-0.005877631645813675,-0.0034190244859961805,-0.023198074311625794,-0.0064764533641344935,0.0004967110333395919,-0.031149474605142613,0.0017680019058685659,-0.017858729983344035
2026-03-27,-0.016266854730755287,-0.02894424480468727,0.00788759822217533,0.01690509028220566,-0.025280260055233317,-0.017016747536800603,-0.012835657075389584,-0.003666723319790899,-0.0069497379903696865,-0.019471640037826976,0.005735632272493074,-0.01705189415742525
2026-03-30,0.008594892658706943,-0.00018923416729954567,0.0012228040700015264,-0.009590841100200476,0.011503876701398852,0.0039090824867755725,-0.016268877204192123,0.00368021765970572,0.004998811707418227,-0.018626877683128873,0.00723837641359415,-0.0033433906874337227
2026-03-31,0.026861764387462683,0.0314215666200679,0.0012214044706517768,-0.011297617086887035,0.0208850116808863,0.01939918597630297,0.03269269631211036,0.01792630689514807,0.015419104442474074,0.04235289028843359,-0.0006532749482434097,0.029067865784757174
2026-04-01,0.0034277383923122517,0.00752429534042931,-0.006343124135526845,-0.03738162364587416,0.0014178631841892386,0.007639312551771749,0.0166944036596941,0.009805801890634624,0.002939013490867337,0.015124214295739735,0.004794093492101359,0.00753449141030349
2026-04-02,0.004135225739303028,-0.015027342663501586,0.005278703332496804,0.004748192363981385,0.0018203416481625823,-0.006227538151296397,-0.004013717301683539,-0.0009908555671316321,0.016117205515326027,0.008005383803204369,0.004988108584257578,0.0009004595313388819
2026-04-06,0.000537158986391173,0.008229304841380403,0.00940295270220326,0.007257395698970992,0.0070664924704768595,-0.003610153528089355,0.0051291319564115145,-0.0037690312493638967,0.003604807853170966,0.005809162751932773,-0.003668560070703597,0.004726845083763864
2026-04-07,0.0005368706015229652,-0.011647144339029802,-0.01693690980882001,0.008042884395897731,0.0,0.001982605291920736,-0.00200475681381751,-0.002787776085251492,-0.0009577924441473984,0.004752082407700975,0.002165902763538341,0.0004400005646272298
2026-04-08,0.017796425761132717,0.028301042941047072,0.018705333330560237,-0.03507317566656176,0.026463498090075976,0.021150245701466064,0.03749695875102699,0.033346669962468045,0.017257899263248166,0.030997728405821157,0.011022247607580304,0.02546963651219092
2026-04-09,0.004041846149875461,0.017325409036325512,0.00809373298782945,-0.01240308435648807,0.002539080417746087,-0.0022716232234767375,0.010267495514039826,-0.0015459382422310375,0.006833141894256656,0.0026819089317573486,0.007909456707913431,0.005769017699185586
2026-04-10,-0.002800438109414105,0.0013305152610547655,-0.012941852617613048,-0.00680271197018345,-0.010909858921113513,-0.013527144194295238,-0.003891019128808293,0.005612499233948576,0.002106337392761448,0.0038712371947600133,-0.004029746452964944,-0.0006617754265585418
2026-04-13,0.007635011823601712,0.009123879990996286,-0.009955041058085645,0.002985572354025079,0.017530057472928462,0.0044803644884297,0.0070544870231346035,0.00442651766240898,0.0046706815853843064,0.020964881573912963,-0.012137989534812044,0.009772447246481741
2026-04-14,0.015154120374771596,0.02212081618158379,-0.0009810398551445276,-0.020311629914970153,0.0023228455157677796,0.005811938581316456,0.0035895414997011432,-0.0034489260348061768,0.009530415169018314,0.016001645939937914,0.0017245545652406769,0.012184877209840739
2026-04-15,0.006863449601033134,0.014943336489913861,-0.0050325072869940035,-0.0033959760856039356,0.007531845239613366,-0.007122206552537147,-0.012518106759998204,-0.012113018025048383,-0.00046048136029575026,0.01595243792008727,-0.009683722775398529,0.007890969227043909
2026-04-16,0.012525569169851147,-0.004653967156564298,0.004564476428149833,0.014705955312417807,-0.002683531166589037,-0.007850041880442249,-0.0049655439379018285,0.007201248101076141,0.009214490543638654,0.011443812110388585,0.007170742556177334,0.002457347646937613
2026-04-17,0.002272113989738589,0.023633459122913925,0.012648912991999994,-0.027571610524797507,0.007687904565567116,0.01493762729922632,0.01866964217559386,0.002512094151442046,0.015293243620466246,0.015326927626174713,-0.004099217445466374,0.012085686101644066
2026-04-20,-0.0029386964264807025,-0.004484669633209815,-0.0008489135174012397,0.0009087359673338735,0.003814625803651772,-0.009274237820861564,0.002247681725587647,0.006746292022898004,0.0035971490653590177,0.0013604284087540552,-0.00888214189387393,-0.0019997351150194964
2026-04-21,-0.013389427349040472,-0.007508120830172493,-0.006675581988637713,0.014526993273658917,-0.006270221329226389,-0.010174973320740022,-0.014145984000512257,-0.008807196246958693,-0.01926527881880491,0.0008411434806931961,-0.017486291842773727,-0.006546892848539487
2026-04-22,0.0061453786916767505,-0.0003362543272744656,0.0032991599091900525,0.011992131554121155,-0.0017207972436795727,0.0031523923427136946,-0.002333261390140562,0.0011589688062103587,-0.007309240273046358,0.021979440413443463,-0.0017798016638698178,0.01012671209511895
2026-04-23,-0.004156793640979761,-0.010005918729823149,0.016685003154424782,0.007782068114994711,-0.0078529121631421,-0.000956335945510367,0.01771526966312842,-0.0003858510923582248,0.011504884267597104,-0.014232362254205988,0.027189705751371473,-0.0038807408683984024
2026-04-24,-0.015759368986663302,0.00806870606580068,-0.002994710436936776,-0.0019304769368390096,-0.0073359081348346455,-0.014086498259309521,-0.009191769947136441,0.0021230371218512456,-0.0029571735926201548,0.02810576683563437,0.0019526792428439244,0.007749309237231605
2026-04-27,0.0023368124122957745,-0.007161600819477143,-0.01069332877728546,-0.0017583489653164586,0.007584651161509415,-0.004993680036473047,0.00023192384241843556,-0.0026964234170173684,-0.007757267713927818,0.002184469328896821,0.0002164768656145455,0.001722787837563633
2026-04-28,-0.0005180956668536796,-0.007043357727411048,0.008987133913660017,0.016557973312188112,0.0007719662182026354,0.0026486796183071704,-0.008869052200291772,-0.007338693927961604,0.00965729746976729,-0.016939593170045897,0.001299078767808437,-0.004865992267119479
2026-04-29,-0.003974037644318695,-0.0014529373160675485,-0.0019258536630473166,0.022873022246524544,0.0013500464646036825,-0.0069521441282788254,-0.006141076937556167,-0.00856033458859684,-0.006148937423230305,0.007982162756139832,-0.01232432376795567,-0.00015450932498595193
2026-04-30,0.010582015847712123,0.012923649024770834,0.016763084932382988,0.010503163263831716,0.004044752619349445,0.02205275975750376,0.027364256652144148,0.010007893850625837,0.017415322732824867,0.0024511728932865573,0.02561292316282726,0.009949633527564838
2026-05-01,0.0018023744624160454,0.002365852812524105,-0.0016604808296153406,-0.013411656401884797,-0.004028458501274534,-0.005685316533115881,-0.009279434899692851,-0.002331522381975093,-0.0018018583321603998,0.014858901495832244,-0.006403397839033542,0.0027690952923506984
2026-05-04,-0.00531187211347095,-0.0076708251525891,-0.0074848199334283105,0.009175924364450694,-0.006548475061389447,-0.0029623810964231057,-0.011447750463926543,-0.013631846635163591,-0.005415159006912917,0.0011120571991711792,-0.0038668488410711355,-0.0036633921467564834
2026-05-05,-0.004048234899350578,0.00297309370651333,0.006224490893807166,0.0010102697386560333,0.0001938521267477178,0.003938421604898323,0.008363598561583085,0.01737403154322692,0.0020416536809915176,0.022091903048241157,0.0,0.008022228723942426
2026-05-06,0.014875041750655793,0.015245232502081318,0.002141292397452421,-0.04121108980787924,0.004845883295737874,0.0006881443508295337,0.025868550928013656,0.017077478093074916,0.012904766439191473,0.02656523824457202,-0.014233318899961822,0.013899399692774095
2026-05-07,0.00025564831552404854,8.341647877241343e-05,-0.0030863386901732737,-0.01842102779736332,-0.005594107327611564,-0.0046766696605587965,-0.01622663303267069,-0.019271121036585348,-0.007599401433387776,-0.0019995840002731136,-0.012907492357372652,-0.0030660824190705815
2026-05-08,-0.003748441706293293,0.002669295979641939,0.0023815411079297633,-0.0044682919995550074,-0.006013581555983527,-0.008499135577918482,-0.004597690236466279,0.0036965115038667395,0.00022516728941579522,0.03435678042702439,-0.00886522454181271,0.00825609701116825
2026-05-11,-0.011629935499502198,-0.0069050687244244235,-0.009622261640790164,0.026391346602815613,-0.0011709799579689983,-0.0031361382199355248,0.010623531249776441,0.012986923345824408,0.0036027321079525887,0.01344569412264418,0.009391780042008024,0.002277563042387465
2026-05-12,0.0024225689581722776,-0.009047547382476373,0.01283438691639116,0.0069966897331321665,0.007815585335672504,0.019644902855511903,-0.003941881282679138,-0.0022961310861595585,0.00022448115497963883,-0.015066310764828228,0.0011076620463903453,-0.0015149526145865622
2026-05-13,0.007768014969434134,0.0036351420894056297,0.0033159395184714224,0.001042208092970176,-0.011438537149696892,0.005896417742067062,-0.0041870796854123205,-0.001534301437174812,-0.008299795319133607,0.009417841440786834,-0.01150697346378926,0.00559483781461112
2026-05-14,0.002997591038987446,-0.00042118691903281213,0.003068942759919313,0.007634946638444662,0.005883530731048303,-0.0005453081612678545,0.005126147599290087,-0.007491406351647023,-0.006785791131329599,0.014984400373903917,0.0051489071581849455,0.0078943149045545
2026-05-15,-0.008795159089675542,-0.018033184909911015,-0.004000995864486545,0.02359216197536207,-0.0037044633282461437,-0.010434342888505532,-0.017821352244417388,-0.02651446071861896,-0.015486183557402722,-0.018050159910438568,-0.022939940408277182,-0.012029343756796207
2026-05-18,0.00775329268981384,-0.0018020860769989433,0.014886605730816349,0.0191790434698913,0.012524498460460665,0.004272819069830236,-0.0037922229844606914,-0.0015903509573886865,0.012028705960979602,-0.010779521388210256,0.001595654191965723,-0.0007035093177317764
2026-05-19,-0.00965983300353146,-0.011090120744809306,0.0022118676195619358,0.011720066041833288,-0.012369575728295001,0.010980048008129684,-0.011771590087368722,-0.02349664310252242,0.004342795703540014,-0.00642350012897297,0.009103298215668909,-0.0066607880874933745
2026-05-20,0.0021579646213443215,0.025297749193406327,-0.006621047411739522,-0.024310725220016427,0.010958889332208122,-0.0012896922101737207,0.011793240461504206,0.013866240754648818,0.011151593004644633,0.022512121983062405,0.003834034331932301,0.010248994582563453
2026-05-21,0.0,0.006443914653521343,-0.010056022096946116,-0.011203955906614271,0.0013550117427929553,0.006932518775571772,-0.0011714375307978475,0.006033770478143463,0.00157553995653692,0.008242102500676696,0.011008801452061956,0.0019830877010671433
2026-05-22,-0.005512462039562238,0.0040438440540711,0.0016537067022670549,0.0060882717530663655,0.004059534511445362,0.011744860563143389,0.007271520416560984,0.005397824198036805,0.001348313751710739,0.01002233382004114,0.007777671232128691,0.003931549076803931
2026-05-26,0.0007794992879763818,0.00226547689414347,-0.013797303864103938,-0.02756772868289903,-0.001732797866781488,-0.00920669386623274,0.014728984599569062,0.01391932701655052,0.0033662456240102223,0.026331900373299133,-0.0004408777293171129,0.006638641352187502
2026-05-27,0.006144549433138469,0.017580590184682388,0.011359618490399237,-0.01486592519908081,-0.008293121474133192,0.0018853426041813837,0.0,0.003726159107241722,-0.0017892790605721354,-0.0038350062732669388,-0.004191540848594744,-0.0001732421647460125
2026-05-28,0.003526507295828374,0.004195755025214298,-0.0017734396955115805,-0.0007018990174222361,-0.002917127710174605,0.014046765211363388,-0.0028686542827530692,0.003516988039771851,-0.0049294451552558405,0.013121573333043868,-0.011298169882733577,0.005516578600909927
2026-05-29,-0.008399677691970253,-0.009749210723154822,-0.018003025071625434,-0.01158909735911795,0.006046423384630684,-0.009345274161461248,-0.0038549745903126986,-0.004088772548915265,-0.009457323420808739,0.022317395287870356,-0.004705445575640788,0.0024914048034492264
2026-06-01,-0.0006915327536861637,-0.02217262014878474,-0.010613959197008804,0.01794274857852307,-0.00290807876511745,-0.010905236666860163,-0.004216496658847824,-0.004496614794415876,-0.016367345717664294,0.024814100186359767,-0.029716300484194713,0.0027231134609038143
2026-06-02,-0.017645527317045273,-0.005076584389524075,-0.0024381545621792178,0.011518309160279738,0.0005832525245248465,-0.009740212282451588,0.01038287229773327,0.011783228775077648,0.005084380384328568,0.012515404968047594,0.018561524392079587,0.0013579397972762752
2026-06-03,-0.01311969336755392,-0.0073134983800982045,0.00403277819888892,0.012939941436158398,-0.011465211220248128,0.007855246388791315,-0.0008037620242684618,0.002135136155527073,0.000459757544257533,-0.009989501650979227,-0.0043280764502077185,-0.00701718232049986
2026-06-04,0.009189874362827588,0.0045403916066477645,-0.0014606341289633562,0.0006813358606874154,0.025948483355990426,0.030701401773151504,0.012122990055144056,-0.00019378412033688175,0.020455203746770234,-0.015593921063700944,0.0052619925272345824,0.0037786857621391334
2026-06-05,-0.012730974360396274,-0.02046738828985417,0.017064909056976996,-0.018383019677271517,0.0021076702252686985,0.006115216520245159,-0.011239884937144007,-0.01917855508867583,0.006756665402448014,-0.06662526794232948,0.009330898145143651,-0.025809371248925683
2026-06-08,-0.00519390901915362,0.0046143125552828845,-0.004434373609165654,0.011444477060611469,-0.006309711883938474,-0.0023528509110861684,-0.00315753588025125,-0.013233321049097468,-0.014988833981129712,0.021519703157107717,-0.018714770601469755,0.002264172608771542
2026-06-09,0.0035107057037639944,0.004159842907795808,0.012399193091579663,-0.016115206955891637,0.009428503851667713,0.01257793186302636,0.01134595984579101,0.016213074782919445,0.02134918426392174,-0.018514446487218672,0.010569842238790761,-0.0029354505508077944
2026-06-10,-0.004216003412105596,-0.020540327278749104,0.016527975151995555,0.014985213625156257,-0.004384318263429665,-0.011127646530571189,-0.033826927429019715,-0.023045184374974825,0.0004447121103057228,-0.0229020368239764,0.00045478586176384006,-0.015765562508027298
2026-06-11,0.009999140054523847,0.024759968793821363,-0.0025734777409182064,-0.01939915916001489,0.007467026131513288,0.008112446223346392,0.03235878054544039,0.03266134554318989,-0.0015560143349702127,0.03725298693858181,0.001136360562739247,0.016996847886747934
2026-06-12,-0.004191937581309868,0.002579509232642163,0.006450113852036754,0.007528023498814651,0.013683022953955737,-0.0018171689343482456,0.005880725469671111,0.018742695483695115,0.009795243247855412,0.008678553878987083,0.010896643985297327,0.005408247901529384
2026-06-15,0.0048365271631682916,0.016895346774274955,-0.0039616556562490635,-0.03475238655856139,0.004124458310496459,-0.005981368159746814,0.014189955629527962,0.006132574350850684,-0.008156905089510058,0.03782466999690581,0.004716012864674823,0.01763396989375332
2026-06-16,0.0011587385179547827,-0.0009277061049753899,0.0012867095761588399,-0.0034203604371415564,0.014749824195841255,0.0003270914632136357,0.006548110678736618,0.004190487665203246,0.002444957660791891,-0.02789509151533598,0.007152451105024271,-0.005961562844234103
2026-06-17,-0.027777809937164166,-0.025071775386422912,-0.022315653647182465,-0.012463925512246954,-0.005519801952303616,-0.014580923705685533,-0.0013900651843954392,-0.013277676860839027,-0.025055388253611754,-0.003432732600348376,-0.013315627896491322,-0.012487870885051433
2026-06-18,0.0022893791175533362,0.014460197356249482,-0.004541095426350172,-0.016462319337327003,-0.008880674514815556,-0.008692272444105198,0.007294033119451537,-0.0040368964013657305,-0.00250176237458255,0.030355234262014363,0.006747620147946165,0.010396992441959574
2026-06-22,-0.021123790815122057,-0.016993568451017182,-0.006600072931428391,0.012643986326684953,0.005938245250672214,0.008847480418207265,0.007391971942213749,5.8088459559790806e-05,0.012442796869103878,0.004905488430143157,0.005486179226624088,-0.003146979693962715
2026-06-23,0.003836758659676809,-0.010266228293994706,0.018739363711469226,0.007399143563086685,0.0033519609426151398,0.01412764995121174,-0.02007705772278945,-0.014529252528456382,0.014084482631472106,-0.04142592614062923,0.007826441515369709,-0.014521954010491611
2026-06-24,-0.006805218144716352,0.011515449490102858,0.00860011001200367,-0.01634225862303018,-0.0029695590987430798,0.007688352503913531,0.011563361706202535,0.005700824093109569,-0.0029122103470587968,-0.006189257693348993,0.010428249919804289,-0.0004635170636431152
2026-06-25,-0.009010691535790483,-0.014947433955546319,-0.005921364111126759,0.009706934118461685,-0.005026069464414196,0.01486794058395935,0.021696844002278448,0.013291640093900048,0.001797390116188513,0.008303765348920189,0.006807148712376421,0.0014456352254532678
2026-06-26,0.005682879936687257,0.0089987144789756,0.009173178707063911,-0.004621926405892984,0.002245068852608334,0.030264032045907108,-0.015859212722044713,-0.004629661993834189,0.014577293645539058,-0.018746310757788986,0.007633637960007933,-0.007231373616869652
2026-06-29,0.01601051933844566,0.024044766406916773,-0.004013650591019102,-0.00482909213960514,0.0028001031684419253,0.002494755921226721,0.008609258194630875,-0.018217028188100115,-0.007073463696925519,0.023742493717997526,-0.0038961104373005373,0.016474862380159383
2026-06-30,-0.006952169253751417,0.0013660863128652778,-0.0154083561625874,-0.008771952307599862,-0.002047665820029243,-0.012940162747121176,0.013514999425165541,0.0033557438640865467,-0.019812988110576635,0.027560544250158303,-0.014776190752102902,0.007786800986842035
2026-07-01,0.02436292987273725,0.006906527686089348,0.00276878966869587,-0.005648639307341163,0.021824252110144382,0.0055463860060001036,-0.010095530747288528,0.0037379228775258344,0.0034068028625391378,-0.02571913208791443,-0.012571673862062926,-0.001352504438058455
2026-07-02,-0.0012757371275169405,-0.008214019996521604,0.02028805222205876,0.00776367802973521,0.015334066654002054,0.02632576397003228,0.0029995803333715543,0.019404113188691285,0.011317338083889128,-0.027098367156627057,0.022112974171253352,-0.001314069480687241
2026-07-06,0.005565699077045183,0.007599038326306928,-0.010471813295901189,-0.0016910964021714658,0.00934916338996139,-0.010870885059126145,0.008971746308677364,-0.0005767886995768912,-0.008728723970112817,0.016501528582748337,-0.01005242791401495,0.008727409093039817
2026-07-07,0.007349583207717059,-0.005253815230562453,0.009036886444942382,0.02842082234474863,-0.001603137755011863,0.015312395805962442,-0.01713727483089189,-0.009041962771108247,0.013547041357381051,-0.02391466183625479,0.008830055907631529,-0.004751899671231685
2026-07-08,-0.014051500682432883,-0.017803870421307155,-0.005538548401162635,0.017569529560692576,-0.019268475130385432,-0.013013861334689292,-0.010746828936245456,-0.02620847443430685,-0.016484693112742033,0.012389782963771578,-0.007439828159994555,-0.0030894297130047432
2026-07-09,0.009592573182350517,0.013443151616114868,-0.014101225856297583,-0.014028755408328375,0.01036928655933056,-0.0008010158987553639,0.0038244232812825185,0.001993590000504142,0.001811959537771024,0.021775150716296654,-0.005070536577193918,0.00846525000257925
2026-07-10,0.010225293924299939,0.0033376071436990173,0.011057762404873328,0.004742833594999496,0.003060824021300812,-0.008201281655495385,0.004472406580884547,0.012534840611909015,0.004974027198282993,0.0023198956656149683,0.006204271497230129,0.0043101596888019955
2026-07-13,-0.00044789548576840144,-0.010235388690782443,0.005587179932987851,0.030137977346184286,0.006462046603262328,0.0035439401715806618,-0.008520245532975146,-0.0060915221519300955,0.005624296866344247,-0.024222198458220046,0.006826720421332144,-0.007656174850540931
2026-07-14,-0.0012545872770218791,-0.001206475254600825,-0.013831401106483177,0.0037010764585923006,0.0019618443187134904,-0.019329721239012554,0.0004435429019262749,0.0011861913092481302,-0.004921727448504387,0.01290818818208117,-0.0006562246980115205,0.00355064169730146
2026-07-15,0.017317185805505897,0.009490927175488162,0.000599413244490199,-0.00790168142073655,0.006763991919740642,0.0,-0.002161260162061973,-0.0027646009347515044,0.0017986023353870895,-0.011109864613768616,-0.01028665835264686,0.003963635929681075
2026-07-16,-0.006438487786407654,0.002905951605902679,0.028033979916969765,0.00920354792502076,0.0033592401360638124,0.02217455249543243,0.0004998130573745652,0.007722760191058109,0.020197434547681414,-0.022359276999959765,0.005528527051112508,-0.005418617756386079
2026-07-17,-0.01775410539644373,-0.016192210293011877,-0.007225208423577323,0.011574883235944355,-0.008634390809987624,-0.004388174910232023,-0.004107633968615132,-0.007074093430325168,-0.0008799145695761457,-0.010872058856015498,-0.006597823701425698,-0.009897156017872222
2026-07-20,0.00135563961871088,-0.0071898978993523155,-0.0038737154783117234,0.004507599170554766,-0.003910369935465452,-0.01142216388180417,-0.007190282139179938,-0.009895112053809552,-0.00418314914946194,0.0006834693233070954,-0.005091865210533841,-0.0016143782471810253
2026-07-21,-0.006949496852461712,0.0022685815796688047,-0.009427327904829474,0.009665194797447985,0.0012491023140726032,0.006279434850863463,0.003031712102656403,0.0013991544379805543,-0.0006632496042556779,0.02885431604180555,-0.00044504802792288967,0.008341309298597777
2026-07-22,-0.007543413980395819,-0.007399722148443311,0.003806801143447114,0.011965825007512088,-0.001069352568852877,-0.005117050385140431,0.0010634861609293278,0.014371282288063059,-0.004203593765468194,-0.002821078162847823,0.022484465213730154,-0.0011627413779321527
2026-07-23,-0.03498168316465056,-0.046132210679693975,-0.013865823738195449,0.003040545656351812,-0.003925020677973512,0.012607475744620844,0.017277026739949797,-0.010428941016913273,-0.001332982911155689,-0.010096007550252084,0.0056607515742581604,-0.012349287272575782
2026-07-24,0.008730364607311802,0.005976475846926954,0.011056341534283032,0.004041728855717297,0.008597519729425018,0.006999534599379187,0.003957355232723003,0.019288076920801256,0.022246940668007475,-0.014401749001851094,0.0021650203895120512,0.0010160123647910968
2026-07-27,0.012793984678338921,0.013070035900898835,0.01462027097455576,-0.021133819927986575,0.010122530295205712,0.005105410191748039,0.002956275458811941,0.0025361114391730943,-0.004134982334091597,-0.008983407932626752,-0.013177805104491735,0.0002165755636849287
2026-07-28,0.018669835021966952,0.014796166304837044,0.0199156154649327,-0.013536684497347573,0.012658182005721885,0.02362301563362923,-0.0038754992735000604,0.018486101852937864,0.005463286913678811,-0.018416561432382683,-0.003502623606462252,0.002394780651586048
2026-07-29,-0.0014588860708137918,-0.007734732580165771,0.0034459345298729627,0.018759802619067623,-0.015972190856196944,-0.0060982246034343435,-0.03194696506967376,-0.011463478646769332,-0.0010867037358083254,-0.026418780235082928,-0.013400716261362078,-0.015387473482586067
2026-07-30,-0.02675554970340388,0.006988610115862048,-0.021634608246837495,0.005285550733651112,0.00564572500178695,-0.016361893231620295,0.009792797982999923,-0.0019327848004299097,-0.01436031028197049,0.054991823260780226,-0.00556668895233603,0.01676579949601198
2026-07-31,0.015575117322161214,0.032921051413253855,-0.004913983420460899,0.01000678700389046,-0.0010526556717721514,-0.005932003396274865,0.008128241231029065,-0.023431431037452932,-0.005077252673509114,-0.002162349247493256,-0.006941365301168512,0.007199809675054292
2026-08-03,0.028640045595924146,0.01826171774880203,-0.002234008637138074,-0.012762356528465246,0.007727475448161547,-0.0019070904507768605,0.018460895194754023,0.0115010512164897,0.002440661439902181,0.015340673447306274,0.0002255273184801343,0.01424300656734756
2026-08-04,0.006287090000545392,0.0006767771903755104,0.006009923786970406,-0.004592625507041981,0.008713837411861602,-0.0008629153409042134,0.017689398174243864,0.019407992766956816,-0.00022138415588546234,0.04976410326028491,-0.005635707767363329,0.018029002715958642
2026-08-05,-0.010442682607861076,0.002958817071706976,-0.0004685593796462939,-0.020676675922891796,0.002073236518146393,0.012708189272233827,-0.0002681748637637371,0.012307680570162294,0.0006642150810349801,-0.005296898163213992,-0.010201785461636304,-0.0019966020100066206
2026-08-06,0.002796045376695089,-0.004551592366026758,-0.0025782399622902297,0.014831590538352923,-0.003275838391534225,0.0017665282630578982,-0.008532393585200415,-0.008928594721745897,-0.008628304935078823,-0.0031197989329764253,-0.006413164916982295,-0.001597813044932006
2026-08-07,0.0006296068954134704,0.014902643175022101,0.00011752010526078216,-0.011348002908247556,-0.0036326395810629686,0.007479451203189713,0.0022732094686752635,0.013226039210731289,0.003793755048769887,0.01424485708501222,0.00530197179744607,0.006115348472417681
2026-08-10,0.0052134996049859605,-0.0015852030739088585,-0.00199724850627625,0.04660870095957881,0.003645883762727342,0.016658678703747043,-0.003132015310536751,0.006053720982393429,-0.012894575861718272,-0.008777963961105972,-0.011006639200146995,-0.00029741673673222557
2026-08-11,-0.005007647132424298,-0.0035932172788096794,-0.003060559342860758,0.012462612100310855,-0.00017301740171016267,-0.002552884874956529,0.005958780110276507,0.0011282695176135782,-0.007207200086191579,-0.0012344942962989602,0.01159285851188252,-0.0031952597501651026
2026-08-12,-0.008987148648955334,-0.011321691532261258,0.004605022770170164,0.0016412025869068092,0.0020761061153755644,0.002559418776439726,0.0009693480750054828,-0.012396690958014212,0.009301266569441413,0.014885293820046774,0.004813180823553198,0.0025046624297864195
2026-08-13,0.02067658001361483,0.004750170171287094,0.010813330384879194,0.0004916040405413824,0.0058701685658923974,-0.0003561954270014933,-0.0004842457193631189,-0.0051350408589032615,0.014160423233314567,0.010113330805552767,0.004562061182557864,0.006977455651952402
2026-08-14,0.003553921684928074,-0.00211059524222057,0.0010464690452398617,0.013920708401636173,-0.0017164173876079714,-0.005998394918256156,0.0038753498397205988,0.004396855977789382,0.003324501982044703,-0.003983906005157634,0.006130800457555763,-0.0019797115463531245
2026-08-17,-0.018857877919146948,-0.012267317983748471,-0.016378163464902618,0.01082219326916345,-0.00997245560314819,-0.0019118842968576244,-0.0010186434411707523,-0.005709920666786439,-0.009719430577861288,0.0016315605828389756,-0.0029338989863718634,-0.004727366641364417
2026-08-18,-0.0030680052231267796,-0.0033404658642264273,0.010628265501126721,0.01757747590181813,0.004515427462056465,0.016043056730450367,-0.014759552876222659,-0.008805568231050276,-0.0044613150740696605,-0.024695313294227472,-0.0036215447330670836,-0.006755757074274671
2026-08-19,0.007603152718748563,0.019164624577534317,0.011217563261658015,-0.0015703277896021994,-0.006224076926034661,0.03505565956528667,-0.008825027571717214,0.014291264888222965,0.008066336583817835,-0.010666931255380319,0.0,0.00209783741736147
2026-08-20,-0.005749186052847244,-0.01610587816591902,-0.014097541111583567,0.002673767915216896,-0.009220577305457889,-0.018727193893982697,-0.011981273494614975,-0.0019040801208443092,0.0020004478601958198,-0.0029404992808078623,-0.005679236651527808,-0.008399893367440514
2026-08-21,0.006505251343674301,0.011484370366694252,0.0078527680654219,-0.0017254997702206287,0.009306387571495378,0.012935760400454965,0.0026700546038347373,0.021365944023354455,0.0,0.0011468675482151358,-0.02284669841310516,0.0040912604472485015
2026-08-24,0.008258511277772218,0.002372533610030869,0.01697870823052794,-0.008328076435888287,0.012874072448853191,0.00045814816911993184,-0.006934812760055475,0.0007471220553481039,0.005545696314230852,-0.017784051880715857,0.010521411225698607,-0.0029384110198065194
2026-08-25,0.007656700611540224,-0.0029586313988723134,-0.010634652231334085,-0.016637604609503365,0.001545863117500046,0.0033771971848712834,-0.0033519894051152743,0.0,0.0006617864126430284,0.009386294988956045,0.002082372745162653,0.003195937672779925
2026-08-26,-0.00503622277157878,-0.006697696537283249,-0.0028895054288011757,0.0059619549419476225,-0.0008575381680699934,-0.009983456369602406,0.010874453518938676,0.0016796628371607003,-0.005952390964078957,0.006052552060519911,0.004617800551849571,0.0002220155779071309
2026-08-27,-0.010656220066940336,-0.010925284812920988,-0.01379384326320543,-0.0022425018254698115,-0.006522438454611534,-0.011294177313044385,-0.008539388474021248,-0.008198223248004122,-0.009536489326250397,0.03155767002859644,-0.007584418043843133,0.006552786111251541
2026-09-01,-0.0052036769766624635,-0.017154130395576783,0.0031771785408429842,0.012664127113635182,-0.00883726095345616,0.006626040385240062,-0.013704157416539742,-0.011766918733045584,-0.0015869347960922875,-0.015335123916094151,0.007814393431963884,-0.0068704238054380085
2026-09-02,0.013888897489847896,0.0023562639068839264,0.003284443158907635,0.005094979900543306,0.008041941928971008,0.007456158868465623,0.0002894867885985253,0.016900347095694546,-0.007039086440657094,-0.00021778090974589048,0.002584511092692976,0.004436902672253051
